LLY US Equity,"""=BDH($A$1, $B7, ""19900101"","""",""sort=a"",""dir=h"",""per=cy"")",Unnamed: 2,Unnamed: 3,Unnamed: 4,Unnamed: 5,Unnamed: 6,Unnamed: 7,Unnamed: 8,Unnamed: 9,Unnamed: 10,Unnamed: 11,Unnamed: 12,Unnamed: 13,Unnamed: 14,Unnamed: 15,Unnamed: 16,Unnamed: 17,Unnamed: 18,Unnamed: 19,Unnamed: 20,Unnamed: 21,Unnamed: 22,Unnamed: 23,Unnamed: 24,Unnamed: 25,Unnamed: 26,Unnamed: 27,Unnamed: 28,Unnamed: 29,Unnamed: 30,Unnamed: 31,Unnamed: 32,Unnamed: 33,Unnamed: 34,Unnamed: 35
,"""=""=BDH($A$1, B"" & ROW() & "", """"19900101"""","""""""",""""sort=a"""",""""dates=h"""",""""dir=h"""",""""per=cy"""")""",,,,,,,,,,,,,,,,,,,,,,,,,,,,,,,,,,
,,,,,,,,,,,,,,,,,,,,,,,,,,,,,,,,,,,
date,,,,,,,,,,,,,,,,,,,,,,,,,,,,,,,,,,,
,,,,,,,,,,,,,,,,,,,,,,,,,,,,,,,,,,,
date,,1990-12-31 00:00:00,1991-12-31 00:00:00,1992-12-31 00:00:00,1993-12-31 00:00:00,1994-12-30 00:00:00,1995-12-29 00:00:00,1996-12-31 00:00:00,1997-12-31 00:00:00,1998-12-31 00:00:00,1999-12-31 00:00:00,2000-12-29 00:00:00,2001-12-31 00:00:00,2002-12-31 00:00:00,2003-12-31 00:00:00,2004-12-31 00:00:00,2005-12-30 00:00:00,2006-12-29 00:00:00,2007-12-31 00:00:00,2008-12-31 00:00:00,2009-12-31 00:00:00,2010-12-31 00:00:00,2011-12-30 00:00:00,2012-12-31 00:00:00,2013-12-31 00:00:00,2014-12-31 00:00:00,2015-12-31 00:00:00,2016-12-30 00:00:00,2017-12-29 00:00:00,2018-12-31 00:00:00,2019-12-31 00:00:00,2020-12-31 00:00:00,2021-12-31 00:00:00,2022-12-30 00:00:00,2023-12-29 00:00:00
"  + Cash, Cash Equivalents & STI",CASH_CASH_EQTY_STI_DETAILED,750.8,782.4,728.3,987.1,746.7,1084.1,955.1,2024.6,1597.1,3836,4618.2,3731,3654.7,3713.3,7464.4,5037.7,3891,4831.2,5926.1,4497.6,6727,6897.1,5684.3,5397.3,4827,4451.8,6038.6,8034.1,7408.9,2438.5,3681.3,3908.6,2211.8,2927.7
    + Cash & Cash Equivalents,BS_CASH_NEAR_CASH_ITEM,350.2,479.2,432.4,539.6,536.9,999.5,813.7,1947.5,1495.7,3700.4,4114.9,2702.3,1945.9,2756.3,5365.3,3006.7,3109.3,3220.5,5496.7,4462.9,5993.2,5922.5,4018.8,3830.2,3871.6,3666.4,4582.1,6536.2,7320.7,2337.5,3657.1,3818.5,2067,2818.6
    + ST Investments,BS_MKT_SEC_OTHER_ST_INVEST,400.6,303.2,295.9,447.5,209.8,84.6,141.4,77.1,101.4,135.6,503.3,1028.7,1708.8,957,2099.1,2031,781.7,1610.7,429.4,34.7,733.8,974.6,1665.5,1567.1,955.4,785.4,1456.5,1497.9,88.2,101,24.2,90.1,144.8,109.1
  + Accounts & Notes Receiv,BS_ACCT_NOTE_RCV,770.7,834.7,898.6,950.1,1550.2,1520.5,1474.6,1544.3,1967.9,1443.2,1630.7,1406.2,1670.3,1854.7,2058.7,2313.3,2298.6,2673.9,2778.8,3334.5,3480.1,3575.4,3325.3,3407.6,3123,3429.8,3995.2,4544.7,4524.7,4528.9,5834.2,6658.1,6638.9,8492.8
"    + Accounts Receivable, Net",BS_ACCTS_REC_EXCL_NOTES_REC,,,,,,,,1544.3,1967.9,1443.2,1630.7,1406.2,1670.3,1854.7,2058.7,2313.3,2298.6,2673.9,2778.8,3334.5,3480.1,3575.4,3325.3,3407.6,3123,3429.8,3995.2,4544.7,4524.7,4528.9,5834.2,6658.1,6638.9,8492.8
"    + Notes Receivable, Net",NOTES_RECEIVABLE,,,,,,,,,,,,,,,,,,,,0,0,0,0,0,0,0,0,0,0,0,0,0,0,0
  + Unbilled Revenues,BS_UNBILLED_REVENUES,,,,,,,,,,,,,,,,,,,,,,,,,,,,,,,,,,
  + Inventories,BS_INVENTORIES,673,796.9,938.4,1103,968.9,839.6,881.4,900.7,999.9,899.6,883.1,1060.2,1495.4,1963,2291.6,1878,2270.3,2523.7,2493.2,2849.9,2517.7,2299.8,2643.8,2928.8,2740,3445.8,3561.9,4458.3,3098.1,3190.7,3980.3,3886,4309.7,5772.8
    + Raw Materials,INVTRY_RAW_MATERIALS,,,,,239,154,171.7,191,236.3,224.7,230.1,264.9,242.7,315.9,,214.7,187,202.7,236.3,227.8,220.8,205.8,256.1,259,315,403,435.3,488.8,426.1,424.6,651.2,717.2,801.9,1630.1
    + Work In Process,INVTRY_IN_PROGRESS,,,,,515.1,446.4,423.4,459.4,435.8,372.7,380.6,489.6,816.3,1169,,1272.4,1551.5,1803,1657.1,1830.1,1714.2,1518.2,1735.8,1868.3,1715.4,2058.1,2117.2,2697.7,2057.8,2067.6,2535.4,2372.7,2597.7,3248.6
    + Finished Goods,INVTRY_FINISHED_GOODS,,,,,214.8,239.2,286.3,262,325.1,295.1,284.3,315.1,482.9,542.1,,471.3,644.5,653.4,771,938.3,800.8,786.4,834.4,968.1,838,1053.4,987.3,1211.4,577.8,647.3,758.9,761.9,901.2,791.7
    + Other Inventory,BS_OTHER_INV,,,,,,,,-11.7,2.7,7.1,-11.9,0,-46.5,-64,,-80.4,-112.7,-135.4,-171.2,-146.3,-218.1,-210.6,-182.5,-166.6,-128.4,-68.7,22.1,60.4,36.4,51.2,34.8,34.2,8.9,102.4
  + Other ST Assets,OTHER_CURRENT_ASSETS_DETAILED,306.8,525.3,440.7,656.9,696.5,694.4,580.2,851.1,841.9,876.7,811,741.5,983.7,1227.7,1021.1,1566.8,1234.5,2287.3,1255.2,1804.5,2115.2,1475.9,1385.3,1371,1238.3,1246.2,1505.7,2165,5517.9,3551.5,3966.3,3999.7,4874.1,8533.7
    + Prepaid Expenses,BS_PREPAY,,,,,,,,,,,,,,,,,,,,714.3,828.3,158.5,,,,,,,,,,,,
    + Derivative & Hedging Assets,BS_DERIV_HEDGING_ASST_ST,,,,,,,,,,,,,,,,,,,,8.8,13.7,22.3,11,26.8,111.6,83.2,34.2,1.6,69.2,18.4,41.1,14.7,257.1,597.7
    + Taxes Receivable,BS_TAXES_RECEIVABLE_SHORT_TERM,,,,,,,,,,,,,,,,,,,,,,,,,,,,,,,,,,
    + Misc ST Assets,BS_OTHER_CUR_ASSET_LESS_PREPAY,,,,,,,,,,,,,,,,,,,,1081.4,1273.2,1295.1,1374.3,1344.2,1126.7,1163,1471.5,2163.4,3219.6,3533.1,3925.2,3985,4617,7936
Total Current Assets,BS_CUR_ASSET_REPORT,2501.3,2939.3,3006,3697.1001,3962.3,4138.6001,3891.3,5320.7,5406.8,7055.5,7943,6938.9,7804.1,8758.7,12835.8,10795.8,9694.4,12316.1,12453.3,12486.5,14840,14248.2,13038.7,13104.7,11928.3,12573.6,15101.4,19202.1,20549.6,13709.6,17462.1,18452.4,18034.5,25727
"  + Property, Plant & Equip, Net",BS_NET_FIX_ASSET,2936.7,3782.5,4072.1001,4200.2002,4411.5,4239.2998,4307,4101.7,4096.3,3981.5,4176.6,4532.4,5293,6539,7550.9,7912.5,8152.3,8575.1,8626.3,8197.4,7940.7,7760.3,7760.2,7975.5,7963.9,8053.5,8252.6,8826.5,7996.1,7872.9,8681.9,8985.1,10144,12913.6
"    + Property, Plant & Equip",BS_GROSS_FIX_ASSET,4515.7998,5568.6001,6148.1001,6566.5,7026.3999,6828.2998,7096.3999,7034.9,7274.5,7347.3,7784.7,8415.4,9546.1,11068,,13136,13716.7,14841.3,15315.9,15100,14486.6,14594.1,14918,15646.7,16029.3,16660.9,16777.6,18091.1,16663,17034.5,18252.6,18961.8,20377.4,24012.9
    - Accumulated Depreciation,BS_ACCUM_DEPR,1579.1,1786.1,2076,2366.3,2614.8999,2589,2789.3999,2933.2,3178.2,3365.8,3608.1,3883,4253.1,4529,,5223.5,5564.4,6266.2,6689.6,6902.6,6545.9,6833.8,7157.8,7671.2,8065.4,8607.4,8525,9264.6,8666.9,9161.6,9570.7,9976.7,10233.4,11099.3
  + LT Investments & Receivables,BS_LT_INVEST,480.7,276.2,242.5,221.7,464.1,573.8,443.5,,,180.3,,2710.9,3150.4,3374.6,561.4,1296.6,1001.9,577.1,1544.6,1155.8,1779.5,4029.8,6313.3,7624.9,4568.9,3646.6,5207.5,5678.8,2005.4,1962.4,2495,2441.1,2120.7,2089.9
    + LT Investments,BS_LONG_TERM_INVESTMENTS,,,,,,,,,,,,,,,,,,,,1155.8,1779.5,4029.8,6313.3,7624.9,4568.9,3646.6,5207.5,5678.8,2005.4,1962.4,2495,2441.1,2120.7,2089.9
    + LT Receivables,BS_LT_RECEIVABLES,,,,,,,,,,,,,,,,,,,,,,,,,,,,,,,,,,
  + Other LT Assets,BS_OTHER_ASSETS_DEF_CHRG_OTHER,1224.1,1300.6,1352.2,1504.6,5669.5,5460.7998,5665.3999,3155,3092.4,1607.9,2571.2,2251.9,2794.5,3005.8,3918.9,4575.9,3106.8,5406.5,6588.4,5621.2,6441.2,7621.5,7286.7,6543.6,11846.5,11295.2,10244.4,11273.6,13357.3,15741.2,17994.1,18927.4,19190.6,23275.8
    + Total Intangible Assets,BS_DISCLOSED_INTANGIBLES,,,,,4411.5,4105.2002,4028.2,1550.5,1517.9,118.6,,93.1,94.7,,,139.6,130,745.7,1167.5,3699.8,4818.8,5128.1,4752.7,4331.1,4642.3,9074.7,8330.6,8399.3,2434.6,10297.4,11216.5,11583.9,11279.6,11846.3
    + Goodwill,BS_GOODWILL,,,,,,,,1550.5,1517.9,118.6,,,,,,,,745.7,1167.5,1175,1423.9,1434.7,1501.3,1516.8,1758.1,4039.9,3972.7,4370.1,1366.6,3679.4,3766.5,3892,4073,4939.7
    + Other Intangible Assets,OTHER_INTANGIBLE_ASSETS_DETAILED,,,,,,,,0,0,0,,,,,,,,0,0,2524.8,3394.9,3693.4,3251.4,2814.3,2884.2,5034.8,4357.9,4029.2,1068,6618,7450,7691.9,7206.6,6906.6
    + Prepaid Expense,BS_PREPAID_EXPENSE_LT,,,,,,,,,,,,,,,,,,,,,,,,,,,,,,,,,,
    + Deferred Tax Assets,BS_DEFERRED_TAX_ASSETS_LT,,,,,,,,,,,,,,,,,,,,,,,,,,,,1166.4,2613.7,2572.6,2830.4,2489.3,2792.9,5477.3
    + Derivative & Hedging Assets,BS_DERIV_HEDGING_ASST_LT,,,,,,,,,,,,,,,,,,,,134.9,278.3,531.7,589.4,278.7,149.5,427.2,37,35.1,12.7,163.4,231.4,192,299.1,294.7
    + Investments in Affiliates,BS_INVEST_IN_ASSOC_CO,,,,,,,,,,,,,,,,,,,,,,,,,,,,,,,471.8,771.5,781.1,962.3
    + Misc LT Assets,OTHER_NONCURRENT_ASSETS_DETAILED,1224.1,1300.6,1352.2,1504.6,1258,1355.5996,1637.2,1604.5,1574.5,1489.3,2571.2,2158.8,2699.8,3005.8,3918.9,4436.3,2976.8,4660.8,5420.9,1786.5,1344.1,1961.7,1944.6,1933.8,7054.7,1793.3,1876.8,1672.8,1812.2,2707.8,3244,3890.7,4037.9,4695.2
Total Noncurrent Assets,BS_TOT_NON_CUR_ASSET,4641.4999,5359.3,5666.8,5926.5002,10545.1,10273.8996,10415.8999,7256.7,7188.7,5769.7,6747.8,9495.2,11237.9,12919.4,12031.2,13785,12261,14558.7,16759.3,14974.4,16161.4,19411.6,21360.2,22144,24379.3,22995.3,23704.5,25778.9,23358.8,25576.5,29171,30353.6,31455.3,38279.3
Total Assets,BS_TOT_ASSET,7142.7998,8298.5996,8672.7998,9623.5996,14507.4004,14412.5,14307.2002,12577.4,12595.5,12825.2,14690.8,16434.1,19042,21678.1,24867,24580.8,21955.4,26874.8,29212.6,27460.9,31001.4,33659.8,34398.9,35248.7,36307.6,35568.9,38805.9,44981,43908.4,39286.1,46633.1,48806,49489.8,64006.3
,,#N/A Mandatory parameter [FIELDS] cannot be empty,,,,,,,,,,,,,,,,,,,,,,,,,,,,,,,,,
Cash from Operating Activities,,#N/A Mandatory parameter [FIELDS] cannot be empty,,,,,,,,,,,,,,,,,,,,,,,,,,,,,,,,,
  + Net Income,CF_NET_INC,1127.3,1314.7,708.7,480.2,1286.1,2290.8999,1523.5,-385.1,2097.8999,2721,3057.8,2780,2707.9,2560.8,1810.1,1979.6,2662.7,2953,-2071.9,4328.8,5069.5,4347.7,4088.6,4684.8,2390.5,2408.4,2737.6,-204.1,3232,8318.4,6193.7,5581.7,6244.8,5240.4
Cash from Operating Activities,CF_CASH_FROM_OPER,1474.4,1254.6,1483.5,1516.9,1532.3,1824.6,1991.4,2400.4,2629.8,2619.7,3731.5,3661.6,2070.7,3646.7,2869.5,1913.6,3975.9,5154.5,7295.6,4335.5,6856.8,7234.5,5304.8,5735,4458.4,2964.6,4851,5615.6,5524.5,4836.6,6499.6,7260.7,7585.7,4240.1
,,#N/A Mandatory parameter [FIELDS] cannot be empty,,,,,,,,,,,,,,,,,,,,,,,,,,,,,,,,,
Cash from Investing Activities,,#N/A Mandatory parameter [FIELDS] cannot be empty,,,,,,,,,,,,,,,,,,,,,,,,,,,,,,,,,
  + Change in Fixed & Intang,FIXED_INTANG_ASST_CHANGE,-986.2,-1113.9,-902.3,-628.1,-517.8,-529.8,-432.7,-354.8,-389.3,-450,-672.8,-852.4,-1094.1,-1645.4,-1877.6,-1287,-1012.6,-1050.1,-921.5,-747.3,-1112.1,-1279.6,-1022.2,-856.8,-1455.6,-563.6,-963.6,-1036.1,-1210.6,-679.1,-1387.9,-1309.8,-1854.3,-3447.6
    + Disp in Fixed & Intang,DISPOSAL_OF_FIXED_INTANG,21.1,28.5,10.6,5.4,58.7,21.5,11.2,11.5,30.6,78.3,5.1,31.6,36.8,61.2,20.5,11.1,65.2,32.3,25.7,17.7,24.6,25.3,22,179.4,15.3,502.6,73.4,40.7,0,354.8,0,0,0,0
    + Acq of Fixed & Intang,ACQUIS_OF_FIXED_INTANG,-1007.3,-1142.4,-912.9,-633.5,-576.5,-551.3,-443.9,-366.3,-419.9,-528.3,-677.9,-884,-1130.9,-1706.6,-1898.1,-1298.1,-1077.8,-1082.4,-947.2,-765,-1136.7,-1304.9,-1044.2,-1036.2,-1470.9,-1066.2,-1037,-1076.8,-1210.6,-1033.9,-1387.9,-1309.8,-1854.3,-3447.6
  + Net Change in LT Investment,NET_CHG_IN_LT_INVEST_DETAILED,-2.9,359.1,24,-112.4,236.5,57.9,102.6,-388.5,215.5,53.3,-249.3,-2742.7,-412.4,-242.9,2881.6,-638,194.5,49.4,-815.1,675.5,-482.5,-2320.9,-3262.9,-2806.9,1206.7,-158.1,-2260,-2025.6,2671.6,362.3,398.4,-129.9,-258,-222.7
    + Dec in LT Investment,CF_DECR_INVEST,501.5,1301.7,764.2,889.3,1387,430.8,396.9,,273.1,216.1,983.9,319,4777.9,6762.4,14849.3,545.1,1507.7,800.1,1597.3,1107.8,584.7,2138.5,4355.7,11235,11009.4,3068.4,2086,2586,3509.5,609.8,757.1,800,342.2,508.1
    + Inc in LT Investment,CF_INCR_INVEST,-504.4,-942.6,-740.2,-1001.7,-1150.5,-372.9,-294.3,-388.5,-57.6,-162.8,-1233.2,-3061.7,-5190.3,-7005.3,-11967.7,-1183.1,-1313.2,-750.7,-2412.4,-432.3,-1067.2,-4459.4,-7618.6,-14041.9,-9802.7,-3226.5,-4346,-4611.6,-837.9,-247.5,-358.7,-929.9,-600.2,-730.8
  + Net Cash From Acq & Div,CF_NT_CSH_RCVD_PD_FOR_ACQUIS_DIV,,,,,,,,,,,,,,,,,,,,-90,-659.4,-695.8,-199.3,-100.8,-646.4,-5843.1,-100,-1968.9,-1807.6,-7237.3,-1490.5,-1310.8,-1458.2,-4988.8
    + Cash from Divestitures,CF_CASH_FOR_DIVESTITURES,,,,,,,,,,,,,,,,,,,,0,0,0,0,0,0,0,0,0,0,0,0,0,0,0
    + Cash for Acq of Subs,CF_CASH_FOR_ACQUIS_SUBSIDIARIES,,,,,,,,,,,,,,,,,,,,-90,-659.4,-695.8,-199.3,-100.8,-646.4,-5843.1,-100,-1968.9,-1807.6,-7237.3,-1490.5,-1310.8,-1458.2,-4988.8
    + Cash for JVs,CF_CASH_FOR_JOINT_VENTURES_ASSOC,,,,,,,,,,,,,,,,,,,,0,0,0,0,0,0,0,0,0,0,0,0,0,0,0
  + Other Investing Activities,OTHER_INVESTING_ACT_DETAILED,-66.8,-100.9,-49.9,-126.2,-4123.7,-90.9,-137.9,1553,-120.1,1483.4,-134.4,-369.7,-967.9,556.8,-1688.8,-290.9,1426.5,-3327.4,-5532.2,304.6,-905.8,-528.1,1651.6,1691.7,-3013.8,6591.6,184.5,1247,2252.6,-528.8,221.1,-11.8,-192.4,1506.4
  + Net Cash From Disc Ops,CF_NET_CASH_DISCONTINUED_OPS_INV,,,,,,,,,,,,,,,,,,,,0,0,0,0,0,0,0,0,0,,,,0,0,0
Cash from Investing Activities,CF_CASH_FROM_INV_ACT,-1055.9,-855.7,-928.2,-866.7,-4405,-562.8,-468,809.7,-293.9,1086.7,-1056.5,-3964.8,-2474.4,-1331.5,-684.8,-2215.9,608.4,-4328.1,-7268.8,142.8,-3159.8,-4824.4,-2832.8,-2072.8,-3909.1,26.8,-3139.1,-3783.6,1906,-8082.9,-2258.9,-2762.3,-3762.9,-7152.7
,,#N/A Mandatory parameter [FIELDS] cannot be empty,,,,,,,,,,,,,,,,,,,,,,,,,,,,,,,,,
Cash from Financing Activities,,#N/A Mandatory parameter [FIELDS] cannot be empty,,,,,,,,,,,,,,,,,,,,,,,,,,,,,,,,,
  + Dividends Paid,CF_DVD_PAID,-450.1,-582.7,-643.7,-708.4,-723.1,-747.2,-753.2,-818,-877.7,-1000.5,-1126,-1207.2,-1335.8,-1443,-1539.8,-1654.9,-1736.3,-1853.6,-2056.7,-2152.1,-2165.3,-2180.1,-2187.4,-2120.7,-2101.2,-2127.3,-2158.5,-2192.1,-2311.8,-2409.8,-2687.1,-3086.8,-3535.8,-4069.3
  + Cash From (Repayment) Debt,PROC_FR_REPAYMNTS_BOR_DETAILED,1102.3,-621.3,97.6,191.3,3428.4001,34.8,-811.8,-1150.7,-176.4,690.6,-229.1,594.7,1234.4,42.7,1639,6.6,-2789.9,984.6,4410.8,-3424.2,124,-195.8,-1511.1,-10.5,2638.7,-181.6,2499.6,2998.9,-729.3,4685.4,291.6,501.4,-62,8649.9
  + Cash (Repurchase) of Equity,PROC_FR_REPURCH_EQTY_DETAILED,-1045.9,925.8,-42.5,-6,132,-101.3,-96.1,-145.9,-1758.6001,-1142.8,-874.4,-436.2,-320.6,-178,104.5,-272,-62.5,24.7,0,0,0,0,-721.1,-1698.1,-800,-749.5,-600.1,-299.8,-4150.7,-4400,-500,-1250,-1500,-750
    + Increase in Capital Stock,CF_INCR_CAP_STOCK,21.3,995,26,19.8,243,54.7,218.4,205.4,414,310.2,178.4,109.5,64.6,103.1,104.5,105.9,59.6,24.7,0,0,0,0,0,0,0,0,0,0,0,0,0,0,0,0
    + Decrease in Capital Stock,CF_DECR_CAP_STOCK,-1067.2,-69.2,-68.5,-25.8,-111,-156,-314.5,-351.3,-2172.6001,-1453,-1052.8,-545.7,-385.2,-281.1,0,-377.9,-122.1,0,0,0,0,0,-721.1,-1698.1,-800,-749.5,-600.1,-299.8,-4150.7,-4400,-500,-1250,-1500,-750
  + Other Financing Activities,OTHER_FIN_AND_DEC_CAP,2.4,8.3,-13.5,-19.9,32.7,14.5,-48.1,38.3,25,-49,-31,-60.7,69.3,73.5,220.6,-136,107,129.1,-104.7,42.6,19.4,6,0,0,96.1,-52.6,-300.8,-364.4,1286.9,-200.1,-241.6,-295.9,-308.9,-335
  + Net Cash From Disc Ops,CF_NET_CASH_DISCONTINUED_OPS_FIN,,,,,,,,,,,,,,,,,,,,0,0,0,0,0,0,0,0,0,,,,0,0,0
Cash from Financing Activities,CFF_ACTIVITIES_DETAILED,-391.3,-269.9,-602.1,-543,2870.0001,-799.2,-1709.2,-2076.3,-2787.7001,-1501.7,-2260.5,-1109.4,-352.7,-1504.8,424.3,-2056.3,-4481.7,-715.2,2249.4,-5533.7,-2021.9,-2369.9,-4419.6,-3829.3,-166.4,-3111,-559.8,142.6,-5904.9,-2324.5,-3137.1,-4131.3,-5406.7,3495.6
,,#N/A Mandatory parameter [FIELDS] cannot be empty,,,,,,,,,,,,,,,,,,,,,,,,,,,,,,,,,
  Effect of Foreign Exchange Rates,CF_EFFECT_FOREIGN_EXCHANGES,,,,,,,,,,,,,,,,,,,,21.6,-144.8,-110.9,43.9,-21.5,-341.5,-85.6,-236.4,-20.5,-63.6,-89.9,216,-205.7,-167.6,168.6
,,#N/A Mandatory parameter [FIELDS] cannot be empty,,,,,,,,,,,,,,,,,,,,,,,,,,,,,,,,,
Net Changes in Cash,CF_NET_CHNG_CASH,27.2,129,-46.8,107.2,-2.7,462.6,-185.8,1133.8,-451.8,2204.7,414.5,-1412.6,-756.4,810.4,2609,-2358.6,102.6,111.2,2276.2,-1033.8,1530.3,-70.7,-1903.7,-188.6,41.4,-205.2,915.7,1954.1,1462,-5660.7,1319.6,161.4,-1751.5,751.6
,,#N/A Mandatory parameter [FIELDS] cannot be empty,,,,,,,,,,,,,,,,,,,,,,,,,,,,,,,,,
Cash Paid for Taxes,CF_CASH_PAID_FOR_TAX,,,,,,,289,542,273,252,294,320,864,614,,1780,864,1010,-52,1140,861,943,992,1260,729.7,969,700.6,246.5,1076.7,1180.5,954.6,1598.8,2672.9,5558.8
,,#N/A Mandatory parameter [FIELDS] cannot be empty,,,,,,,,,,,,,,,,,,,,,,,,,,,,,,,,,
Reference Items,,#N/A Mandatory parameter [FIELDS] cannot be empty,,,,,,,,,,,,,,,,,,,,,,,,,,,,,,,,,
Net Cash Paid for Acquisitions,CF_NET_CASH_PAID_FOR_AQUIS,,,,,,,,,,,,0,0,0,101.6,0,,2784.2,6205,90,659.4,695.8,199.3,100.8,646.4,5843.1,100,1968.9,1807.6,7237.3,1490.5,1310.8,1458.2,4988.8
Free Cash Flow,CF_FREE_CASH_FLOW,467.1,112.2,570.6,883.4,955.8,1273.3,1547.5,2034.1,2209.9001,2091.4,3053.6,2777.6,939.8,1940.1,971.4,615.5,2898.1,4072.1,6348.4,3570.5,6162.5,6562.5,4399.4,4722.9,3295.8,1898.4,3814,4538.8,4313.9,3802.7,5111.7,5950.9,5731.4,792.5
Free Cash Flow to Firm,CF_FREE_CASH_FLOW_FIRM,513.9122,140.0443,620.7894,932.9095,1028.2205,1485.1711,1764.1036,1857.4008,2352.5114,2235.6298,3198.0624,2893.4687,1002.2171,1987.9918,1003.1486,692.986,3083.5853,4245.9986,,3781.6157,6306.617,6713.6678,4533.8168,4850.2558,3414.3569,2037.552,3964.2678,4517.9014,4521.5086,4155.5253,5419.7616,6259.0247,6035.6395,1180.9768
Free Cash Flow to Equity,FREE_CASH_FLOW_EQUITY,1590.5,-480.6001,678.8,1080.1,4442.9001,1329.6,743.3,,,2860.3,,,2211,2044,2630.9,633.2,173.4,5089,,,6311.1,6392,2910.3,4891.8,5949.8,1809.4,6387,7578.4,3584.6,8842.9,5403.3,6452.3,5669.4,9442.4
Free Cash Flow per Basic Share,FREE_CASH_FLOW_PER_SH,0.4027,0.0953,0.4844,0.7505,0.8263,1.1188,1.4146,1.8473,2.0166,1.9229,2.8233,2.5778,0.8727,1.8022,0.8962,0.5653,2.668,3.7344,5.8003,3.2508,5.5729,5.8913,3.9521,4.3695,3.0804,1.7877,3.6038,4.3144,4.1975,4.0843,5.6319,6.5613,6.356,0.8804
Price to Free Cash Flow,PX_TO_FREE_CASH_FLOW,45.4774,218.9457,31.3522,19.7798,19.8556,25.1376,25.8017,37.6894,44.0709,34.5839,32.9619,30.4675,72.765,39.0256,63.3216,100.1017,19.5276,14.2968,6.9428,10.9849,6.2875,7.0544,12.4794,11.6718,22.3966,47.1327,20.4089,19.5765,27.5685,32.1795,29.9792,42.0981,57.5586,662.1243
Cash Flow to Net Income,CASH_FLOW_TO_NET_INC,1.3079,0.9543,2.0933,3.1589,1.1914,0.7965,1.3071,,1.2535,0.9628,1.2203,1.3171,0.7647,1.424,1.5853,0.9667,1.4932,1.7455,,1.0015,1.3526,1.664,1.2975,1.2242,1.865,1.2309,1.772,,1.7093,0.5814,1.0494,1.3008,1.2147,0.8091
,,#N/A Mandatory parameter [FIELDS] cannot be empty,,,,,,,,,,,,,,,,,,,,,,,,,,,,,,,,,
Revenue,SALES_REV_TURN,5191.6001,5725.7002,6167.2998,5198.5,5711.6001,6763.7998,7346.6001,8517.6,9236.7998,10002.9,10862.2,11542.5,11077.5,12582.5,13857.9,14645.3,15691,18633.5,20378,21836,23076,24286.5,22603.4,23113.1,19615.6,19958.7,21222.1,22871.3,21493.3,22319.5,24539.8,28318.4,28541.4,34124.1
    + Sales & Services Revenue,IS_SALES_AND_SERVICES_REVENUES,,,,,,,,,,,,,,,,,,,,21836,23076,24286.5,22603.4,23113.1,19615.6,19958.7,21222.1,22871.3,21493.3,22319.5,24539.8,28318.4,28541.4,34124.1
  - Cost of Revenue,IS_COGS_TO_FE_AND_PP_AND_G,1523.3,1654.2,1897,1448,1679.7,1885.7,2118.3999,2362.9,2015.1,2098,2055.7,2160.2,2176.5,2675.1,3223.9,3474.2,3546.5,4248.8,4382.8,4247,4366.2,5067.9,4796.5,4908.1,4932.5,5037.2,5654.9,6150.8,4681.7,4721.2,5483.3,7312.8,6629.8,7082.2
    + Cost of Goods & Services,IS_COG_AND_SERVICES_SOLD,,,,,,,,,,,,,,,,,,4248.8,4376.7,4247,4366.2,5067.9,4796.5,4908.1,4932.5,5037.2,5654.9,6150.8,4681.7,4721.2,5483.3,7312.8,6629.8,7082.2
Gross Profit,GROSS_PROFIT,3668.3,4071.5002,4270.2998,3750.5,4031.9001,4878.0999,5228.2002,6154.7,7221.6998,7904.9,8806.5,9382.3,8901,9907.4,10634,11171.1,12144.5,14384.7,15995.2,17589,18709.8,19218.6,17806.9,18205,14683.1,14921.5,15567.2,16720.5,16811.6,17598.3,19056.5,21005.6,21911.6,27041.9
  + Other Operating Income,IS_OTHER_OPER_INC,,,,,,,,,,,,,,,,,,0,0,0,0,0,0,0,0,0,0,0,0,0,0,0,0,0
  - Operating Expenses,IS_OPERATING_EXPN,2128.8999,2303.2,2549.1001,2087.3999,2295.3999,2896.3,3181.3999,3696.4,4397.2002,4541.2,5246.8,5652.5,5573.3,6405.6,6975.3,7522.5,8019.1,9581.8,10467.3,12001.7,12179.6,13690.1,13072.7,12834.6,12023.3,12232.1,12108.4,14823.6,13277.1,12624,12998.5,14648.5,14784.3,20584
"    + Selling, General & Admin",IS_SGA_EXPENSE,,,,,,,,2314.4,,2757.6,,,,4055.4,4284.2,4497,4889.8,6095.1,6626.4,6892.5,7053.4,7879.9,7513.5,7125.6,6620.8,6533,6452,6680.1,5975.1,6213.8,6121.2,6431.6,6440.4,7403.1
    + Selling & Marketing,IS_SELLING_EXPENSES,,,,,,,,,,,,,,,,,,,,,,,,,,,,,,,,,,
    + General & Administrative,IS_GENERAL_AND_ADMINISTRATIVE,,,,,,,,,,,,,,,,,,,,,,,,,,,,,,,,,,
    + Research & Development,IS_OPERATING_EXPENSES_RD,,,,,,,,,,,,,,,,,,,,4326.5,4884.2,5020.8,5278.1,5531.3,4733.6,4796.4,5243.9,5357.3,5051.2,5595,5976.3,6930.7,7190.8,9313.4
    + Other Operating Expense,IS_OTHER_OPERATING_EXPENSES,,,,,,,,,,,,,,,,,,,,782.7,242,789.4,281.1,177.7,668.9,902.7,412.5,2786.2,2250.8,815.2,901,1286.2,1153.1,3867.5
Operating Income (Loss),IS_OPER_INC,1539.4,1768.3,1721.2,1663.1,1736.5,1981.8,2046.8,2458.3,2824.5,3363.7,3559.7,3729.8,3327.7,3501.8,3658.7,3648.6,4125.4,4802.9,5527.9,5587.3,6530.2,5528.5,4734.2,5370.4,2659.8,2689.4,3458.8,1896.9,3534.5,4974.3,6058,6357.1,7127.3,6457.9
  - Non-Operating (Income) Loss,IS_NONOP_INCOME_LOSS,,,,,,,,,,,,,,,,,,,,229.5,5,179,-674,-518.9,-340.5,-100.6,84.8,-300.5,-145.6,-291.6,-1171.9,201.6,320.9,-96.7
"    + Interest Expense, Net",IS_NET_INTEREST_EXPENSE,,,,,,,,234.1,181.3,,182.3,146.5,79.7,61,,-106.9,-23.8,13,17.6,186.1,133.6,106.1,72.8,40.4,27.8,74.2,76.5,57.7,83.2,320.2,326.6,314.4,268.8,312.3
    + Interest Expense,IS_INT_EXPENSE,66.4,39.8,71.7,70.6,103.8,286.3,288.8,234.1,181.3,183.8,182.3,146.5,79.7,61,51.6,105.2,238.1,228.3,228.3,261.3,185.5,186,177.8,160.1,148.8,161.2,185.2,225,242.5,400.6,359.6,339.8,331.6,485.9
    - Interest Income,IS_INT_INC,,,,,,,,,,,,,,,,212.1,261.9,215.3,210.7,75.2,51.9,79.9,105,119.7,121,87,108.7,167.3,159.3,80.4,33,25.4,62.8,173.6
    + Other Investment (Inc) Loss,IS_OTHER_INVESTMENT_INCOME_LOSS,,,,,,,,,,,,,,,,,,,,,,,,,,,,,,,,,,
    + (Income) Loss from Affiliates,INCOME_LOSS_FROM_AFFILIATES,,,,,,,,,,,,,,,,,,,,,,,,,,,,,,,,,,20.2
    + Other Non-Op (Income) Loss,IS_OTHER_NON_OPERATING_INC_LOSS,,,,,,,,,,,,,,,,,,,,43.4,-128.6,72.9,-746.8,-559.3,-368.3,-174.8,8.3,-358.2,-228.8,-611.8,-1498.5,-112.8,52.1,-429.2
"Pretax Income (Loss), Adjusted",PRETAX_INC,1599,1879.2,1182.2999,662.8,1698.6,1765.6001,2031.3,510.2,2665,3245.4,3858.7,3552.1,3457.7,3261.7,2941.9,2717.5,3418,3876.8,-1307.6,5357.8,6525.2,5349.5,5408.2,5889.3,3000.3,2790,3374,2197.4,3680.1,5265.9,7229.9,6155.5,6806.4,6554.6
  - Abnormal Losses (Gains),IS_ABNORMAL_ITEM,,,,,,,,1811.2,127.5,87.4,-152.8,311.9,84,317.2,995.2,1245.3,945.2,1048.1,6809.4,513,148.1,686.1,409.1,-340.5,344.8,824.6,600.3,2652.9,2316.1,957.1,791.6,1890.0899,767.2,3842.7
    + Abnormal Derivatives,IS_DERIVATIVES_HEDGING,,,,,,,,,,,,,,,,,,,,,,,,,,,,,,,,,,
    + Disposal of Assets,IS_GAIN_LOSS_DISPOSAL_ASSETS,,,,,,,,,,,,,,,,,,,,,,,,,,,,,,,,,,
    + Asset Write-Down,IS_IMPAIRMENT_ASSETS,,,,,,,,2443,,87.4,,121.4,,382.2,,1245.3,945.2,302.5,1974,,,,,,,,,,,,,,,
    + Impairment of Intangibles,IS_IMPAIR_OF_INTANG_ASSETS,,,,,,,,,,,,,,,,,,,,,,,,,,,,,,,,,,
    + Gain/Loss on Sale/Acquisition of Business,IS_SALE_OF_BUSINESS,,,,,,,,,,,,,,,,,,,,,,,,-495.4,,,,,,,,,,
    + Legal Settlement,IS_LEGAL_LITIGATION_SETTLEMENT,,,,,,,,,,,,,,,,,,,,,,,,,,,,,,,,,,
    + Sale of Investments,IS_GAIN_LOSS_ON_INVESTMENTS,,,,,,,,,,,,,,,,,,,,-62.1,-105.9,-130.1,93.2,-22.8,-324.1,-244.8,-16.1,-176,39.5,,,,,
    + Other Abnormal Items,IS_OTHER_ONE_TIME_ITEMS,,,,,,,,,,,,,,,,,,,,485.1,204,428.2,315.9,120.6,468.7,367.7,586.4,1673.6,292.7,717.5,131.2,610,244.6,67.7
"Pretax Income (Loss), GAAP",PRETAX_INC,1599,1879.2,1182.2999,662.8,1698.6,1765.6001,2031.3,510.2,2665,3245.4,3858.7,3552.1,3457.7,3261.7,2941.9,2717.5,3418,3876.8,-1307.6,5357.8,6525.2,5349.5,5408.2,5889.3,3000.3,2790,3374,2197.4,3680.1,5265.9,7229.9,6155.5,6806.4,6554.6
  - Income Tax Expense (Benefit),IS_INC_TAX_EXP,471.7,564.5,354.7,198,513.5,459,507.8,895.3,568.7,698.7,800.9,742.7,749.8,700.9,1131.8,715.9,755.3002,923.8,764.3,1029,1455.7,1001.8,1319.6,1204.5,609.8,381.6,636.4,2401.5,529.5,628,1036.2,573.8,561.6,1314.2
Income (Loss) from Cont Ops,IS_INC_BEF_XO_ITEM,1127.3,1314.7,827.6,464.8,1185.1,1306.6,1523.5,-385.1,2096.3,2546.7,3057.8,2809.4,2707.9,2560.8,1810.1,2001.6,2662.6998,2953,-2071.9,4328.8,5069.5,4347.7,4088.6,4684.8,2390.5,2408.4,2737.6,-204.1,3150.6,4637.9,6193.7,5581.7,6244.8,5240.4
  - Net Extraordinary Losses (Gains),XO_GL_NET_OF_TAX,0,0,118.9,-15.4,-101,-984.3,0,0,-1.6,-174.3,0,29.4,0,0,0,22,0,0,,0,0,0,0,0,0,0,0,0,-81.4,-3680.5,0,0,0,0
    + Discontinued Operations,IS_DISCONTINUED_OPERATIONS,,,,,,,,,,,,,,,,,,,,0,0,0,0,0,0,0,0,0,-81.4,-3680.5,0,0,0,0
    + XO & Accounting Changes,EXTRAORD_ITEMS_ACCOUNTING_CHANGS,,,,,,,,,,,,,,,,,,,,0,0,0,0,0,0,0,0,0,0,0,0,0,0,0
Income (Loss) Incl. MI,NI_INCLUDING_MINORITY_INT_RATIO,1127.3,1314.7,708.6999,480.2,1286.1,2290.9,1523.5001,-385.1,2097.9,2721,3057.8,2780,2707.9,2560.8,1810.1,1979.6,2662.6998,2953,-2071.9,4328.8,5069.5,4347.7,4088.6,4684.8,2390.5,2408.4,2737.6,-204.1,3232,8318.4,6193.7,5581.7,6244.8,5240.4
  - Minority Interest,MIN_NONCONTROL_INTEREST_CREDITS,0,0,0,0,0,0,0,0,0,0,0,0,0,0,0,0,0,0,,,,,,,,,,,,,0,0,,0
"Net Income, GAAP",NET_INCOME,1127.3,1314.7,708.7,480.2,1286.1,2290.8999,1523.5,-385.1,2097.8999,2721,3057.8,2780,2707.9,2560.8,1810.1,1979.6,2662.6998,2953,-2071.9,4328.8,5069.5,4347.7,4088.6,4684.8,2390.5,2408.4,2737.6,-204.1,3232,8318.4,6193.7,5581.7,6244.8,5240.4
  - Preferred Dividends,IS_TOT_CASH_PFD_DVD,0,0,0,0,0,0,3.6,2.6,0,0,0,0,0,0,0,0,0,0,,0,0,0,0,0,0,0,0,0,0,0,0,0,0,0
  - Other Adjustments,OTHER_ADJUSTMENTS,,,,,,,,0,0,0,0,0,0,0,0,0,0,0,0,0,0,0,0,0,0,0,0,0,0,0,0,0,0,0
"Net Income Avail to Common, GAAP",EARN_FOR_COMMON,1127.3,1314.7,708.7,480.2,1286.1,2290.8999,1519.9,-387.7,2097.8999,2721,3057.8,2780,2707.9,2560.8,1810.1,1979.6,2662.6998,2953,-2071.9,4328.8,5069.5,4347.7,4088.6,4684.8,2390.5,2408.4,2737.6,-204.1,3232,8318.4,6193.7,5581.7,6244.8,5240.4
,,#N/A Mandatory parameter [FIELDS] cannot be empty,,,,,,,,,,,,,,,,,,,,,,,,,,,,,,,,,
"Net Income Avail to Common, Adj",EARN_FOR_COMMON,1127.3,1314.7,708.7,480.2,1286.1,2290.8999,1519.9,-387.7,2097.8999,2721,3057.8,2780,2707.9,2560.8,1810.1,1979.6,2662.6998,2953,-2071.9,4328.8,5069.5,4347.7,4088.6,4684.8,2390.5,2408.4,2737.6,-204.1,3232,8318.4,6193.7,5581.7,6244.8,5240.4
  Net Abnormal Losses (Gains),IS_NET_ABNORMAL_ITEMS,,,,,,,,,76.8,56.81,-152.8,204.5,54.6,,,,,923,,333.45,193.1951,494.6978,265.915,-234.8636,224.12,559.58,518.235,4152.8,1877.205,851.7,716.5,1511.6,603.515,3025.1821
  Net Extraordinary Losses (Gains),XO_GL_NET_OF_TAX,0,0,118.9,-15.4,-101,-984.3,0,0,-1.6,-174.3,0,29.4,0,0,0,22,0,0,,0,0,0,0,0,0,0,0,0,-81.4,-3680.5,0,0,0,0
,,#N/A Mandatory parameter [FIELDS] cannot be empty,,,,,,,,,,,,,,,,,,,,,,,,,,,,,,,,,
Basic Weighted Avg Shares,IS_AVG_NUM_SH_FOR_EPS,1160,1176.8,1177.912,1177.16,1156.756,1138.052,1093.92,1101.099,1095.834,1087.652,1081.559,1077.497,1076.922,1076.547,1083.887,1088.754,1086.239,1090.43,1094.499,1098.338,1105.788,1113.923,1113.178,1080.874,1069.932,1061.913,1058.324,1052.023,1027.721,931.059,907.634,906.963,901.736,900.181
"Basic EPS, GAAP",IS_EPS,0.975,1.125,0.6025,0.4075,1.1125,2.015,1.39,-0.35,1.91,2.5,2.83,2.58,2.51,2.38,1.67,1.82,2.45,2.71,-1.89,3.94,4.58,3.9,3.67,4.33,2.23,2.27,2.59,-0.19,3.14,8.93,6.82,6.15,6.93,5.82
"Basic EPS from Cont Ops, GAAP",IS_EARN_BEF_XO_ITEMS_PER_SH,0.975,1.125,0.7025,0.395,1.025,1.15,1.39,-0.35,1.91,2.34,2.83,2.61,2.51,2.38,1.67,1.84,2.45,2.71,-1.89,3.94,4.58,3.9,3.67,4.33,2.23,2.27,2.59,-0.19,3.07,4.98,6.82,6.15,6.93,5.82
"Basic EPS from Cont Ops, Adjusted",IS_BASIC_EPS_CONT_OPS,0.975,1.125,0.7025,0.395,1.025,1.15,1.39,0.72,1.98,2.39,2.69,2.8,2.57,2.59,2.41,2.88,3.18,3.54,4.02,4.2448,4.7592,4.3472,3.9118,4.117,2.4437,2.7949,3.0764,3.7534,4.8922,5.8961,7.6134,7.8209,7.5946,9.1821
,,#N/A Mandatory parameter [FIELDS] cannot be empty,,,,,,,,,,,,,,,,,,,,,,,,,,,,,,,,,
Diluted Weighted Avg Shares,IS_SH_FOR_DILUTED_EPS,1160,1176.8,1177.912,1177.16,1156.75,1138.052,1117.11,1101.099,1121.486,1106.055,1097.725,1090.793,1085.088,1082.23,1088.936,1092.15,1087.49,1090.75,1094.499,1098.367,1105.813,1113.967,1117.294,1084.766,1074.286,1065.72,1061.825,1052.023,1033.667,935.684,912.505,911.681,904.619,903.284
"Diluted EPS, GAAP",IS_DILUTED_EPS,0.975,1.125,0.6025,0.4075,1.1125,2.015,1.36,-0.35,1.87,2.46,2.79,2.55,2.5,2.37,1.66,1.81,2.45,2.71,-1.89,3.94,4.58,3.9,3.66,4.32,2.23,2.26,2.58,-0.19,3.13,8.89,6.79,6.12,6.9,5.8
"Diluted EPS from Cont Ops, GAAP",IS_DIL_EPS_BEF_XO,0.975,1.125,0.7025,0.395,1.025,1.15,1.36,-0.35,1.87,2.3,2.79,2.58,2.5,2.37,1.66,1.83,2.45,2.71,-1.89,3.94,4.58,3.9,3.66,4.32,2.23,2.26,2.58,-0.19,3.05,4.96,6.79,6.12,6.9,5.8
"Diluted EPS from Cont Ops, Adjusted",IS_DIL_EPS_CONT_OPS,0.975,1.125,0.7025,0.395,1.025,1.15,1.36,0.72,1.93,2.35,2.65,2.76,2.55,2.58,2.4,2.87,3.18,3.54,4.02,4.2436,4.7547,4.3441,3.898,4.1035,2.4386,2.7851,3.0681,3.7534,4.8661,5.8702,7.5752,7.778,7.5671,9.1491
,,#N/A Mandatory parameter [FIELDS] cannot be empty,,,,,,,,,,,,,,,,,,,,,,,,,,,,,,,,,
Reference Items,,#N/A Mandatory parameter [FIELDS] cannot be empty,,,,,,,,,,,,,,,,,,,,,,,,,,,,,,,,,
Accounting Standard,ACCOUNTING_STANDARD,US GAAP,US GAAP,US GAAP,US GAAP,US GAAP,US GAAP,US GAAP,US GAAP,US GAAP,US GAAP,US GAAP,US GAAP,US GAAP,US GAAP,US GAAP,US GAAP,US GAAP,US GAAP,US GAAP,US GAAP,US GAAP,US GAAP,US GAAP,US GAAP,US GAAP,US GAAP,US GAAP,US GAAP,US GAAP,US GAAP,US GAAP,US GAAP,US GAAP,US GAAP
EBITDA,EBITDA,2666.7001,2067.8,2089.3,2061.4,2168.7,2535.5001,2590.3,2968.1,3314.9,3803.4,3995.5,4184.7,3820.7,4050.3,4256.2,4375,4927.2,5850.8,6650.5,6885.1,7858.4,6902.1,6196.4,6816,4038.8,4117.1,4955.4,3464.2,5143.5,6206.9,7381.9,7904.7,8649.8,7985.2
EBITDA Margin (T12M),EBITDA_MARGIN,51.3657,36.1144,33.8771,39.6537,37.9701,37.4863,35.2585,34.8467,35.888,38.023,36.7835,36.2547,34.4906,32.1899,30.7132,29.8731,31.4014,31.3994,32.6357,31.531,34.0544,28.4195,27.4136,29.4898,20.5897,20.6281,23.3502,15.1465,23.9307,27.8093,30.0813,27.9137,30.3062,23.4005
EBIT,EBIT,1539.4,1768.3,1721.2,1663.1,1736.5,1981.8,2046.8,2458.3,2824.5,3363.7,3559.7,3729.8,3327.7,3501.8,3658.7,3648.6,4125.4,4802.9,5527.9,5587.3,6530.2,5528.5,4734.2,5370.4,2659.8,2689.4,3458.8,1896.9,3534.5,4974.3,6058,6357.1,7127.3,6457.9
Gross Margin,GROSS_MARGIN,70.6584,71.1092,69.241,72.1458,70.5914,72.1207,71.1649,72.2586,78.184,79.0261,81.0747,81.2848,80.3521,78.7395,76.736,76.2777,77.3979,77.1981,78.4925,80.5505,81.079,79.1329,78.7797,78.7649,74.8542,74.7619,73.3537,73.1069,78.2179,78.8472,77.6555,74.1765,76.7713,79.2458
Operating Margin,OPER_MARGIN,29.6517,30.8836,27.9085,31.9919,30.403,29.3001,27.8605,28.8614,30.5788,33.6272,32.7714,32.3136,30.0402,27.8307,26.4015,24.9131,26.2915,25.7756,27.1268,25.5876,28.2987,22.7637,20.9446,23.2353,13.5596,13.4748,16.2981,8.2938,16.4447,22.2868,24.6864,22.4487,24.9718,18.9247
Profit Margin,PROF_MARGIN,21.7139,22.9614,11.4913,9.2373,22.5173,33.87,20.7375,-4.5212,22.7124,27.2021,28.1508,24.0849,24.445,20.3521,13.0619,13.517,16.9696,15.8478,-10.1673,19.8241,21.9687,17.9017,18.0884,20.269,12.1867,12.0669,12.8998,-0.8924,15.0372,37.2697,25.2394,19.7105,21.8798,15.3569
Sales per Employee,ACTUAL_SALES_PER_EMPL,173632.1103,185899.357,191531.0498,208775.1004,229381.53,252380.5897,251595.8938,273877.8135,309959.725,319581.4696,304263.3053,281524.3902,253489.7025,272939.2625,,,,458953.202,503160.4938,541030.7235,601720.9909,637775.7353,589397.6532,609442.3204,894872.2628,483554.2096,505589.0411,562570.4095,649540.6467,663776.9517,701137.1429,809097.1429,731830.7692,793583.7209
,,#N/A Mandatory parameter [FIELDS] cannot be empty,,,,,,,,,,,,,,,,,,,,,,,,,,,,,,,,,
Returns,,#N/A Mandatory parameter [FIELDS] cannot be empty,,,,,,,,,,,,,,,,,,,,,,,,,,,,,,,,,
Return on Common Equity,RETURN_COM_EQY,31.2073,31.1777,14.3779,10.1513,25.9179,42.4705,26.3581,-7.2159,46.2337,57.6324,55.2953,42.2785,35.2188,28.3928,17.5018,18.2352,24.4592,24.1213,-20.4741,53.248,46.204,33.4928,28.8877,28.9216,14.4859,16.0858,19.1581,-1.5945,30.1761,133.7837,150.1776,76.3529,63.6283,48.9261
Return on Assets,RETURN_ON_ASSET,17.3554,17.0282,8.3517,5.2491,10.6593,15.8431,10.6094,-2.8648,16.6679,21.4078,22.2256,17.8635,15.2661,12.5776,7.7778,8.0068,11.4436,12.095,-7.3881,15.2763,17.3428,13.4476,12.0149,13.4529,6.6815,6.7015,7.3616,-0.4872,7.272,19.9975,14.4175,11.6969,12.7061,9.2345
Return on Capital,RETURN_ON_CAP,25.6788,24.3307,12.5256,8.8326,16.8398,24.8536,17.609,-6.5368,31.655,38.5555,37.8265,29.8739,23.3786,18.7498,11.4823,11.8487,17.8097,18.8336,-10.7734,27.1976,29.3504,22.5723,20.687,22.2998,10.8469,11.0815,12.3007,-0.9054,14.7868,44.2139,32.1576,24.308,24.6884,17.8403
Return on Invested Capital,RETURN_ON_INV_CAPITAL,22.1572,20.9634,18.9696,18.9768,14.7291,14.2219,15.0242,-19.5097,25.8119,29.1218,25.9255,23.0855,17.5466,17.0906,12.5969,13.9072,19.5661,21.9913,12.4409,27.4025,27.5776,21.8878,17.1261,19.4084,9.0016,10.521,11.6881,0.6702,13.2347,22.6579,25.5582,23.696,25.2207,17.6115
,,#N/A Mandatory parameter [FIELDS] cannot be empty,,,,,,,,,,,,,,,,,,,,,,,,,,,,,,,,,
Margins,,#N/A Mandatory parameter [FIELDS] cannot be empty,,,,,,,,,,,,,,,,,,,,,,,,,,,,,,,,,
Gross Margin,GROSS_MARGIN,70.6584,71.1092,69.241,72.1458,70.5914,72.1207,71.1649,72.2586,78.184,79.0261,81.0747,81.2848,80.3521,78.7395,76.736,76.2777,77.3979,77.1981,78.4925,80.5505,81.079,79.1329,78.7797,78.7649,74.8542,74.7619,73.3537,73.1069,78.2179,78.8472,77.6555,74.1765,76.7713,79.2458
Operating Margin,OPER_MARGIN,29.6517,30.8836,27.9085,31.9919,30.403,29.3001,27.8605,28.8614,30.5788,33.6272,32.7714,32.3136,30.0402,27.8307,26.4015,24.9131,26.2915,25.7756,27.1268,25.5876,28.2987,22.7637,20.9446,23.2353,13.5596,13.4748,16.2981,8.2938,16.4447,22.2868,24.6864,22.4487,24.9718,18.9247
Incremental Operating Margin,INCREMENTAL_OPERATING_MARGIN,36.8701,42.8571,,-5.9971,14.3052,23.3131,11.153,35.1409,50.9177,70.3824,22.8093,25.0037,-86.4731,11.5681,12.302,,45.5963,23.0246,41.5592,4.0741,76.0403,,-47.1927,124.8185,-77.5011,8.6272,60.8992,,,174.2677,48.8087,7.9156,345.3812,
Pretax Margin,PRETAX_INC_TO_NET_SALES,30.7998,32.8204,19.1705,12.7498,29.7395,26.1037,27.6495,5.99,28.852,32.4446,35.5241,30.7741,31.2137,25.9225,21.229,18.5554,21.7832,20.8055,-6.4167,24.5365,28.277,22.0266,23.9265,25.4804,15.2955,13.9789,15.8985,9.6077,17.1221,23.5933,29.4619,21.7368,23.8475,19.2081
Income before XO Margin,INC_BEF_XO_ITEMS_TO_NET_SALES,21.7139,22.9614,13.4192,8.941,20.749,19.3175,20.7375,-4.5212,22.6951,25.4596,28.1508,24.3396,24.445,20.3521,13.0619,13.6672,16.9696,15.8478,-10.1673,19.8241,21.9687,17.9017,18.0884,20.269,12.1867,12.0669,12.8998,-0.8924,14.6585,20.7796,25.2394,19.7105,21.8798,15.3569
Net Income Margin,PROF_MARGIN,21.7139,22.9614,11.4913,9.2373,22.5173,33.87,20.7375,-4.5212,22.7124,27.2021,28.1508,24.0849,24.445,20.3521,13.0619,13.517,16.9696,15.8478,-10.1673,19.8241,21.9687,17.9017,18.0884,20.269,12.1867,12.0669,12.8998,-0.8924,15.0372,37.2697,25.2394,19.7105,21.8798,15.3569
Net Income to Common Margin,NET_INCOME_TO_COMMON_MARGIN,21.7139,22.9614,11.4913,9.2373,22.5173,33.87,20.6885,-4.5518,22.7124,27.2021,28.1508,24.0849,24.445,20.3521,13.0619,13.517,16.9696,15.8478,-10.1673,19.8241,21.9687,17.9017,18.0884,20.269,12.1867,12.0669,12.8998,-0.8924,15.0372,37.2697,25.2394,19.7105,21.8798,15.3569
,,#N/A Mandatory parameter [FIELDS] cannot be empty,,,,,,,,,,,,,,,,,,,,,,,,,,,,,,,,,
Additional,,#N/A Mandatory parameter [FIELDS] cannot be empty,,,,,,,,,,,,,,,,,,,,,,,,,,,,,,,,,
Effective Tax Rate,EFF_TAX_RATE,29.4997,30.0394,30.0008,29.8733,30.2308,25.9968,24.9988,175.4802,21.3396,21.5289,20.7557,20.9088,21.6849,21.4888,38.4717,26.3441,22.0977,23.8289,,19.2056,22.3089,18.727,24.4,20.4523,20.3246,13.6774,18.8619,109.2882,14.3882,11.9258,14.3321,9.3217,8.2511,20.05
,,#N/A Mandatory parameter [FIELDS] cannot be empty,,,,,,,,,,,,,,,,,,,,,,,,,,,,,,,,,
ESG Financial Materiality Scores,,#N/A Mandatory parameter [FIELDS] cannot be empty,,,,,,,,,,,,,,,,,,,,,,,,,,,,,,,,,
BESG ESG Score,ESG_SCORE,,,,,,,,,,,,,,,,,,,,,,,,,,3.52,3.87,3.88,4.53,4.79,5.23,5.09,5.36,
BESG Environmental Pillar Score,ENVIRONMENTAL_SCORE,,,,,,,,,,,,,,,,,,,,,,,,,,3.94,4.21,3.03,3.4,3.57,5.49,5.71,5.82,
BESG Social Pillar Score,SOCIAL_SCORE,,,,,,,,,,,,,,,,,,,,,,,,,,2.05,2.68,2.55,3.76,3.9,4.34,3.93,4.27,
BESG Governance Pillar Score,GOVERNANCE_SCORE,,,,,,,,,,,,,,,,,,,,,,,,,,6.42,6.08,6.93,6.42,6.94,6.79,7.07,7.21,
,,#N/A Mandatory parameter [FIELDS] cannot be empty,,,,,,,,,,,,,,,,,,,,,,,,,,,,,,,,,
ESG Disclosure Scores,,#N/A Mandatory parameter [FIELDS] cannot be empty,,,,,,,,,,,,,,,,,,,,,,,,,,,,,,,,,
ESG Disclosure Score,ESG_DISCLOSURE_SCORE,,,,,,,,,,,,,,,,55.0448,52.9122,36.6663,45.8304,48.4358,55.0347,54.0992,55.1454,54.7027,61.5632,65.6171,62.1064,62.4987,61.9254,64.7822,69.0373,71.864,70.4758,
Environmental Disclosure Score,ENVIRON_DISCLOSURE_SCORE,,,,,,,,,,,,,,,,57.7167,49.7433,19.3295,43.3102,49.5621,57.6865,58.0187,58.0187,61.4014,61.4014,64.5424,51.646,52.8239,51.1024,59.2872,61.2504,69.7372,69.7372,
Social Disclosure Score,SOCIAL_DISCLOSURE_SCORE,,,,,,,,,,,,,,,,26.7836,28.3555,9.9758,11.0036,12.5756,26.7836,23.6397,26.7836,22.0677,36.3966,38.4522,40.8102,40.8102,40.8102,41.2031,52.0254,52.0254,47.8537,
Governance Disclosure Score,GOVNCE_DISCLOSURE_SCORE,,,,,,,,,,,,,,,,80.5238,80.5238,80.5238,83.0223,83.0223,80.5238,80.5238,80.5238,80.5238,86.7851,93.7387,93.7387,93.7387,93.7387,93.7387,93.7387,93.7387,93.7387,
,,#N/A Mandatory parameter [FIELDS] cannot be empty,,,,,,,,,,,,,,,,,,,,,,,,,,,,,,,,,
Environmental,,#N/A Mandatory parameter [FIELDS] cannot be empty,,,,,,,,,,,,,,,,,,,,,,,,,,,,,,,,,
Air Quality,,#N/A Mandatory parameter [FIELDS] cannot be empty,,,,,,,,,,,,,,,,,,,,,,,,,,,,,,,,,
Nitrogen Oxide Emissions,NOX_EMISSIONS,,,,,,,,,,,,,,,,1.265,1.102,,1.205,1.125,0.877,0.798,0.744,1.06,0.883,0.73,,,,,,,,
VOC Emissions,VOC_EMISSIONS,,,,,,,,,,,,,,,,0.914,0.652,0.546,0.56,0.549,0.626,0.735,0.608,0.534,0.561,0.529,,,,,,,,
Particulate Emissions,PARTICULATE_EMISSIONS,,,,,,,,,,,,,,,,0.412,0.42,,0.293,0.384,0.2,0.146,0.113,0.167,0.176,0.168,,,,,,,,
Sulphur Dioxide / Sulphur Oxide Emissions,SULPHUR_DIOXIDE_SULPHUR_OXIDE_EM,,,,,,,,,,,,,,,,3.647,3.169,,3.188,2.589,2.015,1.16,0.975,1.844,1.694,1.585,,,,,,,,
,,#N/A Mandatory parameter [FIELDS] cannot be empty,,,,,,,,,,,,,,,,,,,,,,,,,,,,,,,,,
Climate Change,,#N/A Mandatory parameter [FIELDS] cannot be empty,,,,,,,,,,,,,,,,,,,,,,,,,,,,,,,,,
Emissions Reduction Initiatives,EMISSION_REDUCTION,,,,,,,,,,,,,,,,1,1,1,1,1,1,1,1,1,1,1,1,1,1,1,1,1,1,1
Transition Plan Claim,TRANSITION_PLAN_INDICATOR,,,,,,,,,,,,,,,,,,,,,,,,,,,,,,,,,1,1
Climate Change Policy,CLIMATE_CHG_POLICY,,,,,,,,,,,,,,,,0,1,0,0,0,0,1,1,1,1,1,1,1,1,1,1,1,1,1
Climate Change Opportunities Discussed,CLIMATE_CHG_OPPORTUNITIES,,,,,,,,,,,,,,,,0,0,0,0,0,0,0,0,0,0,0,0,0,0,0,0,0,0,
Risks of Climate Change Discussed,CLIMATE_RISKS,,,,,,,,,,,,,,,,0,0,0,0,0,0,0,0,0,0,0,0,0,0,0,0,0,0,
GHG Scope 1,GHG_SCOPE_1,,,,,,,,,,,,,,,,,,,500,478,455,410,436,486,460,471.745,475.276,484.78,391.735,192.075,159,157.227,171,182
GHG Scope 2 Location-Based,GHG_SCOPE_2_LOCATION_BASED,,,,,,,,,,,,,,,,,,,1240,1190,1170,1120,1120,1110,1080,1073.76,1040.55,994.404,983.793,596,551,487.954,415,406
,,#N/A Mandatory parameter [FIELDS] cannot be empty,,,,,,,,,,,,,,,,,,,,,,,,,,,,,,,,,
Energy,,#N/A Mandatory parameter [FIELDS] cannot be empty,,,,,,,,,,,,,,,,,,,,,,,,,,,,,,,,,
Energy Efficiency Policy,ENERGY_EFFIC_POLICY,,,,,,,,,,,,,,,,1,1,1,1,1,1,1,1,1,1,1,1,1,1,1,1,1,1,1
Total Energy Consumption,ENERGY_CONSUMPTION,,,,,,,,,,,,,,,,4450,4375,4277.78,3498.6,3322.2,3292.8,3175.2,3175.2,3322.2,3292.8,3078.77,3080.26,3789.59,1955.1,1881.6,1822.8,2009.49,1802.22,2128.56
Electricity Used,ELECTRICITY_USED,,,,,,,,,,,,,,,,1463.89,,,1361.22,1278.9,1267.14,1228.92,1337.7,1328.88,1299.48,1388.44,1374.49,1390.13,1326.59,803.501,768.693,761.621,1322.55,1273.02
Fuel Used - Natural Gas,NAT_GAS_USED,,,,,,,,,,,,,,,,100000,,,68337.203,68337.5,62180.5,65388.301,81081.5,72231,68805,73399,74333.102,88363.703,112403,37008.602,38986.699,37129.699,46780.898,
Fuel Used - Crude Oil/Diesel,OIL_DIESEL_USED,,,,,,,,,,,,,,,,20,,,21.103,17.414,18.099,13.479,12.728,12.885,12.408,35.016,51.558,55.841,45.668,42.183,26.475,11.452,12.643,
,,#N/A Mandatory parameter [FIELDS] cannot be empty,,,,,,,,,,,,,,,,,,,,,,,,,,,,,,,,,
Materials & Waste,,#N/A Mandatory parameter [FIELDS] cannot be empty,,,,,,,,,,,,,,,,,,,,,,,,,,,,,,,,,
Waste Reduction Policy,WASTE_REDUCTION,,,,,,,,,,,,,,,,1,1,1,1,1,1,1,1,1,1,1,1,1,1,1,1,1,1,1
Hazardous Waste,HAZARDOUS_WASTE,,,,,,,,,,,,,,,,92.684,69.851,53.8,55.5,46.4,31,22,26,24,24,25,24,,,,20,20,22,19
Total Waste,TOTAL_WASTE,,,,,,,,,,,,,,,,153.7,153.6,379,387,287,228,242,285,310,295,252,297,294,120,140,130,118,123,118
,,#N/A Mandatory parameter [FIELDS] cannot be empty,,,,,,,,,,,,,,,,,,,,,,,,,,,,,,,,,
Supply Chain,,#N/A Mandatory parameter [FIELDS] cannot be empty,,,,,,,,,,,,,,,,,,,,,,,,,,,,,,,,,
Environmental Supply Chain Management,ENVIRON_SUPPLY_MGT,,,,,,,,,,,,,,,,1,1,0,0,0,1,1,1,1,1,1,1,1,1,1,1,1,1,1
,,#N/A Mandatory parameter [FIELDS] cannot be empty,,,,,,,,,,,,,,,,,,,,,,,,,,,,,,,,,
Water,,#N/A Mandatory parameter [FIELDS] cannot be empty,,,,,,,,,,,,,,,,,,,,,,,,,,,,,,,,,
Water Policy,WATER_POLICY,,,,,,,,,,,,,,,,1,1,1,1,1,1,1,1,1,1,1,1,1,1,1,1,1,1,1
Total Water Withdrawal,TOTAL_WATER_WITHDRAWAL,,,,,,,,,,,,,,,,36500000,36500000,33600,17600,13200,12800,13400,13500,13800,15000,14200,14500,13800,6780,6270,6100,5920,6517.4,7350
Total Water Discharged,TOTAL_WATER_DISCHARGED,,,,,,,,,,,,,,,,,,,,,,,,,,,,,,4221.5,3794.69,4263.5,4765.16,
,,#N/A Mandatory parameter [FIELDS] cannot be empty,,,,,,,,,,,,,,,,,,,,,,,,,,,,,,,,,
Ecological & Biodiversity Impacts,,#N/A Mandatory parameter [FIELDS] cannot be empty,,,,,,,,,,,,,,,,,,,,,,,,,,,,,,,,,
Biodiversity Policy,BIODIVERSITY_POLICY,,,,,,,,,,,,,,,,1,1,0,1,1,1,1,1,1,1,1,1,1,1,1,1,1,1,1
Adopts TNFD Recommendations,ADOPT_TNFD_RECOMMENDATIONS,,,,,,,,,,,,,,,,,,,,,,,,,,,,,,,,0,0,1
Zero Deforestation Policy,ZERO_DEFORESTATION_POLICY,,,,,,,,,,,,,,,,,,,,,,,,,,,,,,,,0,0,
Board Level Oversight of Biodiversity,BOARD_LEVEL_OVERSIGHT_BIODIV,,,,,,,,,,,,,,,,,,,,,,,,,,,,,,,,1,1,
Executive Level Oversight of Biodiversity,EXEC_LEVEL_OVERSIGHT_BIODIV,,,,,,,,,,,,,,,,,,,,,,,,,,,,,,,,1,1,
,,#N/A Mandatory parameter [FIELDS] cannot be empty,,,,,,,,,,,,,,,,,,,,,,,,,,,,,,,,,
Social,,#N/A Mandatory parameter [FIELDS] cannot be empty,,,,,,,,,,,,,,,,,,,,,,,,,,,,,,,,,
Community & Customers,,#N/A Mandatory parameter [FIELDS] cannot be empty,,,,,,,,,,,,,,,,,,,,,,,,,,,,,,,,,
Human Rights Policy,HUMAN_RIGHTS_POLICY,,,,,,,,,,,,,,,,1,1,0,0,0,1,1,1,1,1,1,1,1,1,1,1,1,1,1
Policy Against Child Labor,POLICY_AGAINST_CHILD_LABOR,,,,,,,,,,,,,,,,,,,0,0,1,1,1,1,1,1,1,1,1,1,1,1,1,1
Quality Assurance and Recall Policy,QUALITY_ASSURANCE_AND_RECALL_POL,,,,,,,,,,,,,,,,,,,,,,,,,,1,1,1,1,1,1,1,1,1
Consumer Data Protection Policy,CONSUMER_DATA_PROTECTION_POLICY,,,,,,,,,,,,,,,,,,,,,,,,,,1,1,1,1,1,1,1,1,1
Community Spending,COMMUNITY_SPENDING,,,,,,,,,,,,,,,,58,,,,,,,,,,,719,984.7,1343.6,1346,1829.4,3130.5,3841.3,4337.9
Number of Customer Complaints,CUSTOMER_COMPLAINTS,,,,,,,,,,,,,,,,,,,,,,,,,,,,,,,,,,
,,#N/A Mandatory parameter [FIELDS] cannot be empty,,,,,,,,,,,,,,,,,,,,,,,,,,,,,,,,,
Diversity,,#N/A Mandatory parameter [FIELDS] cannot be empty,,,,,,,,,,,,,,,,,,,,,,,,,,,,,,,,,
Equal Opportunity Policy,EQUAL_OPPORTUNITY_POLICY,,,,,,,,,,,,,,,,1,1,0,1,1,1,1,1,1,1,1,1,1,1,1,1,1,1,1
Gender Pay Gap Breakout,GENDER_PAY_GAP_BREAKOUT,,,,,,,,,,,,,,,,,,,,,,,,,0,0,0,0,0,1,1,1,1,
Pct Women in Senior Management,PCT_WOMEN_SENIOR_MGT,,,,,,,,,,,,,,,,,,,,,22,,24,,36,,,,,,,,,49
Pct Women in Middle and or Other Management,PCT_WOMEN_IN_MID_AND_OTHER_MGMT,,,,,,,,,,,,,,,,,,,,,36,,36,,,37,37,41,42,45,,,,
Pct Women in Workforce,PCT_WOMEN_EMPLOYEES,,,,,,,,,,,,,,,,,45.1,,,46,46,46,46,,46,47,47,47,48,50,50,51,51,50
Pct Minorities in Workforce,PCT_MINORITY_EMPLOYEES,,,,,,,,,,,,,,,,,,,,,,,,,,,,,,,,,,
Pct Disabled in Workforce,PCT_DISABLED_IN_WORKFORCE,,,,,,,,,,,,,,,,,,,,,,,,,,,,,,,,,,
,,#N/A Mandatory parameter [FIELDS] cannot be empty,,,,,,,,,,,,,,,,,,,,,,,,,,,,,,,,,
Ethics & Compliance,,#N/A Mandatory parameter [FIELDS] cannot be empty,,,,,,,,,,,,,,,,,,,,,,,,,,,,,,,,,
Business Ethics Policy,ETHICS_POLICY,,,,,,,,,,,,,,,,1,1,1,1,1,1,1,1,1,1,1,1,1,1,1,1,1,1,1
Anti-Bribery Ethics Policy,ANTI_BRIBERY_ETHICS_POLICY,,,,,,,,,,,,,,,,1,1,0,0,0,1,1,1,1,1,1,1,1,1,1,1,1,1,1
,,#N/A Mandatory parameter [FIELDS] cannot be empty,,,,,,,,,,,,,,,,,,,,,,,,,,,,,,,,,
Health & Safety,,#N/A Mandatory parameter [FIELDS] cannot be empty,,,,,,,,,,,,,,,,,,,,,,,,,,,,,,,,,
Health and Safety Policy,HEALTH_SAFETY_POLICY,,,,,,,,,,,,,,,,1,1,1,1,1,1,1,1,1,1,1,1,1,1,1,1,1,1,1
Fatalities - Employees,FATALITIES_EMPLOYEES,,,,,,,,,,,,,,,,,,,,,1,0,0,2,0,0,,,,,0,0,0,0
Lost Time Incident Rate - Employees,LOST_TIME_INCIDENT_RATE,,,,,,,,,,,,,,,,,,,,,0.4,0.47,0.49,0.36,0.35,0.26,0.32,0.29,0.29,0.26,0.16,0.19,0.16,0.19
,,#N/A Mandatory parameter [FIELDS] cannot be empty,,,,,,,,,,,,,,,,,,,,,,,,,,,,,,,,,
Human Capital,,#N/A Mandatory parameter [FIELDS] cannot be empty,,,,,,,,,,,,,,,,,,,,,,,,,,,,,,,,,
Training Policy,TRAINING_POLICY,,,,,,,,,,,,,,,,1,1,0,1,1,1,1,1,1,1,1,1,1,1,1,1,1,1,1
Fair Remuneration Policy,FAIR_REMUNERATION_POLICY,,,,,,,,,,,,,,,,0,0,0,0,0,0,0,0,0,0,0,0,0,0,0,0,0,0,
Number of Employees - CSR,NUMBER_EMPLOYEES_CSR,,,,,,,,,,,,,,,,43242,41502,39481,40500,40360,38350,38080,38350,37925,39136,41275,41975,40655,38680,33625,34960,35000,39000,43000
Employee Turnover Pct,EMPLOYEE_TURNOVER_PCT,,,,,,,,,,,,,,,,,,,,,,,,,,,,,,,7.3,13,10,6.86
Employee Training Cost,EMPLOYEE_TRAINING_COST,,,,,,,,,,,,,,,,,,,,,,,,,,,,,,,,,,
Total Hours Spent by Firm - Employee Training,TOT_HRS_SPENT_BY_FIRM_EMP_TRAIN,,,,,,,,,,,,,,,,,,,,,,,,,,,,,,,2447200,2450000,3120000,3440000
Company Discloses Employee Engagement Score,COMP_DISCLOSES_EMP_ENG_SCORE,,,,,,,,,,,,,,,,,,,,,,,,,,0,0,0,0,0,1,1,1,1
,,#N/A Mandatory parameter [FIELDS] cannot be empty,,,,,,,,,,,,,,,,,,,,,,,,,,,,,,,,,
Supply Chain,,#N/A Mandatory parameter [FIELDS] cannot be empty,,,,,,,,,,,,,,,,,,,,,,,,,,,,,,,,,
Social Supply Chain Management,SOCIAL_SUPPLY_CHAIN_MGMT,,,,,,,,,,,,,,,,1,1,0,0,0,1,1,1,1,1,1,1,1,1,1,1,1,1,
,,#N/A Mandatory parameter [FIELDS] cannot be empty,,,,,,,,,,,,,,,,,,,,,,,,,,,,,,,,,
Governance,,#N/A Mandatory parameter [FIELDS] cannot be empty,,,,,,,,,,,,,,,,,,,,,,,,,,,,,,,,,
Audit Risk & Oversight,,#N/A Mandatory parameter [FIELDS] cannot be empty,,,,,,,,,,,,,,,,,,,,,,,,,,,,,,,,,
Years Auditor Employed,YEARS_AUDITOR_EMPLOYED,,,,,,,,,,,,,,,,,,,68,69,,,,,,76,77,78,79,80,81,82,83,84
Size of Audit Committee,SIZE_OF_AUDIT_COMMITTEE,,,,,,,,,,,,,,,,5,4,5,5,5,5,5,5,5,5,4,5,5,6,5,5,6,5,4
Number of Independent Directors on Audit Committee,NUM_IND_DIR_ON_AUD_CMTE,,,,,,,,,,,,,,,,5,4,5,5,5,5,5,5,5,5,4,5,5,6,5,5,6,5,4
Audit Committee Meetings,AUDIT_COMMITTEE_MEETINGS,,,,,,,,,,,,,,,,12,10,8,9,10,10,11,10,11,11,11,10,10,10,10,9,9,6,6
Audit Committee Meeting Attendance Percentage,AUDIT_COMMITTEE_MTG_ATTEND_PCT,,,,,,,,,,,,,,,,80,90,88,85,90,78,82,85,85,80,80,80,80,80,80,75,75,75,75
,,#N/A Mandatory parameter [FIELDS] cannot be empty,,,,,,,,,,,,,,,,,,,,,,,,,,,,,,,,,
Board Composition,,#N/A Mandatory parameter [FIELDS] cannot be empty,,,,,,,,,,,,,,,,,,,,,,,,,,,,,,,,,
Company Conducts Board Evaluations,COMPANY_CONDUCTS_BRD_EVALUATIONS,,,,,,,,,,,,,,,,,,,,,,,,,,1,1,1,1,1,1,1,1,1
Board Size,BOARD_SIZE,,,,,,,,,,,,,,,,12,12,12,13,13,13,14,14,16,14,13,14,14,14,13,13,13,13,12
Number of Executives / Company Managers,NUM_EXECUTIVES_COMP_MANAGERS,,,,,,,,,,,,,,,,10,10,11,8,12,14,15,16,15,14,14,13,12,14,13,14,15,15,13
Number of Non Executive Directors on Board,NUM_OF_NONEXEC_DIR_ON_BRD,,,,,,,,,,,,,,,,10,10,11,12,12,12,13,13,15,13,12,13,13,13,12,12,12,12,11
Number of Board Meetings for the Year,BOARD_MEETINGS_PER_YR,,,,,,,,,,,,,,,,7,7,7,9,7,7,10,8,8,9,9,7,8,6,10,10,7,7,7
Board Meeting Attendance Pct,BOARD_MEETING_ATTENDANCE_PCT,,,,,,,,,,,,,,,,80,90,88,85,90,78,82,85,85,80,80,80,80,80,80,75,75,75,75
,,#N/A Mandatory parameter [FIELDS] cannot be empty,,,,,,,,,,,,,,,,,,,,,,,,,,,,,,,,,
Compensation,,#N/A Mandatory parameter [FIELDS] cannot be empty,,,,,,,,,,,,,,,,,,,,,,,,,,,,,,,,,
Company Has Executive Share Ownership Guidelines,COMP_HAS_EXEC_SH_OWNER_GUIDELNS,,,,,,,,,,,,,,,,,,,,,,,,,,1,1,1,1,1,1,1,1,1
Director Share Ownership Guidelines,DIRECTOR_SH_OWNERSHIP_GUIDELINES,,,,,,,,,,,,,,,,,,,,,,,,,,1,1,1,1,1,1,1,1,1
Size of Compensation Committee,SIZE_OF_COMPENSATION_COMMITTEE,,,,,,,,,,,,,,,,5,4,5,4,5,5,5,4,4,4,4,3,4,4,4,5,5,5,5
Num of Independent Directors on Compensation Cmte,NUM_IND_DIR_ON_CMPNSTN_CMTE,,,,,,,,,,,,,,,,5,4,5,4,5,5,5,4,4,4,4,3,4,4,4,5,5,5,5
Number of Compensation Committee Meetings,NUM_COMPENSATION_CMTE_MTG,,,,,,,,,,,,,,,,3,5,6,9,8,10,7,7,7,7,8,7,8,6,6,6,9,7,6
Compensation Committee Meeting Attendance %,COMPENSATION_CMTE_MTG_ATTEND_PCT,,,,,,,,,,,,,,,,80,90,88,85,90,78,82,85,85,80,80,80,80,80,80,75,75,75,75
,,#N/A Mandatory parameter [FIELDS] cannot be empty,,,,,,,,,,,,,,,,,,,,,,,,,,,,,,,,,
Diversity,,#N/A Mandatory parameter [FIELDS] cannot be empty,,,,,,,,,,,,,,,,,,,,,,,,,,,,,,,,,
Number of Female Executives,NUMBER_OF_FEMALE_EXECUTIVES,,,,,,,,,,,,,,,,0,0,0,0,2,3,4,5,4,4,4,4,5,6,5,6,5,5,4
Number of Women on Board,NUMBER_OF_WOMEN_ON_BOARD,,,,,,,,,,,,,,,,3,3,3,3,3,3,3,4,4,4,4,3,4,5,4,4,4,5,5
Age of the Youngest Director,AGE_OF_YOUNGEST_DIRECTOR,,,,,,,,,,,,,,,,46,47,48,49,50,51,40,41,42,43,44,45,46,47,48,49,49,50,51
Age of the Oldest Director,AGE_OF_OLDEST_DIRECTOR,,,,,,,,,,,,,,,,66,67,68,69,70,71,72,71,72,71,72,72,72,72,70,71,72,72,69
,,#N/A Mandatory parameter [FIELDS] cannot be empty,,,,,,,,,,,,,,,,,,,,,,,,,,,,,,,,,
Independence,,#N/A Mandatory parameter [FIELDS] cannot be empty,,,,,,,,,,,,,,,,,,,,,,,,,,,,,,,,,
Number of Independent Directors,INDEPENDENT_DIRECTORS,,,,,,,,,,,,,,,,10,10,10,11,12,12,13,13,15,13,12,13,13,13,12,12,12,12,11
,,#N/A Mandatory parameter [FIELDS] cannot be empty,,,,,,,,,,,,,,,,,,,,,,,,,,,,,,,,,
Nominations & Governance Oversight,,#N/A Mandatory parameter [FIELDS] cannot be empty,,,,,,,,,,,,,,,,,,,,,,,,,,,,,,,,,
Size of Nomination Committee,SIZE_OF_NOMINATION_COMMITTEE,,,,,,,,,,,,,,,,3,4,4,3,3,3,3,3,3,3,4,3,3,3,4,5,4,4,4
Num of Independent Directors on Nomination Cmte,NUM_IND_DIR_ON_NOM_CMTE,,,,,,,,,,,,,,,,3,4,4,3,3,3,3,3,3,3,4,3,3,3,4,5,4,4,4
Number of Nomination Committee Meetings,NUM_OF_NOMINATION_CMTE_MTG,,,,,,,,,,,,,,,,3,4,4,6,7,4,6,5,5,4,6,6,6,6,4,4,4,7,3
Nomination Committee Meeting Attendance Percentage,NOMINATION_CMTE_MTG_ATTEND_PCT,,,,,,,,,,,,,,,,80,90,88,85,90,78,82,85,85,80,80,80,80,80,80,75,75,75,75
,,#N/A Mandatory parameter [FIELDS] cannot be empty,,,,,,,,,,,,,,,,,,,,,,,,,,,,,,,,,
Sustainability Governance,,#N/A Mandatory parameter [FIELDS] cannot be empty,,,,,,,,,,,,,,,,,,,,,,,,,,,,,,,,,
Verification Type,VERIFICATION_TYPE,,,,,,,,,,,,,,,,0,0,0,0,0,0,0,0,0,1,1,1,1,1,1,1,1,1,1
Employee CSR Training,EMPLOYEE_CSR_TRAINING,,,,,,,,,,,,,,,,0,0,0,0,0,0,0,0,0,0,0,0,0,0,0,0,0,0,1
,,#N/A Mandatory parameter [FIELDS] cannot be empty,,,,,,,,,,,,,,,,,,,,,,,,,,,,,,,,,
Tenure,,#N/A Mandatory parameter [FIELDS] cannot be empty,,,,,,,,,,,,,,,,,,,,,,,,,,,,,,,,,
Board Duration (Years),BOARD_DURATION,,,,,,,,,,,,,,,,3,3,3,3,3,3,3,3,3,3,3,3,3,3,3,3,3,3,3
