Unnamed: 0,Unnamed: 1,Unnamed: 2,Unnamed: 3,Unnamed: 4,Unnamed: 5,Unnamed: 6,Unnamed: 7,Unnamed: 8,Unnamed: 9,Unnamed: 10,Unnamed: 11,Unnamed: 12,Unnamed: 13,Unnamed: 14,Unnamed: 15,Unnamed: 16,Unnamed: 17,Unnamed: 18,Unnamed: 19,Unnamed: 20,Unnamed: 21,Unnamed: 22,Unnamed: 23,Unnamed: 24,Unnamed: 25,Unnamed: 26,Unnamed: 27,Unnamed: 28,Unnamed: 29,Unnamed: 30,Unnamed: 31,Unnamed: 32,Unnamed: 33,Unnamed: 34,Unnamed: 35,Unnamed: 36,Unnamed: 37,Unnamed: 38,Unnamed: 39,Unnamed: 40,Unnamed: 41,Unnamed: 42,Unnamed: 43,Unnamed: 44,Unnamed: 45,Unnamed: 46,Unnamed: 47
Caterpillar Inc (CAT US) - By Measure,,,,,,,,,,,,,,,,,,,,,,,,,,,,,,,,,,,,,,,,,,,,,,,
,,,,,,,,,,,,,,,,,,,,,,,,,,,,,,,,,,,,,,,,,,,,,,,
In Millions of USD except Per Share,,FY 2001,,FY 2002,,FY 2003,,FY 2004,,FY 2005,,FY 2006,,FY 2007,,FY 2008,,FY 2009,,FY 2010,,FY 2011,,FY 2012,,FY 2013,,FY 2014,,FY 2015,,FY 2016,,FY 2017,,FY 2018,,FY 2019,,FY 2020,,FY 2021,,FY 2022,,FY 2023,
12 Months Ending,,12/31/2001,,12/31/2002,,12/31/2003,,12/31/2004,,12/31/2005,,12/31/2006,,12/31/2007,,12/31/2008,,12/31/2009,,12/31/2010,,12/31/2011,,12/31/2012,,12/31/2013,,12/31/2014,,12/31/2015,,12/31/2016,,12/31/2017,,12/31/2018,,12/31/2019,,12/31/2020,,12/31/2021,,12/31/2022,,12/31/2023,
Revenue,,20450,1.0,20152,1.0,22763,1.0,30306,1.0,36339,1.0,41517,1.0,44958,1.0,51324,1.0,32396,1.0,42588,1.0,60138,1.0,65875,1.0,55656,1.0,55184,1.0,47011,1.0,38537,1.0,45462,1.0,54722,1.0,53800,1.0,41748,1.0,50971,1.0,59427,1.0,67060,1.0
"  Machinery, Energy & Transportation",,—,,—,,—,,—,,—,,—,,—,,—,,29540,0.911840968020743,39867,0.93610876303184,57392,0.954338355116565,63068,0.9573889943074,52694,0.946780221359781,52142,0.944875326181502,44147,0.939078088107039,35773,0.928276721073254,42676,0.938718050239761,51822,0.947004860933445,50755,0.943401486988848,39022,0.934703458848328,48188,0.945400325675384,56574,0.951991519006512,63869,0.952415747092156
    Construction Industries,,—,,—,,—,,—,,—,,—,,—,,—,,8507,0.262594147425608,13572,0.318681318681319,19667,0.327031161661512,19334,0.293495256166983,18532,0.332973983038666,20590,0.373115395766889,17797,0.378570972751058,15612,0.405117160131821,19133,0.420856979455369,23116,0.422426080918095,22556,0.419256505576208,16876,0.404234933409984,21994,0.431500264856487,25127,0.422821276524139,27294,0.407008648971071
    Energy & Transportation,,—,,—,,—,,—,,—,,—,,—,,—,,13389,0.41329176441536,15537,0.364821076359538,20114,0.334464065981576,21122,0.320637571157495,20155,0.362135259450913,22306,0.404211365613221,18519,0.393929080427985,14411,0.373952305576459,15964,0.351150411332542,18832,0.344139468586674,18485,0.343587360594796,14664,0.351250359298649,16670,0.327048713974613,19337,0.325390815622528,23355,0.348270205785863
    Resource Industries,,—,,—,,—,,—,,—,,—,,—,,—,,5857,0.180793925175948,8667,0.203508030431107,15629,0.259885596461472,21158,0.321184060721063,11805,0.212106511427339,9134,0.165518991011887,7739,0.164621046138138,5726,0.148584477255624,7504,0.165060930007479,9888,0.180695150031066,9813,0.182397769516729,7446,0.178355849382006,9502,0.186419728865433,12013,0.202147172160802,13244,0.197494780793319
    All Other,,1238,0.059858814428005,1253,0.0614788283204946,1466,0.0636699239956569,6059,0.198252732151037,6980,0.190315192496455,7852,0.187086013819395,9932,0.218993230877781,—,,1791,0.055284603037412,2156,0.0506245890861275,2021,0.0336060394426153,1501,0.0227855787476281,2263,0.0406604858415984,236,0.00427660191359814,203,0.00431813830805556,139,0.00360692321664893,178,0.00391535788130747,154,0.0028142246262929,127,0.00236059479553903,113,0.00270671648941267,145,0.00284475486060701,145,0.0024399683645481,131,0.00195347450044736
    Corporate,,—,,—,,—,,—,,—,,—,,—,,—,,-4,,-65,,-39,,-47,,-61,,-124,,-111,,-115,,-103,,-168,,-226,,-77,,-123,,-48,,-155,
  Financial Products,,—,,—,,—,,—,,—,,—,,—,,—,,2856,0.0881590319792567,2721,0.06389123696816,2746,0.0456616448834348,2807,0.0426110056925996,2962,0.0532197786402185,3042,0.0551246738184981,2864,0.0609219118929612,2764,0.0717232789267457,2786,0.0612819497602393,2900,0.0529951390665546,3045,0.0565985130111524,2726,0.0652965411516719,2783,0.054599674324616,2853,0.0480084809934878,3191,0.0475842529078437
    Financial Products,,1717,0.0830190503819747,1779,0.0872871792355625,2020,0.0877307274701412,2439,0.0798049865846476,2867,0.0781710110153779,3359,0.0800333571598761,3670,0.0809207770158534,3561,0.0890851324644135,3139,0.0968946783553525,2946,0.0691744153282615,3003,0.049935149156939,3090,0.0469070208728653,3224,0.0579272675003593,3313,0.0600355175413163,3078,0.0654740379911085,2993,0.0776656200534551,3093,0.0680348422858651,3279,0.0599210555169767,3434,0.0638289962825279,3044,0.072913672511258,3073,0.06028918404583,3253,0.0547394282060343,3785,0.0564419922457501
    Corporate Items & Eliminations,,—,,—,,—,,—,,—,,—,,—,,—,,-283,,-225,,-257,,-283,,-262,,-271,,-214,,-229,,-307,,-379,,-389,,-318,,-290,,-400,,-594,
  Adjustments,,-232,,-229,,-262,,-256,,-337,,-453,,-395,,11351,,—,,—,,—,,—,,—,,—,,—,,—,,—,,—,,—,,—,,—,,—,,—,
  Machinery & Engines,,—,,18602,0.912712820764437,21005,0.912269272529859,28123,0.920195013415352,33809,0.921828988984622,38611,0.919966642840124,41683,0.919079222984147,36412,0.910914867535587,—,,—,,—,,—,,—,,—,,—,,—,,—,,—,,—,,—,,—,,—,,—,
    Mining,,—,,—,,—,,—,,—,,—,,—,,4270,0.106822104920822,—,,—,,—,,—,,—,,—,,—,,—,,—,,—,,—,,—,,—,,—,,—,
    Logistics,,—,,—,,—,,—,,—,,—,,—,,850,0.021264353438571,—,,—,,—,,—,,—,,—,,—,,—,,—,,—,,—,,—,,—,,—,,—,
    Excavation,,—,,—,,—,,—,,—,,—,,—,,5918,0.148049933705251,—,,—,,—,,—,,—,,—,,—,,—,,—,,—,,—,,—,,—,,—,,—,
    Earthmoving,,—,,—,,—,,—,,—,,—,,—,,7467,0.186801090736247,—,,—,,—,,—,,—,,—,,—,,—,,—,,—,,—,,—,,—,,—,,—,
    Cat Japan,,—,,—,,—,,—,,—,,—,,—,,345,0.00863082580742001,—,,—,,—,,—,,—,,—,,—,,—,,—,,—,,—,,—,,—,,—,,—,
    Building Construction Products,,—,,—,,—,,—,,—,,—,,—,,3229,0.0807795261801716,—,,—,,—,,—,,—,,—,,—,,—,,—,,—,,—,,—,,—,,—,,—,
    North America Marketing,,5878,0.284208490474809,5575,0.273539080516167,6433,0.279391965255157,8882,0.290622341469799,10988,0.299596466354019,11826,0.281772694781987,9571,0.21103344872445,—,,—,,—,,—,,—,,—,,—,,—,,—,,—,,—,,—,,—,,—,,—,,—,
    Latin America,,1479,0.0715114592399188,1313,0.0644227466758255,1284,0.0557654723127036,1730,0.056606243046921,2275,0.062029665176137,2796,0.0666190135811294,3530,0.0778338808899081,—,,—,,—,,—,,—,,—,,—,,—,,—,,—,,—,,—,,—,,—,,—,,—,
    EAME Marketing,,3403,0.164539212842085,2828,0.138756685147932,3181,0.138154180238871,3878,0.126889601465873,4397,0.119887664958011,5282,0.125851798903979,7516,0.165722223447181,—,,—,,—,,—,,—,,—,,—,,—,,—,,—,,—,,—,,—,,—,,—,,—,
    Heavy Construction & Mining,,222,0.0107339715694807,237,0.0116284775035572,274,0.011900108577633,-47,-0.00153785747006086,3,8.1797360671829e-05,-63,-0.00150107219442459,-68,-0.00149934954688775,—,,—,,—,,—,,—,,—,,—,,—,,—,,—,,—,,—,,—,,—,,—,,—,
    Asia/Pacific Marketing,,1411,0.0682235760564742,1660,0.0814484078308228,1990,0.0864277958740499,2110,0.0690399842942216,2462,0.067128367324681,2679,0.063831308077198,3396,0.0748792803122175,—,,—,,—,,—,,—,,—,,—,,—,,—,,—,,—,,—,,—,,—,,—,,—,
    Turbines,,—,,—,,—,,—,,—,,—,,—,,3413,0.0853826332774623,—,,—,,—,,—,,—,,—,,—,,—,,—,,—,,—,,—,,—,,—,,—,
    Marine & Petroleum Power,,—,,—,,—,,—,,—,,—,,—,,4066,0.101718660095564,—,,—,,—,,—,,—,,—,,—,,—,,—,,—,,—,,—,,—,,—,,—,
    Power Systems Marketing,,—,,—,,—,,3930,0.128591060794451,4696,0.128040135238303,5840,0.139147009768883,4966,0.10949661543889,—,,—,,—,,—,,—,,—,,—,,—,,—,,—,,—,,—,,—,,—,,—,,—,
    Large Power Systems,,—,,—,,—,,-176,-0.00575878541980237,-128,-0.00349002072199804,-265,-0.00631403383369073,-350,-0.0077172403148634,3220,0.0805543742025868,—,,—,,—,,—,,—,,—,,—,,—,,—,,—,,—,,—,,—,,—,,—,
    Electric Power,,—,,—,,—,,1757,0.0574896930829134,2136,0.0582397207983422,2664,0.0634739099356683,3190,0.0703371331554693,3634,0.0909113651714908,—,,—,,—,,—,,—,,—,,—,,—,,—,,—,,—,,—,,—,,—,,—,
    Power Products,,5334,0.257905425007253,5736,0.281438594769638,6377,0.276959826275787,—,,—,,—,,—,,—,,—,,—,,—,,—,,—,,—,,—,,—,,—,,—,,—,,—,,—,,—,,—,
Intersegment Revenue,,14995,1.0,14771,1.0,17570,1.0,27395,1.0,34623,1.0,47858,1.0,49999,1.0,20279.011798,1.0,1785,1.0,3252,1.0,4076,1.0,3994,1.0,2657,1.0,3938,1.0,3318,1.0,2902,1.0,4114,1.0,4784,1.0,4541,1.0,3662,1.0,4556,1.0,5163,1.0,5427,1.0
"  Machinery, Energy & Transportation",,—,,—,,—,,—,,—,,—,,—,,0.011798,5.8178377317003e-07,1785,1.0,3252,1.0,4076,1.0,3994,1.0,2657,1.0,3938,1.0,3318,1.0,2902,1.0,4114,1.0,4784,1.0,4541,1.0,3662,1.0,4556,1.0,5163,1.0,5427,1.0
    Energy & Transportation,,—,,—,,—,,—,,—,,—,,—,,—,,855,0.478991596638655,1684,0.517835178351783,2339,0.573846908734053,2407,0.602653980971457,1895,0.71321038765525,3386,0.859827323514474,2877,0.867088607594937,2540,0.87525844245348,3418,0.83082158483228,3953,0.826295986622074,3612,0.795419511120898,2806,0.766247951938831,3617,0.793898156277436,4415,0.855122990509394,4646,0.856089920766538
    Resource Industries,,—,,—,,—,,—,,—,,—,,—,,—,,414,0.231932773109244,894,0.274907749077491,1162,0.285083415112856,1117,0.279669504256385,432,0.162589386526157,428,0.108684611477908,332,0.100060277275467,284,0.0978635423845624,357,0.0867768595041322,382,0.0798494983277592,463,0.101959920722308,460,0.125614418350628,461,0.101185250219491,301,0.0582994383110595,339,0.062465450525152
    All Other,,1842,0.122840946982327,1926,0.13039063028908,1642,0.0934547524188958,11806,0.430954553750684,15160,0.43785922652572,29408,0.614484516695223,31140,0.622812456249125,11798,0.58178377317003,—,,—,,—,,—,,—,,—,,—,,—,,232,0.0563928050559067,328,0.068561872909699,373,0.082140497687734,354,0.0966684871654833,366,0.0803336259877085,305,0.0590741816773194,318,0.058595909342178
    Construction Industries,,—,,—,,—,,—,,—,,—,,—,,—,,516,0.289075630252101,674,0.207257072570726,575,0.141069676153091,470,0.117676514772158,330,0.124200225818592,124,0.0314880650076181,109,0.0328511151295961,78,0.0268780151619573,107,0.0260087506076811,121,0.0252926421404682,93,0.0204800704690597,42,0.0114691425450573,112,0.0245829675153644,142,0.0275033895022274,124,0.0228487193661323
  Financial Products,,—,,—,,—,,—,,—,,—,,—,,—,,0,,0,,0,,0,,0,,0,,0,,0,,0,,0,,0,,0,,0,,0,,0,
    Corporate Items & Eliminations,,—,,—,,—,,—,,—,,—,,—,,—,,—,,—,,—,,—,,—,,—,,—,,—,,—,,0,,0,,0,,0,,0,,0,
    Financial Products,,1,6.66888962987663e-05,0,,0,,1,3.65030114984486e-05,1,2.8882534731248e-05,1,2.08951481466004e-05,4,8.00016000320006e-05,0,,0,,—,,—,,—,,0,,0,,0,,—,,—,,0,,0,,0,,0,,0,,0,
  Machinery & Engines,,—,,14771,1.0,17570,1.0,27394,0.999963496988502,34622,0.999971117465269,47857,0.999979104851853,49995,0.999919998399968,20279,0.999999418216227,—,,—,,—,,—,,—,,—,,—,,—,,—,,—,,—,,—,,—,,—,,—,
    Mining,,—,,—,,—,,—,,—,,—,,—,,226,0.011144527270421,—,,—,,—,,—,,—,,—,,—,,—,,—,,—,,—,,—,,—,,—,,—,
    Logistics,,—,,—,,—,,—,,—,,—,,—,,1570,0.0774199460821281,—,,—,,—,,—,,—,,—,,—,,—,,—,,—,,—,,—,,—,,—,,—,
    Excavation,,—,,—,,—,,—,,—,,—,,—,,115,0.00567088777034696,—,,—,,—,,—,,—,,—,,—,,—,,—,,—,,—,,—,,—,,—,,—,
    Earthmoving,,—,,—,,—,,—,,—,,—,,—,,144,0.00710093772982576,—,,—,,—,,—,,—,,—,,—,,—,,—,,—,,—,,—,,—,,—,,—,
    Cat Japan,,—,,—,,—,,—,,—,,—,,—,,774,0.0381675402978135,—,,—,,—,,—,,—,,—,,—,,—,,—,,—,,—,,—,,—,,—,,—,
    Building Construction Products,,—,,—,,—,,—,,—,,—,,—,,57,0.00281078785138936,—,,—,,—,,—,,—,,—,,—,,—,,—,,—,,—,,—,,—,,—,,—,
    North America Marketing,,219,0.0146048682894298,152,0.0102904339584321,205,0.0116676152532726,323,0.0117904727139989,385,0.0111197758715305,317,0.00662376196247231,188,0.00376007520150403,—,,—,,—,,—,,—,,—,,—,,—,,—,,—,,—,,—,,—,,—,,—,,—,
    Latin America,,145,0.00966988996332111,181,0.0122537404373434,241,0.01371656232214,1236,0.0451177222120825,1670,0.0482338330011842,1864,0.0389485561452631,1933,0.0386607732154643,—,,—,,—,,—,,—,,—,,—,,—,,—,,—,,—,,—,,—,,—,,—,,—,
    EAME Marketing,,669,0.0446148716238746,1784,0.120777198564755,2326,0.132384746727376,6,0.000219018068990692,5,0.00014441267365624,5,0.000104475740733002,2,4.00008000160003e-05,—,,—,,—,,—,,—,,—,,—,,—,,—,,—,,—,,—,,—,,—,,—,,—,
    Heavy Construction & Mining,,7330,0.488829609869957,6728,0.45548710310744,7497,0.426693227091633,7565,0.276145281985764,9925,0.286659157207637,7362,0.153830080655272,8090,0.161803236064721,—,,—,,—,,—,,—,,—,,—,,—,,—,,—,,—,,—,,—,,—,,—,,—,
    Asia/Pacific Marketing,,12,0.000800266755585195,4,0.000270800893642949,5,0.000284575981787137,0,,3,8.6647604193744e-05,-1,-2.08951481466004e-05,0,,—,,—,,—,,—,,—,,—,,—,,—,,—,,—,,—,,—,,—,,—,,—,,—,
    Turbines,,—,,—,,—,,—,,—,,—,,—,,17,0.000838305148659986,—,,—,,—,,—,,—,,—,,—,,—,,—,,—,,—,,—,,—,,—,,—,
    Marine & Petroleum Power,,—,,—,,—,,—,,—,,—,,—,,85,0.00419152574329993,—,,—,,—,,—,,—,,—,,—,,—,,—,,—,,—,,—,,—,,—,,—,
    Power Systems Marketing,,—,,—,,—,,75,0.00273772586238365,27,0.000779828437743697,93,0.00194324877763383,105,0.00210004200084002,—,,—,,—,,—,,—,,—,,—,,—,,—,,—,,—,,—,,—,,—,,—,,—,
    Large Power Systems,,—,,—,,—,,6242,0.227851797773316,7259,0.209658319614129,8571,0.179092314764512,8233,0.164663293265865,5469,0.269687697530674,—,,—,,—,,—,,—,,—,,—,,—,,—,,—,,—,,—,,—,,—,,—,
    Electric Power,,—,,—,,—,,141,0.00514692462128126,188,0.00542991652947463,238,0.00497304525889089,304,0.00608012160243205,24,0.00118348962163763,—,,—,,—,,—,,—,,—,,—,,—,,—,,—,,—,,—,,—,,—,,—,
    Power Products,,4777,0.318572857619206,3996,0.270530092749306,5654,0.321798520204895,—,,—,,—,,—,,—,,—,,—,,—,,—,,—,,—,,—,,—,,—,,—,,—,,—,,—,,—,,—,
Revenue Including Intersegment Revenue,,35677,1.0,35152,1.0,40595,1.0,57957,1.0,71299,1.0,89828,1.0,95352,1.0,98237,1.0,34181,1.0,45840,1.0,64214,1.0,69869,1.0,58313,1.0,59122,1.0,50329,1.0,41844,1.0,49736,1.0,59506,1.0,58341,1.0,45410,1.0,55527,1.0,64590,1.0,72487,1.0
"  Machinery, Energy & Transportation",,—,,—,,—,,—,,—,,—,,—,,23111,0.23525759133524,31325,0.916444808519353,43119,0.940641361256545,61468,0.957236739651789,67062,0.959824815010949,55351,0.949205151509955,56080,0.948547072155881,47465,0.943094438594051,39080,0.933945129528726,46950,0.943984236770147,56606,0.951265418613249,55296,0.947806859669872,42684,0.939969169786391,52744,0.94988023844256,61737,0.955829075708314,69296,0.955978313352739
    Energy & Transportation,,—,,—,,—,,—,,—,,—,,—,,—,,14244,0.4167227407039,17221,0.375676265270506,22453,0.34965895287632,23529,0.336758791452576,22050,0.378131805943786,25692,0.434559047393525,21396,0.425122692682151,16951,0.405099894847529,19382,0.389697603345665,22785,0.382902564447283,22097,0.378755934934266,17470,0.384717022682229,20287,0.36535379184901,23752,0.367734943489704,28001,0.386289955440286
    Construction Industries,,—,,—,,—,,—,,—,,—,,—,,—,,9023,0.26397706328077,14246,0.310776614310646,20242,0.31522720901984,19804,0.283444732284704,18862,0.323461320803251,20714,0.350360271979974,17906,0.355778974348785,15690,0.374964152566676,19240,0.386842528550748,23237,0.39049843713239,22649,0.388217548550762,16918,0.37256110988769,22106,0.398112629891764,25269,0.391221551323734,27418,0.37824713396885
    Resource Industries,,—,,—,,—,,—,,—,,—,,—,,—,,6271,0.183464497820427,9561,0.208573298429319,16791,0.261485034416171,22275,0.318810917574318,12237,0.209850290672749,9562,0.161733364906465,8071,0.16036479961851,6010,0.143628716183921,7861,0.158054527907351,10270,0.172587638221356,10276,0.176136850585352,7906,0.174102620568157,9963,0.179426225079691,12314,0.190648707230221,13583,0.187385324265041
    All Other,,3080,0.0863301286543151,3179,0.0904358215748748,3108,0.0765611528513364,17865,0.308245768414514,22140,0.310523289246693,37260,0.41479271496638,41072,0.430740833962581,23111,0.23525759133524,1791,0.0523975307919604,2156,0.0470331588132635,2021,0.0314728875323138,1501,0.0214830611573087,2263,0.038807813009106,236,0.00399174588139779,203,0.00403345983429037,544,0.0130006691520887,570,0.0114605115007238,482,0.00810002352703929,500,0.00857030218885518,467,0.0102840783968289,511,0.00920273020332451,450,0.00696702275894101,449,0.00619421413494834
    Corporate,,—,,—,,—,,—,,—,,—,,—,,—,,-4,,-65,,-39,,-47,,-61,,-124,,-111,,-115,,-103,,-168,,-226,,-77,,-123,,-48,,-155,
  Financial Products,,—,,—,,—,,—,,—,,—,,—,,3561,0.0362490711239146,2856,0.0835551914806471,2721,0.0593586387434555,2746,0.0427632603482107,2807,0.0401751849890509,2962,0.0507948484900451,3042,0.0514529278441189,2864,0.0569055614059489,2764,0.0660548704712743,2786,0.0560157632298536,2900,0.0487345813867509,3045,0.052193140330128,2726,0.0600308302136093,2783,0.0501197615574405,2853,0.044170924291686,3191,0.0440216866472609
    Financial Products,,1718,0.0481542730610758,1779,0.0506087847064179,2020,0.0497598226382559,2440,0.0421001777179633,2868,0.0402249680921191,3360,0.0374048180968072,3674,0.0385309170232402,3561,0.0362490711239146,3139,0.0918346449782043,2946,0.0642670157068063,3003,0.0467655028498458,3090,0.0442256222358986,3224,0.0552878431910552,3313,0.056036669936741,3078,0.0611575831031811,2993,0.0715275786253704,3093,0.0621883545118224,3279,0.0551036870231573,3434,0.0588608354330574,3044,0.0670336930191588,3073,0.0553424460172529,3253,0.0503638334107447,3785,0.0522162594672148
    Corporate Items & Eliminations,,—,,—,,—,,—,,—,,—,,—,,—,,-283,,-225,,-257,,-283,,-262,,-271,,-214,,-229,,-307,,-379,,-389,,-318,,-290,,-400,,-594,
  Machinery & Engines,,—,,33373,0.949391215293582,38575,0.950240177361744,55517,0.957899822282037,68431,0.959775031907881,86468,0.962595181903193,91678,0.96146908297676,68004,0.69224426641693,—,,—,,—,,—,,—,,—,,—,,—,,—,,—,,—,,—,,—,,—,,—,
    Mining,,—,,—,,—,,—,,—,,—,,—,,4496,0.0457668699166302,—,,—,,—,,—,,—,,—,,—,,—,,—,,—,,—,,—,,—,,—,,—,
    Logistics,,—,,—,,—,,—,,—,,—,,—,,2420,0.0246343027576168,—,,—,,—,,—,,—,,—,,—,,—,,—,,—,,—,,—,,—,,—,,—,
    Excavation,,—,,—,,—,,—,,—,,—,,—,,6033,0.0614127060069017,—,,—,,—,,—,,—,,—,,—,,—,,—,,—,,—,,—,,—,,—,,—,
    Earthmoving,,—,,—,,—,,—,,—,,—,,—,,7611,0.0774759001190997,—,,—,,—,,—,,—,,—,,—,,—,,—,,—,,—,,—,,—,,—,,—,
    Cat Japan,,—,,—,,—,,—,,—,,—,,—,,1119,0.0113908201594104,—,,—,,—,,—,,—,,—,,—,,—,,—,,—,,—,,—,,—,,—,,—,
    Building Construction Products,,—,,—,,—,,—,,—,,—,,—,,3286,0.0334497185378218,—,,—,,—,,—,,—,,—,,—,,—,,—,,—,,—,,—,,—,,—,,—,
    North America Marketing,,6097,0.170894413767974,5727,0.162921028675467,6638,0.163517674590467,9205,0.158824645858136,11373,0.159511353595422,12143,0.135180567306408,9759,0.102347092876919,—,,—,,—,,—,,—,,—,,—,,—,,—,,—,,—,,—,,—,,—,,—,,—,
    Latin America,,1624,0.0455195223813661,1494,0.0425011379153391,1525,0.0375662027343269,2966,0.0511758717669997,3945,0.0553303692898919,4660,0.0518769203366434,5463,0.0572929775987918,—,,—,,—,,—,,—,,—,,—,,—,,—,,—,,—,,—,,—,,—,,—,,—,
    EAME Marketing,,4072,0.114135157104017,4612,0.131201638598088,5507,0.135657100628156,3884,0.0670152009248236,4402,0.061739996353385,5287,0.0588569265707797,7518,0.0788447017367229,—,,—,,—,,—,,—,,—,,—,,—,,—,,—,,—,,—,,—,,—,,—,,—,
    Heavy Construction & Mining,,7552,0.211676990778373,6965,0.198139508420574,7771,0.191427515703904,7518,0.129716859050676,9928,0.13924458968569,7299,0.0812552878835107,8022,0.0841303800654417,—,,—,,—,,—,,—,,—,,—,,—,,—,,—,,—,,—,,—,,—,,—,,—,
    Asia/Pacific Marketing,,1423,0.0398856406087956,1664,0.0473372781065089,1995,0.0491439832491686,2110,0.0364063012233207,2465,0.0345727149048374,2678,0.0298125306140624,3396,0.0356154039768437,—,,—,,—,,—,,—,,—,,—,,—,,—,,—,,—,,—,,—,,—,,—,,—,
    Turbines,,—,,—,,—,,—,,—,,—,,—,,3430,0.0349155613465395,—,,—,,—,,—,,—,,—,,—,,—,,—,,—,,—,,—,,—,,—,,—,
    Marine & Petroleum Power,,—,,—,,—,,—,,—,,—,,—,,4151,0.0422549548540774,—,,—,,—,,—,,—,,—,,—,,—,,—,,—,,—,,—,,—,,—,,—,
    Power Systems Marketing,,—,,—,,—,,4005,0.0691029556395259,4723,0.0662421632841975,5933,0.0660484481453444,5071,0.0531818944542327,—,,—,,—,,—,,—,,—,,—,,—,,—,,—,,—,,—,,—,,—,,—,,—,
    Large Power Systems,,—,,—,,—,,6066,0.104663802474248,7131,0.100015427986367,8306,0.0924656009262145,7883,0.0826726235422435,8689,0.0884493622565836,—,,—,,—,,—,,—,,—,,—,,—,,—,,—,,—,,—,,—,,—,,—,
    Electric Power,,—,,—,,—,,1898,0.0327484169297928,2324,0.0325951275613964,2902,0.0323061851538496,3494,0.0366431747629835,3658,0.0372364791270092,—,,—,,—,,—,,—,,—,,—,,—,,—,,—,,—,,—,,—,,—,,—,
    Power Products,,10111,0.283403873644084,9732,0.276854802002731,12031,0.296366547604385,—,,—,,—,,—,,—,,—,,—,,—,,—,,—,,—,,—,,—,,—,,—,,—,,—,,—,,—,,—,
Cost of Revenue,,—,,—,,—,,—,,—,,29549,1.0,32626,1.0,0.038415,1.0,23886,1.0,30367,1.0,43578,1.0,47055,1.0,40727,1.0,40720,1.0,33548,1.0,28311,1.0,31261,1.0,36998,1.0,36634,1.0,29088,1.0,35521,1.0,41356,1.0,43797,1.0
"  Machinery, Energy & Transportation",,—,,—,,—,,—,,—,,—,,—,,—,,23886,1.0,30367,1.0,43578,1.0,47055,1.0,40727,1.0,40720,1.0,33548,1.0,28311,1.0,31261,1.0,36998,1.0,36634,1.0,29088,1.0,35521,1.0,41356,1.0,42776,1.0
  Adjustments,,—,,—,,—,,—,,—,,—,,—,,—,,—,,—,,—,,—,,—,,—,,—,,—,,—,,—,,—,,—,,—,,—,,1021,
  Financial Products,,—,,—,,—,,—,,—,,0,,0,,0,,0,,0,,0,,0,,0,,0,,0,,0,,0,,0,,0,,0,,0,,0,,0,
  Machinery & Engines,,—,,—,,—,,—,,—,,29549,1.0,32626,1.0,0.038415,1.0,—,,—,,—,,—,,—,,—,,—,,—,,—,,—,,—,,—,,—,,—,,—,
Operating Income,,1311,1.0,1324,1.0,1688,1.0,2684,1.0,3784,1.0,4921,1.0,4921,1.0,4448,1.0,577,1.0,3963,1.0,7153,1.0,8573,1.0,5628,1.0,3314,1.0,3785,1.0,498,1.0,4460,1.0,8293,1.0,—,,—,,—,,—,,—,
  Adjustments,,-287,,-116,,17,,-1047,,-1431,,-1763,,-1462,,714,,-261,,-211,,-253,,-282,,-270,,-2292,,-259,,-240,,-322,,-384,,—,,—,,—,,—,,—,
  Machinery & Engines,,—,,1172,0.813888888888889,1332,0.797127468581688,3271,0.876708657196462,4649,0.891466922339406,5968,0.892878515858767,5607,0.87842707190976,3186,0.853240492769148,—,,—,,—,,—,,—,,—,,—,,—,,—,,—,,—,,—,,—,,—,,—,
    Mining,,—,,—,,—,,—,,—,,—,,—,,590,0.158007498660953,—,,—,,—,,—,,—,,—,,—,,—,,—,,—,,—,,—,,—,,—,,—,
    Logistics,,—,,—,,—,,—,,—,,—,,—,,388,0.103910016068559,—,,—,,—,,—,,—,,—,,—,,—,,—,,—,,—,,—,,—,,—,,—,
    Excavation,,—,,—,,—,,—,,—,,—,,—,,19,0.00508837707552223,—,,—,,—,,—,,—,,—,,—,,—,,—,,—,,—,,—,,—,,—,,—,
    Earthmoving,,—,,—,,—,,—,,—,,—,,—,,435,0.116497054097483,—,,—,,—,,—,,—,,—,,—,,—,,—,,—,,—,,—,,—,,—,,—,
    Cat Japan,,—,,—,,—,,—,,—,,—,,—,,-28,-0.00749866095340118,—,,—,,—,,—,,—,,—,,—,,—,,—,,—,,—,,—,,—,,—,,—,
    Building Construction Products,,—,,—,,—,,—,,—,,—,,—,,-99,-0.0265131226566685,—,,—,,—,,—,,—,,—,,—,,—,,—,,—,,—,,—,,—,,—,,—,
    North America Marketing,,54,0.0337922403003755,64,0.0444444444444444,177,0.105924596050269,392,0.105065666041276,278,0.0533077660594439,370,0.0553560742070616,8,0.00125332915556948,—,,—,,—,,—,,—,,—,,—,,—,,—,,—,,—,,—,,—,,—,,—,,—,
    Latin America,,59,0.0369211514392991,72,0.05,62,0.0371035308198683,228,0.0611096220852318,202,0.0387344199424736,317,0.0474266906044285,260,0.0407331975560081,—,,—,,—,,—,,—,,—,,—,,—,,—,,—,,—,,—,,—,,—,,—,,—,
    EAME Marketing,,164,0.102628285356696,135,0.09375,177,0.105924596050269,82,0.021978021978022,71,0.013614573346117,170,0.0254338719329743,240,0.0375998746670844,—,,—,,—,,—,,—,,—,,—,,—,,—,,—,,—,,—,,—,,—,,—,,—,
    Heavy Construction & Mining,,526,0.329161451814769,431,0.299305555555556,538,0.32196289646918,900,0.241222192441705,1452,0.278427612655801,1041,0.155745062836625,1039,0.162776124079586,—,,—,,—,,—,,—,,—,,—,,—,,—,,—,,—,,—,,—,,—,,—,,—,
    Asia/Pacific Marketing,,18,0.0112640801001252,113,0.0784722222222222,115,0.068821065230401,134,0.0359153042079871,94,0.0180249280920422,81,0.0121184919210054,116,0.0181732727557575,—,,—,,—,,—,,—,,—,,—,,—,,—,,—,,—,,—,,—,,—,,—,,—,
    Turbines,,—,,—,,—,,—,,—,,—,,—,,625,0.167380824852705,—,,—,,—,,—,,—,,—,,—,,—,,—,,—,,—,,—,,—,,—,,—,
    Marine & Petroleum Power,,—,,—,,—,,—,,—,,—,,—,,421,0.112747723620782,—,,—,,—,,—,,—,,—,,—,,—,,—,,—,,—,,—,,—,,—,,—,
    Power Systems Marketing,,—,,—,,—,,9,0.00241222192441705,116,0.0222435282837967,161,0.0240873728306403,64,0.0100266332445559,—,,—,,—,,—,,—,,—,,—,,—,,—,,—,,—,,—,,—,,—,,—,,—,
    Large Power Systems,,—,,—,,—,,243,0.0651299919592603,464,0.088974113135187,747,0.111759425493716,522,0.0817797274009087,582,0.155865024102839,—,,—,,—,,—,,—,,—,,—,,—,,—,,—,,—,,—,,—,,—,,—,
    Electric Power,,—,,—,,—,,-37,-0.00991691235593675,109,0.0209012464046021,178,0.0266307600239378,328,0.0513864953783487,253,0.0677557579003749,—,,—,,—,,—,,—,,—,,—,,—,,—,,—,,—,,—,,—,,—,,—,
    Power Products,,195,0.122027534418023,34,0.0236111111111111,-87,-0.052064631956912,—,,—,,—,,—,,—,,—,,—,,—,,—,,—,,—,,—,,—,,—,,—,,—,,—,,—,,—,,—,
"  Machinery, Energy & Transportation",,—,,—,,—,,—,,—,,—,,—,,—,,457,0.545346062052506,3787,0.907283181600383,6823,0.921280043208209,8114,0.916318464144551,4915,0.833333333333333,4721,0.842133428469497,3270,0.808605341246291,89,0.12059620596206,4106,0.858636553743204,8155,0.939840958856748,—,,—,,—,,—,,—,
    Construction Industries,,—,,—,,—,,—,,—,,—,,—,,—,,-768,-0.916467780429594,783,0.187589841878294,2056,0.27761274642182,1789,0.202032749858837,1374,0.232960325534079,2207,0.39368533713878,1865,0.461177052423343,1650,2.23577235772358,3255,0.680677540777917,4174,0.481041834735508,—,,—,,—,,—,,—,
    All Other,,248,0.155193992490613,323,0.224305555555556,350,0.209455415918612,1320,0.3537925489145,1863,0.357238734419943,2903,0.434320766008378,3030,0.474698417671941,0,,625,0.74582338902148,720,0.172496406324868,837,0.113016473129895,1014,0.114511575381141,736,0.124788063750424,850,0.151623260792009,-75,-0.0185459940652819,-77,-0.104336043360434,-44,-0.00920117105813467,23,0.00265068572087127,—,,—,,—,,—,,—,
    Corporate,,—,,—,,—,,—,,—,,—,,—,,—,,-1348,,-1793,,-2457,,-2441,,-2182,,-2875,,-1911,,-2659,,-2659,,-1583,,—,,—,,—,,—,,—,
    Resource Industries,,—,,—,,—,,—,,—,,—,,—,,—,,288,0.343675417661098,1789,0.428605654048874,3334,0.450175533351337,4318,0.487634105025409,1572,0.266531027466938,501,0.089368533713878,1,0.000247279920870425,-1047,-1.41869918699187,698,0.145964031785864,1603,0.184741270024202,—,,—,,—,,—,,—,
    Energy & Transportation,,—,,—,,—,,—,,—,,—,,—,,—,,1660,1.98090692124105,2288,0.548155246765692,3053,0.412233324331623,3434,0.387803500846979,3415,0.57900983384198,4038,0.720299678915448,3390,0.838278931750742,2222,3.01084010840108,2856,0.59723964868256,3938,0.453843494295263,—,,—,,—,,—,,—,
  Financial Products,,—,,—,,—,,—,,—,,—,,—,,—,,381,0.454653937947494,387,0.0927168183996167,583,0.0787199567917904,741,0.0836815358554489,983,0.166666666666667,885,0.157866571530503,774,0.191394658753709,649,0.87940379403794,676,0.141363446256796,522,0.0601590411432523,—,,—,,—,,—,,—,
    Corporate Items & Eliminations,,—,,—,,—,,—,,—,,—,,—,,—,,-18,,-42,,-4,,-22,,-7,,-16,,-35,,-53,,-116,,17,,—,,—,,—,,—,,—,
    Financial Products,,334,0.2090112640801,268,0.186111111111111,339,0.202872531418312,460,0.123291342803538,566,0.108533077660594,716,0.107121484141233,776,0.12157292809024,548,0.146759507230852,399,0.476133651551313,429,0.102779108768567,587,0.0792600594112882,763,0.0861660079051383,990,0.167853509664293,901,0.160720656439529,809,0.200049455984174,702,0.951219512195122,792,0.165621079046424,505,0.0581998386539126,—,,—,,—,,—,,—,
Interest Expense,,—,,—,,—,,—,,—,,285,1.0,294,1.0,0.000274,1.0,475,1.0,407,1.0,439,1.0,—,,508,1.0,484,1.0,593,1.0,611,1.0,667,1.0,756,1.0,786,1.0,591,1.0,455,1.0,565,1.0,511,1.0
"  Machinery, Energy & Transportation",,—,,—,,—,,—,,—,,—,,—,,—,,475,1.0,407,1.0,439,1.0,—,,508,1.0,484,1.0,—,,—,,—,,0,,0,,0,,0,,0,,511,1.0
  Financial Products,,—,,—,,—,,—,,—,,0,,0,,0,,0,,0,,0,,—,,0,,0,,593,1.0,611,1.0,667,1.0,756,1.0,786,1.0,591,1.0,455,1.0,565,1.0,0,
  Machinery & Engines,,—,,—,,—,,—,,—,,285,1.0,294,1.0,0.000274,1.0,—,,—,,—,,—,,—,,—,,—,,—,,—,,—,,—,,—,,—,,—,,—,
Operating Income Growth %,,—,,—,,—,,—,,—,,—,,—,,—,,—,,—,,—,,—,,—,,—,,—,,—,,—,,—,,—,,—,,—,,—,,—,
"  Machinery, Energy & Transportation",,—,,—,,—,,—,,—,,—,,—,,—,,—,,—,,80,,19,,-39,,-4,,-42,,-97,,445,,99,,-2,,-46,,47,,17,,70,
    All Other,,—,,—,,—,,—,,—,,—,,—,,—,,—,,—,,16,,21,,-26,,15,,-8,,-3,,48,,152,,-83,,600,,0,,21,,264,
    Resource Industries,,—,,—,,—,,—,,—,,—,,—,,—,,—,,—,,86,,30,,-63,,-74,,-122,,—,,—,,130,,2,,-45,,44,,49,,55,
    Energy & Transportation,,—,,—,,—,,—,,—,,—,,—,,—,,—,,—,,33,,12,,-1,,21,,-22,,-34,,31,,38,,-1,,-38,,15,,18,,49,
    Construction Industries,,—,,—,,—,,—,,—,,—,,—,,—,,—,,—,,163,,-13,,-26,,61,,-13,,-12,,99,,28,,-6,,-40,,56,,27,,47,
  Financial Products,,—,,—,,—,,—,,—,,—,,—,,—,,—,,—,,51,,27,,33,,-10,,-13,,-16,,4,,-23,,44,,-28,,52,,5,,4,
    Financial Products,,—,,—,,—,,—,,—,,—,,—,,—,,—,,—,,37,,30,,30,,-9,,-10,,-13,,13,,-36,,65,,-29,,54,,9,,5,
Segment Profit,,—,,—,,—,,—,,—,,6684,1.0,6383,1.0,3734.000548,1.0,1579,1.0,5289,1.0,9030,1.0,10304,1.0,7351,1.0,7886,1.0,6065,1.0,498,1.0,4460,1.0,8293,1.0,8290,1.0,4553,1.0,7193,1.0,8323,1.0,12966,1.0
"  Machinery, Energy & Transportation",,—,,—,,—,,—,,—,,—,,—,,—,,1180,0.747308423052565,4860,0.918888258650028,8443,0.93499446290144,9541,0.925951086956522,6361,0.865324445653653,6985,0.885746893228506,5256,0.866611706512778,89,0.12059620596206,4106,0.858636553743204,8155,0.939840958856748,7970,0.913886022245155,4321,0.88946068340881,6377,0.886556374252746,7433,0.89306740358044,12659,0.932042409070829
    Construction Industries,,—,,—,,—,,—,,—,,—,,—,,—,,-768,-0.486383787207093,783,0.14804310833806,2056,0.227685492801772,1789,0.173621894409938,1374,0.186913345123113,2133,0.270479330459041,1865,0.307502061005771,1650,2.23577235772358,3255,0.680677540777917,4174,0.481041834735508,3931,0.450751060658181,2373,0.488472622478386,3706,0.515223133602113,4743,0.569866634626937,6975,0.513547342070387
    Energy & Transportation,,—,,—,,—,,—,,—,,—,,—,,—,,1660,1.051298290057,2288,0.432595953866515,3053,0.338095238095238,3434,0.333268633540373,3415,0.464562644538158,4287,0.543621607912757,3390,0.558944765045342,2222,3.01084010840108,2856,0.59723964868256,3938,0.453843494295263,3910,0.448343079922027,2405,0.49505969534788,2768,0.384818573613235,3309,0.39757299050823,4936,0.363422176409954
    Resource Industries,,—,,—,,—,,—,,—,,—,,—,,—,,288,0.18239392020266,1789,0.338249196445453,3334,0.36921373200443,4318,0.419060559006211,1572,0.213848455992382,565,0.0716459548567081,1,0.000164880461665293,-1047,-1.41869918699187,698,0.145964031785864,1603,0.184741270024202,1629,0.186790505675955,896,0.184438040345821,1291,0.179480050048658,1827,0.219512195121951,2834,0.208658518627595
    All Other,,—,,—,,—,,—,,—,,2903,0.434320766008378,3030,0.474698417671941,—,,—,,—,,—,,—,,—,,—,,—,,-77,-0.104336043360434,-44,-0.00920117105813467,23,0.00265068572087127,4,0.000458662997362688,28,0.00576368876080692,-14,-0.00194633671625191,-11,-0.00132163883215187,18,0.00132528346340745
    Corporate,,—,,—,,—,,—,,—,,—,,—,,—,,—,,—,,—,,—,,—,,—,,—,,-2659,,-2659,,-1583,,-1504,,-1381,,-1374,,-2435,,-2104,
  Financial Products,,—,,—,,—,,—,,—,,—,,—,,0.000548,1.46759485692502e-07,399,0.252691576947435,429,0.0811117413499716,587,0.0650055370985604,763,0.0740489130434783,990,0.134675554346347,901,0.114253106771494,809,0.133388293487222,649,0.87940379403794,676,0.141363446256796,522,0.0601590411432523,751,0.0861139777548446,537,0.11053931659119,816,0.113443625747254,890,0.10693259641956,923,0.067957590929171
    Financial Products,,—,,—,,—,,—,,—,,716,0.107121484141233,776,0.12157292809024,548,0.146759485692502,399,0.252691576947435,—,,—,,—,,990,0.134675554346347,901,0.114253106771494,809,0.133388293487222,702,0.951219512195122,792,0.165621079046424,505,0.0581998386539126,832,0.095401903451439,590,0.121449156031289,908,0.126233838454053,864,0.103808722816292,909,0.0669268149020763
    Corporate Items & Eliminations,,—,,—,,—,,—,,—,,—,,—,,—,,—,,—,,—,,—,,—,,—,,—,,-53,,-116,,17,,-81,,-53,,-92,,26,,14,
  Adjustments,,—,,—,,—,,—,,—,,—,,—,,—,,—,,—,,—,,—,,—,,—,,—,,-240,,-322,,-384,,-431,,-305,,—,,—,,-616,
  Machinery & Engines,,—,,—,,—,,—,,—,,5968,0.892878515858767,5607,0.87842707190976,3186,0.853240367548012,—,,—,,—,,—,,—,,—,,—,,—,,—,,—,,—,,—,,—,,—,,—,
    Mining,,—,,—,,—,,—,,—,,—,,—,,590,0.158007475471854,—,,—,,—,,—,,—,,—,,—,,—,,—,,—,,—,,—,,—,,—,,—,
    Logistics,,—,,—,,—,,—,,—,,—,,—,,388,0.103910000818779,—,,—,,—,,—,,—,,—,,—,,—,,—,,—,,—,,—,,—,,—,,—,
    Excavation,,—,,—,,—,,—,,—,,—,,—,,19,0.00508837632875463,—,,—,,—,,—,,—,,—,,—,,—,,—,,—,,—,,—,,—,,—,,—,
    Earthmoving,,—,,—,,—,,—,,—,,—,,—,,435,0.116497037000435,—,,—,,—,,—,,—,,—,,—,,—,,—,,—,,—,,—,,—,,—,,—,
    Cat Japan,,—,,—,,—,,—,,—,,—,,—,,-28,-0.00749865985290155,—,,—,,—,,—,,—,,—,,—,,—,,—,,—,,—,,—,,—,,—,,—,
    Building Construction Products,,—,,—,,—,,—,,—,,—,,—,,-99,-0.0265131187656162,—,,—,,—,,—,,—,,—,,—,,—,,—,,—,,—,,—,,—,,—,,—,
    North America Marketing,,—,,—,,—,,—,,—,,370,0.0553560742070616,8,0.00125332915556948,—,,—,,—,,—,,—,,—,,—,,—,,—,,—,,—,,—,,—,,—,,—,,—,
    Latin America,,—,,—,,—,,—,,—,,317,0.0474266906044285,260,0.0407331975560081,—,,—,,—,,—,,—,,—,,—,,—,,—,,—,,—,,—,,—,,—,,—,,—,
    EAME Marketing,,—,,—,,—,,—,,—,,170,0.0254338719329743,240,0.0375998746670844,—,,—,,—,,—,,—,,—,,—,,—,,—,,—,,—,,—,,—,,—,,—,,—,
    Heavy Construction & Mining,,—,,—,,—,,—,,—,,1041,0.155745062836625,1039,0.162776124079586,—,,—,,—,,—,,—,,—,,—,,—,,—,,—,,—,,—,,—,,—,,—,,—,
    Asia/Pacific Marketing,,—,,—,,—,,—,,—,,81,0.0121184919210054,116,0.0181732727557575,—,,—,,—,,—,,—,,—,,—,,—,,—,,—,,—,,—,,—,,—,,—,,—,
    Turbines,,—,,—,,—,,—,,—,,—,,—,,625,0.167380800287981,—,,—,,—,,—,,—,,—,,—,,—,,—,,—,,—,,—,,—,,—,,—,
    Marine & Petroleum Power,,—,,—,,—,,—,,—,,—,,—,,421,0.112747707073984,—,,—,,—,,—,,—,,—,,—,,—,,—,,—,,—,,—,,—,,—,,—,
    Power Systems Marketing,,—,,—,,—,,—,,—,,161,0.0240873728306403,64,0.0100266332445559,—,,—,,—,,—,,—,,—,,—,,—,,—,,—,,—,,—,,—,,—,,—,,—,
    Large Power Systems,,—,,—,,—,,—,,—,,747,0.111759425493716,522,0.0817797274009087,582,0.155865001228168,—,,—,,—,,—,,—,,—,,—,,—,,—,,—,,—,,—,,—,,—,,—,
    Electric Power,,—,,—,,—,,—,,—,,178,0.0266307600239378,328,0.0513864953783487,253,0.0677557479565748,—,,—,,—,,—,,—,,—,,—,,—,,—,,—,,—,,—,,—,,—,,—,
Segment Profit to Sales (%),,—,,—,,—,,—,,—,,—,,—,,—,,—,,—,,—,,—,,—,,—,,—,,—,,—,,—,,—,,—,,—,,—,,—,
  Construction Industries,,—,,—,,—,,—,,—,,—,,—,,—,,—,,—,,—,,—,,—,,—,,—,,22.55,,16.9,,18,,17.4,,14,,16.8,,18.8,,25.4,
  Resource Industries,,—,,—,,—,,—,,—,,—,,—,,—,,—,,—,,—,,—,,—,,—,,—,,31,,8.9,,15.6,,15.9,,11.3,,11.3,,14.8,,20.9,
  Energy & Transportation,,—,,—,,—,,—,,—,,—,,—,,—,,—,,—,,—,,—,,—,,—,,—,,10.57,,14.7,,17.3,,13.8,,13.8,,13.6,,13.9,,17.6,
Pretax Income,,—,,—,,—,,—,,—,,4861,1.0,4953,1.0,4501,1.0,569,1.0,3750,1.0,6725,1.0,8236,1.0,5128,1.0,3152,1.0,3439,1.0,139,1.0,4082,1.0,7822,1.0,7812,1.0,3995,1.0,8204,1.0,8752,1.0,13050,1.0
"  Machinery, Energy & Transportation",,—,,—,,—,,—,,—,,—,,—,,—,,174,0.305799648506151,3303,0.8808,6105,0.907806691449814,7456,0.905293831957261,4108,0.801092043681747,2243,0.711611675126904,2617,0.760977028205874,-553,-3.97841726618705,3314,0.811856932876041,7735,0.938599684504308,7006,0.893964527242567,3746,0.868134414831982,8151,0.90026507620941,8363,0.906361764387125,12488,0.932288167226577
  Financial Products,,—,,—,,—,,—,,—,,745,0.153260645957622,767,0.154855643044619,554,0.12308375916463,395,0.694200351493849,447,0.1192,620,0.0921933085501859,780,0.0947061680427392,1020,0.198907956318253,909,0.288388324873096,822,0.239022971794126,692,4.97841726618705,768,0.188143067123959,506,0.0614003154956923,831,0.106035472757433,569,0.131865585168019,903,0.0997349237905898,864,0.0936382356128753,907,0.0677118327734229
  Adjustments,,—,,—,,—,,—,,—,,0,,0,,0,,0,,0,,0,,0,,0,,0,,0,,0,,0,,-419,,-25,,-320,,-850,,-475,,-345,
  Machinery & Engines,,—,,—,,—,,—,,—,,4116,0.846739354042378,4186,0.845144356955381,3947,0.87691624083537,—,,—,,—,,—,,—,,—,,—,,—,,—,,—,,—,,—,,—,,—,,—,
Income Taxes,,—,,—,,—,,—,,—,,—,,—,,—,,—,,—,,—,,—,,—,,—,,916,1.0,192,1.0,3339,1.0,1698,1.0,1746,1.0,1006,1.0,1742,1.0,2067,1.0,2781,1.0
"  Machinery, Energy & Transportation",,—,,—,,—,,—,,—,,—,,—,,—,,—,,—,,—,,—,,—,,—,,686,0.748908296943231,-24,-0.125,3317,0.993411200958371,1574,0.926972909305065,1512,0.865979381443299,853,0.847912524850895,1517,0.870838117106774,1858,0.898887276245767,2560,0.920532182668105
  Financial Products,,—,,—,,—,,—,,—,,—,,—,,—,,—,,—,,—,,—,,—,,—,,230,0.251091703056769,216,1.125,22,0.00658879904162923,124,0.0730270906949352,234,0.134020618556701,153,0.152087475149105,225,0.129161882893226,209,0.101112723754233,221,0.079467817331895
Net Income,,—,,—,,—,,—,,—,,3537,1.0,3541,1.0,3557,1.0,895,1.0,2700,1.0,4928,1.0,5681,1.0,3789,1.0,2452,1.0,2512,1.0,-67,,754,1.0,6147,1.0,6093,1.0,2998,1.0,6489,1.0,6705,1.0,10335,1.0
"  Machinery, Energy & Transportation",,—,,—,,—,,—,,—,,—,,—,,—,,895,0.74459234608985,2700,0.885245901639344,4928,0.915814904292882,5681,0.911000641436818,3789,0.839202657807309,2452,0.793014230271669,2512,0.809539155655817,-67,-0.166253101736973,754,0.505361930294906,6204,0.944867499238501,5543,0.906015037593985,2917,0.879144062688367,6673,0.909251941681428,6532,0.90974930362117,9999,0.93623595505618
  Financial Products,,—,,—,,—,,—,,—,,500,0.12385434728759,506,0.125030887076847,0.000409,0.103126575895108,307,0.25540765391015,350,0.114754098360656,453,0.0841850957071176,555,0.0889993585631815,726,0.160797342192691,640,0.206985769728331,591,0.190460844344183,470,1.16625310173697,738,0.494638069705094,362,0.0551325007614986,575,0.093984962406015,401,0.120855937311634,666,0.090748058318572,648,0.0902506963788301,681,0.0637640449438202
  Adjustments,,—,,—,,—,,—,,—,,—,,—,,—,,—,,-350,,-453,,-555,,-726,,-640,,-591,,-470,,-738,,-419,,-25,,-320,,-850,,-475,,-345,
  Machinery & Engines,,—,,—,,—,,—,,—,,3537,0.87614565271241,3541,0.874969112923153,0.003557,0.896873424104891,—,,—,,—,,—,,—,,—,,—,,—,,—,,—,,—,,—,,—,,—,,—,
  Reconciliation,,—,,—,,—,,—,,—,,-500,,-506,,3556.996034,,-307,,—,,—,,—,,—,,—,,—,,—,,—,,—,,—,,—,,—,,—,,—,
Revenue Growth %,,—,,—,,—,,—,,—,,—,,—,,—,,—,,—,,—,,—,,—,,—,,—,,—,,—,,—,,—,,—,,—,,—,,—,
"  Machinery, Energy & Transportation",,—,,—,,—,,—,,—,,—,,—,,—,,—,,—,,44,,10,,-16,,-1,,-15,,-19,,12,,12,,-2,,-23.12,,22,,17,,13,
    Energy & Transportation,,—,,—,,—,,—,,—,,—,,—,,—,,—,,—,,29,,5,,-5,,8,,-17,,-22,,11,,11,,-3,,-20.67,,14,,17,,18,
    Resource Industries,,—,,—,,—,,—,,—,,—,,—,,—,,—,,—,,80,,35,,-40,,-24,,-15,,-26,,21,,21,,0,,-24.12,,28,,26,,10,
    Construction Industries,,—,,—,,—,,—,,—,,—,,—,,—,,—,,—,,45,,-2,,-5,,4,,-14,,-12,,8,,8,,-3,,-25.18,,30,,14,,9,
    All Other,,—,,—,,—,,—,,—,,—,,—,,—,,—,,—,,-6,,-26,,-20,,-1,,-2,,-32,,-17,,-17,,4,,-11.02,,28,,-12,,0,
  Financial Products,,—,,—,,—,,—,,—,,—,,—,,—,,—,,—,,1,,2,,6,,3,,-6,,-3,,1,,1,,5,,-10.48,,1,,3,,12,
    Financial Products,,—,,—,,—,,—,,—,,—,,—,,—,,—,,—,,2,,3,,4,,3,,-7,,-3,,4,,4,,5,,-11.36,,1,,6,,16,
Organic Growth,,—,,—,,—,,—,,—,,—,,—,,—,,—,,—,,—,,—,,—,,—,,—,,—,,—,,—,,—,,—,,—,,—,,—,
  Total Company,,—,,—,,—,,—,,—,,—,,—,,—,,—,,31.92,,31.13,,5.97,,-14.23,,-0.57,,-11.43,,-17.55,,17.86,,19.56,,-0.56,,-21.35,,—,,—,,—,
"    Machinery , Energy & Transportation",,—,,—,,—,,—,,—,,—,,—,,—,,—,,—,,33.25,,6.26,,-14.86,,-0.6,,-12.1,,-18.69,,19.24,,20.84,,-0.59,,-22.64,,—,,—,,—,
      Construction Industries,,—,,—,,—,,—,,—,,—,,—,,—,,—,,—,,41.42,,-0.19,,-2.18,,5.69,,-10.41,,-12.2,,22.7,,19.67,,-0.91,,-24.62,,—,,—,,—,
      All Other,,—,,—,,—,,—,,—,,—,,—,,—,,—,,—,,-8.3,,-11.08,,-15.46,,-0.35,,-0.27,,-31.03,,7.17,,-4.74,,-4.98,,-11.02,,—,,—,,—,
      Corporate,,—,,—,,—,,—,,—,,—,,—,,—,,—,,—,,—,,—,,—,,—,,—,,5.41,,-0.35,,1.47,,1.15,,-65.48,,—,,—,,—,
      Resource Industries,,—,,—,,—,,—,,—,,—,,—,,—,,—,,—,,50.06,,20.88,,-36.64,,-24.05,,-13.32,,-25.93,,29.21,,30.51,,0.45,,-23.29,,—,,—,,—,
      Energy & Transportation,,—,,—,,—,,—,,—,,—,,—,,—,,—,,—,,22.2,,2.95,,-4.52,,7.62,,-14.34,,-21.61,,8.93,,14.45,,-0.27,,-20.47,,—,,—,,—,
Foreign Currency Growth,,—,,—,,—,,—,,—,,—,,—,,—,,—,,—,,—,,—,,—,,—,,—,,—,,—,,—,,—,,—,,—,,—,,—,
  Total Company,,—,,—,,—,,—,,—,,—,,—,,—,,—,,-0.04,,1.95,,-0.97,,-0.87,,-0.43,,-3.06,,-0.27,,0.05,,0.59,,-1.39,,-0.46,,—,,—,,—,
"    Machinery , Energy & Transportation",,—,,—,,—,,—,,—,,—,,—,,—,,—,,—,,2.08,,-1.01,,-0.91,,-0.45,,-3.23,,-0.28,,0.06,,0.6,,-1.47,,-0.48,,—,,—,,—,
      Construction Industries,,—,,—,,—,,—,,—,,—,,—,,—,,—,,—,,3.49,,-1.51,,-2.42,,-1.21,,-4.02,,-0.08,,-0.25,,1.03,,-1.5,,-0.56,,—,,—,,—,
      All Other,,—,,—,,—,,—,,—,,—,,—,,—,,—,,—,,2.04,,-0.94,,-0.07,,-0.18,,-2.13,,-0.49,,0,,0.53,,-0.62,,0,,—,,—,,—,
      Corporate,,—,,—,,—,,—,,—,,—,,—,,—,,—,,—,,—,,—,,—,,—,,3.36,,-1.8,,0,,0.02,,0.02,,-0.44,,—,,—,,—,
      Resource Industries,,—,,—,,—,,—,,—,,—,,—,,—,,—,,—,,1.14,,-0.45,,-0.43,,-0.38,,-2.04,,-0.08,,0.37,,-0.18,,-1.18,,-0.84,,—,,—,,—,
      Energy & Transportation,,—,,—,,—,,—,,—,,—,,—,,—,,—,,—,,1.38,,-0.96,,-0.06,,0.18,,-3.1,,-0.57,,0.23,,0.35,,-1.26,,-0.2,,—,,—,,—,
    Financial Products,,—,,—,,—,,—,,—,,—,,—,,—,,—,,—,,—,,—,,—,,—,,0,,0,,0,,0,,0,,0,,—,,—,,—,
      Corporate,,—,,—,,—,,—,,—,,—,,—,,—,,—,,—,,—,,—,,—,,—,,0,,0,,0,,0,,0,,0,,—,,—,,—,
      Financial Products,,—,,—,,—,,—,,—,,—,,—,,—,,—,,—,,—,,—,,—,,—,,0,,0,,0,,0,,0,,0,,—,,—,,—,
Acquisition/Divestiture & Other Growth,,—,,—,,—,,—,,—,,—,,—,,—,,—,,—,,—,,—,,—,,—,,—,,—,,—,,—,,—,,—,,—,,—,,—,
  Total Company,,—,,—,,—,,—,,—,,—,,—,,—,,—,,—,,8.07,,4.44,,-0.65,,0,,—,,—,,—,,—,,—,,—,,—,,—,,—,
"    Machinery , Energy & Transportation",,—,,—,,—,,—,,—,,—,,—,,—,,—,,—,,8.62,,4.65,,-0.68,,0,,—,,—,,—,,—,,—,,—,,—,,—,,—,
      Construction Industries,,—,,—,,—,,—,,—,,—,,—,,—,,—,,—,,0,,0,,0,,0,,—,,—,,—,,—,,—,,—,,—,,—,,—,
      All Other,,—,,—,,—,,—,,—,,—,,—,,—,,—,,—,,0,,-13.71,,-25.45,,0,,—,,—,,—,,—,,—,,—,,—,,—,,—,
      Resource Industries,,—,,—,,—,,—,,—,,—,,—,,—,,—,,—,,29.12,,14.95,,-0.21,,0,,—,,—,,—,,—,,—,,—,,—,,—,,—,
      Energy & Transportation,,—,,—,,—,,—,,—,,—,,—,,—,,—,,—,,5.88,,3.03,,0,,0,,—,,—,,—,,—,,—,,—,,—,,—,,—,
Other Operating Expense,,—,,—,,—,,—,,—,,—,,—,,—,,—,,—,,—,,—,,—,,—,,—,,—,,—,,—,,—,,—,,—,,—,,1818,1.0
  Financial Products,,—,,—,,—,,—,,—,,—,,—,,—,,—,,—,,—,,—,,—,,—,,—,,—,,—,,—,,—,,—,,—,,—,,1268,0.668071654373024
"  Machinery, Energy & Transportation",,—,,—,,—,,—,,—,,—,,—,,—,,—,,—,,—,,—,,—,,—,,—,,—,,—,,—,,—,,—,,—,,—,,630,0.331928345626976
  Adjustments,,—,,—,,—,,—,,—,,—,,—,,—,,—,,—,,—,,—,,—,,—,,—,,—,,—,,—,,—,,—,,—,,—,,-80,
Total Operating Expense,,—,,—,,—,,—,,—,,36596,1.0,40037,1.0,46876,1.0,31819,1.0,38625,1.0,52985,1.0,57302,1.0,50028,1.0,51870,1.0,43226,1.0,37375,1.0,41002,1.0,46429,1.0,45510,1.0,37195,1.0,44093,1.0,51523,1.0,54094,1.0
"  Machinery, Energy & Transportation",,—,,—,,—,,—,,—,,—,,—,,—,,29083,0.912550988390336,36080,0.932805915354585,50569,0.953358595856192,54954,0.957837310233036,47779,0.953710726975129,49435,0.951844577942083,40877,0.944434175869877,35020,0.935463190511807,38570,0.93933416136967,43667,0.938933923925431,42785,0.938164674925995,34701,0.930970649782691,41825,0.946673909599149,49141,0.951846901814942,51210,0.944589958313351
  Financial Products,,—,,—,,—,,—,,—,,2444,0.0666739415102575,2706,0.0675082327113063,3009,0.0641154034646609,2787,0.0874490116096643,2599,0.0671940846454148,2474,0.0466414041438079,2419,0.0421626897669636,2319,0.0462892730248712,2501,0.0481554220579174,2405,0.0555658241301234,2416,0.0645368094881932,2491,0.0606658386303305,2840,0.0610660760745694,2820,0.061835325074005,2573,0.0690293502173097,2356,0.053326090400851,2486,0.0481530981850582,3004,0.0554100416866492
  Adjustments,,—,,—,,—,,—,,—,,-60,,-47,,-55,,-51,,-54,,-58,,-71,,-70,,-66,,-56,,-61,,-59,,-78,,-95,,-79,,-88,,-104,,-120,
  Machinery & Engines,,—,,—,,—,,—,,—,,34212,0.933326058489742,37378,0.932491767288694,43922,0.935884596535339,—,,—,,—,,—,,—,,—,,—,,—,,—,,—,,—,,—,,—,,—,,—,
Adjusted Operating Income,,—,,—,,—,,—,,—,,—,,—,,—,,—,,—,,—,,—,,—,,—,,3256,1.0,1162,1.0,4460,1.0,8293,1.0,8290,1.0,4553,1.0,6878,1.0,7904,1.0,12966,1.0
"  Machinery, Energy & Transportation",,—,,—,,—,,—,,—,,—,,—,,—,,—,,—,,—,,—,,—,,—,,2741,0.779800853485064,753,0.537089871611983,4106,0.858636553743204,8155,0.939840958856748,7970,0.913886022245155,4321,0.88946068340881,6363,0.886335144170497,7433,0.89306740358044,12659,0.932042409070829
    Construction Industries,,—,,—,,—,,—,,—,,—,,—,,—,,—,,—,,—,,—,,—,,—,,1925,0.547652916073969,1639,1.16904422253923,3255,0.680677540777917,4174,0.481041834735508,3931,0.450751060658181,2373,0.488472622478386,3706,0.516227886892325,4743,0.569866634626937,6975,0.513547342070387
    Energy & Transportation,,—,,—,,—,,—,,—,,—,,—,,—,,—,,—,,—,,—,,—,,—,,3239,0.921479374110953,2187,1.55991440798859,2856,0.59723964868256,3938,0.453843494295263,3910,0.448343079922027,2405,0.49505969534788,2768,0.38556902075498,3309,0.39757299050823,4936,0.363422176409954
    Resource Industries,,—,,—,,—,,—,,—,,—,,—,,—,,—,,—,,—,,—,,—,,—,,-88,-0.0250355618776671,-1045,-0.745363766048502,698,0.145964031785864,1603,0.184741270024202,1629,0.186790505675955,896,0.184438040345821,1291,0.179830059896922,1827,0.219512195121951,2834,0.208658518627595
    All Other,,—,,—,,—,,—,,—,,—,,—,,—,,—,,—,,—,,—,,—,,—,,779,0.221621621621622,-85,-0.0606276747503566,-44,-0.00920117105813467,23,0.00265068572087127,4,0.000458662997362688,28,0.00576368876080692,-14,-0.00195013233040813,-11,-0.00132163883215187,18,0.00132528346340745
    Corporate,,—,,—,,—,,—,,—,,—,,—,,—,,—,,—,,—,,—,,—,,—,,-3114,,-1943,,-2659,,-1583,,-1504,,-1381,,-1388,,-2435,,-2104,
  Financial Products,,—,,—,,—,,—,,—,,—,,—,,—,,—,,—,,—,,—,,—,,—,,774,0.220199146514936,649,0.462910128388017,676,0.141363446256796,522,0.0601590411432523,751,0.0861139777548446,537,0.11053931659119,816,0.113664855829503,890,0.10693259641956,923,0.067957590929171
    Financial Products,,—,,—,,—,,—,,—,,—,,—,,—,,—,,—,,—,,—,,—,,—,,809,0.230156472261735,702,0.500713266761769,792,0.165621079046424,505,0.0581998386539126,832,0.095401903451439,590,0.121449156031289,908,0.126480011143613,864,0.103808722816292,909,0.0669268149020763
    Corporate Items & Eliminations,,—,,—,,—,,—,,—,,—,,—,,—,,—,,—,,—,,—,,—,,—,,-35,,-53,,-116,,17,,-81,,-53,,-92,,26,,14,
  Adjustments,,—,,—,,—,,—,,—,,—,,—,,—,,—,,—,,—,,—,,—,,—,,-259,,-240,,-322,,-384,,-431,,-305,,-301,,-419,,-616,
Net PP&E Excluding Right of Use Assets,,—,,—,,—,,—,,—,,—,,—,,—,,—,,—,,—,,—,,—,,—,,16090,1.0,15322,1.0,14155,1.0,13574,1.0,12904,1.0,12401,1.0,12090,1.0,12028,1.0,12680,1.0
"  Machinery, Energy & Transportation",,—,,—,,—,,—,,—,,—,,—,,—,,—,,—,,—,,—,,—,,—,,11888,0.738844002486016,10899,0.711330113562198,9823,0.693959731543624,9085,0.669294238986297,8606,0.66692498450093,8309,0.670026610757197,8172,0.675930521091811,8186,0.680578649817093,8694,0.685646687697161
  Financial Products,,—,,—,,—,,—,,—,,—,,—,,—,,—,,—,,—,,—,,—,,—,,4202,0.261155997513984,4423,0.288669886437802,4332,0.306040268456376,4489,0.330705761013703,4298,0.33307501549907,4092,0.329973389242803,3918,0.324069478908189,3842,0.319421350182907,3986,0.314353312302839
  Adjustments,,—,,—,,—,,—,,—,,—,,—,,—,,—,,—,,—,,—,,—,,—,,—,,—,,—,,—,,—,,—,,—,,—,,0,
Goodwill,,—,,—,,—,,—,,—,,—,,—,,2261.001061,1.0,2269,1.0,2614,1.0,7080,1.0,6942,1.0,6956,1.0,6694,1.0,6615,1.0,6020,1.0,6200,1.0,6217,1.0,6196,1.0,6394,1.0,6324,1.0,5288,1.0,5308,1.0
"  Machinery, Energy & Transportation",,—,,—,,—,,—,,—,,—,,—,,0.001061,4.69261168559885e-07,2269,1.0,2614,1.0,7102,1.0,7544,1.0,7558,1.0,7296,1.0,7217,1.0,6020,1.0,6200,1.0,6217,1.0,6196,1.0,6394,1.0,6324,1.0,5288,1.0,5308,1.0
    Resource Industries,,—,,—,,—,,—,,—,,—,,—,,—,,47,0.0207139709122962,51,0.0195103289977047,4121,0.580259081948747,4559,0.60432131495228,4468,0.591161682984917,4287,0.587582236842105,4145,0.574338367742829,2935,0.487541528239203,3057,0.493064516129032,2997,0.482065304809394,2981,0.481116849580374,3078,0.481388802001877,3007,0.475490196078431,2955,0.558812405446294,2976,0.560663149962321
    Energy & Transportation,,—,,—,,—,,—,,—,,—,,—,,—,,1751,0.771705597179374,2077,0.794567712318286,2486,0.350042241622078,2486,0.329533404029692,2600,0.344006350886478,2542,0.348410087719298,2620,0.363031730635998,2756,0.4578073089701,2806,0.45258064516129,2882,0.463567637124015,2875,0.46400903808909,2959,0.462777604003754,2985,0.472011385199241,2022,0.382375189107413,2034,0.383195177091183
    Construction Industries,,—,,—,,—,,—,,—,,—,,—,,—,,342,0.150727192595857,357,0.136572302983933,378,0.0532244438186426,382,0.0506362672322375,291,0.0385022492722943,275,0.0376918859649123,263,0.0364417347928502,274,0.045514950166113,283,0.0456451612903226,282,0.0453594981502332,284,0.0458360232408005,298,0.0466061933062246,280,0.0442757748260595,265,0.0501134644478064,255,0.0480406932931424
    All Other,,—,,—,,—,,—,,—,,—,,—,,1061,0.469261168559885,129,0.0568532393124725,129,0.0493496557000765,117,0.0164742326105322,117,0.01550901378579,199,0.0263297168563112,192,0.0263157894736842,189,0.026188166828322,55,0.00913621262458472,54,0.00870967741935484,56,0.00900755991635837,56,0.00903808908973531,59,0.00922740068814514,52,0.00822264389626818,46,0.00869894099848714,43,0.00810097965335343
  Machinery & Engines,,—,,—,,—,,—,,—,,—,,—,,2261,0.999999530738832,—,,—,,—,,—,,—,,—,,—,,—,,—,,—,,—,,—,,—,,—,,—,
    Mining,,—,,—,,—,,—,,—,,—,,—,,27,0.0119416131490263,—,,—,,—,,—,,—,,—,,—,,—,,—,,—,,—,,—,,—,,—,,—,
    Excavation,,—,,—,,—,,—,,—,,—,,—,,39,0.0172489967708158,—,,—,,—,,—,,—,,—,,—,,—,,—,,—,,—,,—,,—,,—,,—,
    Earthmoving,,—,,—,,—,,—,,—,,—,,—,,43,0.0190181246447456,—,,—,,—,,—,,—,,—,,—,,—,,—,,—,,—,,—,,—,,—,,—,
    Cat Japan,,—,,—,,—,,—,,—,,—,,—,,233,0.103051698656412,—,,—,,—,,—,,—,,—,,—,,—,,—,,—,,—,,—,,—,,—,,—,
    Building Construction Products,,—,,—,,—,,—,,—,,—,,—,,26,0.0114993311805438,—,,—,,—,,—,,—,,—,,—,,—,,—,,—,,—,,—,,—,,—,,—,
    Marine & Petroleum Power,,—,,—,,—,,—,,—,,—,,—,,60,0.0265369181089473,—,,—,,—,,—,,—,,—,,—,,—,,—,,—,,—,,—,,—,,—,,—,
    Large Power Systems,,—,,—,,—,,—,,—,,—,,—,,569,0.251658440066517,—,,—,,—,,—,,—,,—,,—,,—,,—,,—,,—,,—,,—,,—,,—,
    Electric Power,,—,,—,,—,,—,,—,,—,,—,,203,0.0897832396019384,—,,—,,—,,—,,—,,—,,—,,—,,—,,—,,—,,—,,—,,—,,—,
  Reconciliation,,—,,—,,—,,—,,—,,—,,—,,—,,—,,—,,-22,,-602,,-602,,-602,,-602,,—,,—,,—,,—,,—,,—,,—,,—,
Assets,,30657,1.0,32851,1.0,36465,1.0,43095,1.0,47069,1.0,51449,1.0,56132,1.0,67782,1.0,60038,1.0,64020,1.0,81446,1.0,88970,1.0,84896,1.0,84861,1.0,78342,1.0,74704,1.0,76962,1.0,78509,1.0,78453,1.0,78324,1.0,82793,1.0,81943,1.0,87476,1.0
  Financial Products,,—,,—,,—,,—,,—,,—,,—,,—,,32230,0.654177153527645,30346,0.613223942125045,31747,0.522765071053368,36563,0.524320991195113,36980,0.582646646394303,36969,0.588434724477127,35729,0.599429578055532,35224,0.634472323792712,34893,0.649800737457633,36002,0.645984353692672,35813,0.641143614164488,34278,0.644880912066825,34860,0.63820438651093,34269,0.626868128852873,35685,0.622058362096015
    Financial Products,,15439,0.561601978829435,17417,0.592334376275337,20234,0.614940432774131,24450,0.656499207904841,26815,0.660988956813252,28406,0.632551717994967,30571,0.627213229108964,32900,0.66869918699187,32230,0.654177153527645,30346,0.613223942125045,31747,0.522765071053368,36563,0.524320991195113,36980,0.582646646394303,36969,0.588434724477127,35729,0.599429578055532,35224,0.634472323792712,34893,0.649800737457633,36002,0.645984353692672,35813,0.641143614164488,34278,0.644880912066825,34860,0.63820438651093,34269,0.626868128852873,35685,0.622058362096015
  Adjustments,,3166,,3447,,3561,,5852,,6501,,6542,,7391,,18582,,10770,,14534,,20717,,19236,,21427,,22035,,18737,,19187,,23264,,22777,,22595,,25170,,28171,,27276,,30110,
"  Machinery, Energy & Transportation",,—,,—,,—,,—,,—,,—,,—,,—,,17038,0.345822846472355,19140,0.386776057874955,28982,0.477234928946632,33171,0.475679008804887,26489,0.417353353605697,25857,0.411565275522873,23876,0.400570421944468,20293,0.365527676207288,18805,0.350199262542367,19730,0.354015646307328,20045,0.358856385835511,18876,0.355119087933175,19762,0.36179561348907,20398,0.373131871147127,21681,0.377941637903985
    Energy & Transportation,,—,,—,,—,,—,,—,,—,,—,,—,,6665,0.135280506616871,8321,0.168148567271552,8748,0.144049794990861,9323,0.133693750537758,8542,0.134585388142243,8661,0.137856938210295,8769,0.147118530324637,7791,0.140335392762577,7564,0.140861857052404,8386,0.150470106940357,8612,0.154176662250707,8582,0.161455393761523,9253,0.169400607813701,9455,0.172956262461814,10555,0.183994003416658
    Resource Industries,,—,,—,,—,,—,,—,,—,,—,,—,,3773,0.0765811480068198,3892,0.078648506648345,12292,0.202407416555517,13455,0.1929474861617,10340,0.162914178575367,9854,0.156845891828224,8931,0.149836423118866,7135,0.12851919231947,6403,0.119240940072256,6442,0.115588889686356,6214,0.111246374735938,6035,0.113538021597622,5962,0.109150159276482,5775,0.105639599758538,5742,0.100094132412928
    Construction Industries,,—,,—,,—,,—,,—,,—,,—,,—,,6600,0.133961191848664,6927,0.139978983955058,7942,0.130777717400254,10393,0.149037772105429,7607,0.119853786888087,7342,0.116862445484354,6176,0.103615468500965,5367,0.0966730911252409,4838,0.0900964654177064,4902,0.0879566496806144,5219,0.0934333488488668,4259,0.0801256725740302,4547,0.0832448463988869,5168,0.0945360089267748,5384,0.0938535020743995
  Machinery & Engines,,—,,11987,0.407665623724663,12670,0.385059567225869,12793,0.343500792095159,13753,0.339011043186748,16501,0.367448282005033,18170,0.372786770891036,16300,0.33130081300813,—,,—,,—,,—,,—,,—,,—,,—,,—,,—,,—,,—,,—,,—,,—,
    Mining,,—,,—,,—,,—,,—,,—,,—,,1339,0.0272154471544715,—,,—,,—,,—,,—,,—,,—,,—,,—,,—,,—,,—,,—,,—,,—,
    Logistics,,—,,—,,—,,—,,—,,—,,—,,971,0.0197357723577236,—,,—,,—,,—,,—,,—,,—,,—,,—,,—,,—,,—,,—,,—,,—,
    Excavation,,—,,—,,—,,—,,—,,—,,—,,1646,0.0334552845528455,—,,—,,—,,—,,—,,—,,—,,—,,—,,—,,—,,—,,—,,—,,—,
    Earthmoving,,—,,—,,—,,—,,—,,—,,—,,2477,0.0503455284552845,—,,—,,—,,—,,—,,—,,—,,—,,—,,—,,—,,—,,—,,—,,—,
    Cat Japan,,—,,—,,—,,—,,—,,—,,—,,3165,0.0643292682926829,—,,—,,—,,—,,—,,—,,—,,—,,—,,—,,—,,—,,—,,—,,—,
    Building Construction Products,,—,,—,,—,,—,,—,,—,,—,,878,0.0178455284552846,—,,—,,—,,—,,—,,—,,—,,—,,—,,—,,—,,—,,—,,—,,—,
    North America Marketing,,1368,0.0497617402058856,1574,0.0535301319548361,2198,0.0668003890104547,-61,-0.00163789168434337,31,0.0007641490830211,-196,-0.00436457567862471,-195,-0.004000738597895,—,,—,,—,,—,,—,,—,,—,,—,,—,,—,,—,,—,,—,,—,,—,,—,
    Latin America,,574,0.0208795605834637,485,0.0164943545095905,548,0.0166545100899587,775,0.0208092795961657,878,0.0216426740287912,941,0.0209544169060503,1165,0.0239018485463983,—,,—,,—,,—,,—,,—,,—,,—,,—,,—,,—,,—,,—,,—,,—,,—,
    EAME Marketing,,896,0.0325924848132116,912,0.0310161882737043,1114,0.0338560661317773,107,0.00287302311843836,93,0.0022924472490633,285,0.00634644932861247,306,0.00627808210746599,—,,—,,—,,—,,—,,—,,—,,—,,—,,—,,—,,—,,—,,—,,—,,—,
    Heavy Construction & Mining,,2432,0.0884653159215743,2184,0.0742756087607128,2127,0.0646425966447848,1348,0.0361947211556534,1579,0.038922303293236,28,0.000623510811232102,52,0.00106686362610533,—,,—,,—,,—,,—,,—,,—,,—,,—,,—,,—,,—,,—,,—,,—,,—,
    Asia/Pacific Marketing,,413,0.0150230984685897,436,0.0148279145694463,637,0.0193593484074885,240,0.0064441640039739,257,0.00633504239794912,352,0.00783842162691785,429,0.00880162491536899,—,,—,,—,,—,,—,,—,,—,,—,,—,,—,,—,,—,,—,,—,,—,,—,
    Turbines,,—,,—,,—,,—,,—,,—,,—,,943,0.0191666666666667,—,,—,,—,,—,,—,,—,,—,,—,,—,,—,,—,,—,,—,,—,,—,
    Marine & Petroleum Power,,—,,—,,—,,—,,—,,—,,—,,758,0.0154065040650406,—,,—,,—,,—,,—,,—,,—,,—,,—,,—,,—,,—,,—,,—,,—,
    Power Systems Marketing,,—,,—,,—,,124,0.00332948473538652,47,0.00115854860974167,207,0.0046095263544659,81,0.001661845263741,—,,—,,—,,—,,—,,—,,—,,—,,—,,—,,—,,—,,—,,—,,—,,—,
    Large Power Systems,,—,,—,,—,,1578,0.0423703783261284,1675,0.0412887004535595,2022,0.0450263878682611,2072,0.0425104121786586,3055,0.0620934959349594,—,,—,,—,,—,,—,,—,,—,,—,,—,,—,,—,,—,,—,,—,,—,
    Electric Power,,—,,—,,—,,618,0.0165937223102328,595,0.0146667323999211,702,0.0156323067673191,765,0.015695205268665,1068,0.0217073170731707,—,,—,,—,,—,,—,,—,,—,,—,,—,,—,,—,,—,,—,,—,,—,
    All Other,,2462,0.0895565821541596,2371,0.080635287715957,2251,0.0684111354242645,8064,0.216523910533523,8598,0.211940445671465,12160,0.270781838020799,13495,0.276871627582528,—,,—,,—,,—,,—,,—,,—,,—,,—,,—,,—,,—,,—,,—,,—,,—,
    Power Products,,3907,0.14211923902368,4025,0.136886137940416,3795,0.115335521517141,—,,—,,—,,—,,—,,—,,—,,—,,—,,—,,—,,—,,—,,—,,—,,—,,—,,—,,—,,—,
Sales Change - Volume %,,—,,—,,—,,—,,—,,—,,—,,—,,—,,—,,—,,—,,—,,—,,—,,—,,—,,—,,—,,—,,—,,—,,—,
"  Machinery, Energy & Transportation",,—,,—,,—,,—,,—,,—,,—,,—,,—,,—,,—,,—,,—,,—,,-12.11,,-16.96,,16.93,,19.43,,-1.96,,-21.8,,15.69,,9.7,,3.5,
    Energy & Transportation,,—,,—,,—,,—,,—,,—,,—,,—,,—,,—,,—,,—,,—,,—,,-14.61,,-21.24,,9.18,,13.61,,-0.51,,-20.69,,8.3,,9.7,,10.6,
    Resource Industries,,—,,—,,—,,—,,—,,—,,—,,—,,—,,—,,—,,—,,—,,—,,-12.44,,-23.93,,27.25,,26.49,,-2.53,,-22.44,,18.4,,14,,-0.9,
    Construction Industries,,—,,—,,—,,—,,—,,—,,—,,—,,—,,—,,—,,—,,—,,—,,-10.42,,-9.17,,17.91,,19.04,,-2.41,,-22.92,,18.38,,5.6,,-1.2,
    All Other,,—,,—,,—,,—,,—,,—,,—,,—,,—,,—,,—,,—,,—,,—,,-1.2,,-31.03,,7.17,,-4.56,,-4.98,,-11.02,,5.87,,—,,—,
    Corporate,,—,,—,,—,,—,,—,,—,,—,,—,,—,,—,,—,,—,,—,,—,,-12.61,,7.21,,-0.35,,1.49,,1.15,,-64.6,,-0.98,,—,,—,
  Financial Products,,—,,—,,—,,—,,—,,—,,—,,—,,—,,—,,—,,—,,—,,—,,0,,0,,0,,0,,0,,0,,0,,—,,—,
    Corporate Items & Eliminations,,—,,—,,—,,—,,—,,—,,—,,—,,—,,—,,—,,—,,—,,—,,0,,0,,0,,0,,0,,0,,0,,—,,—,
    Financial Products,,—,,—,,—,,—,,—,,—,,—,,—,,—,,—,,—,,—,,—,,—,,0,,0,,0,,0,,0,,0,,0,,—,,—,
Sales Change - Prices %,,—,,—,,—,,—,,—,,—,,—,,—,,—,,—,,—,,—,,—,,—,,—,,—,,—,,—,,—,,—,,—,,—,,—,
"  Machinery, Energy & Transportation",,—,,—,,—,,—,,—,,—,,—,,—,,—,,—,,—,,—,,—,,—,,0.01,,-1.72,,2.31,,1.41,,1.37,,-0.84,,1.93,,10.7,,9.9,
    Resource Industries,,—,,—,,—,,—,,—,,—,,—,,—,,—,,—,,—,,—,,—,,—,,-0.87,,-2,,1.96,,4.02,,2.98,,-0.85,,1,,13.6,,11.5,
    Construction Industries,,—,,—,,—,,—,,—,,—,,—,,—,,—,,—,,—,,—,,—,,—,,0.01,,-3.03,,4.79,,0.63,,1.5,,-1.7,,3.31,,11.9,,10.6,
    Energy & Transportation,,—,,—,,—,,—,,—,,—,,—,,—,,—,,—,,—,,—,,—,,—,,0.27,,-0.37,,-0.25,,0.84,,0.24,,0.22,,0.48,,6,,6.3,
    All Other,,—,,—,,—,,—,,—,,—,,—,,—,,—,,—,,—,,—,,—,,—,,0.93,,0,,0,,-0.18,,0,,0,,-0.2,,—,,—,
    Corporate,,—,,—,,—,,—,,—,,—,,—,,—,,—,,—,,—,,—,,—,,—,,-0.84,,-1.8,,0,,-0.02,,0,,-0.88,,0,,—,,—,
  Financial Products,,—,,—,,—,,—,,—,,—,,—,,—,,—,,—,,—,,—,,—,,—,,0,,0,,0,,0,,0,,0,,0,,—,,—,
    Corporate Items & Eliminations,,—,,—,,—,,—,,—,,—,,—,,—,,—,,—,,—,,—,,—,,—,,0,,0,,0,,0,,0,,0,,0,,—,,—,
    Financial Products,,—,,—,,—,,—,,—,,—,,—,,—,,—,,—,,—,,—,,—,,—,,0,,0,,0,,0,,0,,0,,0,,—,,—,
Sales Change - Currencies %,,—,,—,,—,,—,,—,,—,,—,,—,,—,,—,,—,,—,,—,,—,,—,,—,,—,,—,,—,,—,,—,,—,,—,
"  Machinery, Energy & Transportation",,—,,—,,—,,—,,—,,—,,—,,—,,—,,—,,—,,—,,—,,—,,-3.23,,-0.28,,0.06,,0.6,,-1.47,,-0.48,,1.39,,-3,,-0.5,
    Energy & Transportation,,—,,—,,—,,—,,—,,—,,—,,—,,—,,—,,—,,—,,—,,—,,-3.1,,-0.57,,0.23,,0.35,,-1.26,,-0.2,,1.09,,-2.6,,0,
    Resource Industries,,—,,—,,—,,—,,—,,—,,—,,—,,—,,—,,—,,—,,—,,—,,-2.04,,-0.08,,0.37,,-0.18,,-1.18,,-0.84,,1.23,,-2,,-0.6,
    Construction Industries,,—,,—,,—,,—,,—,,—,,—,,—,,—,,—,,—,,—,,—,,—,,-4.02,,-0.08,,-0.25,,1.03,,-1.5,,-0.56,,1.46,,-3.3,,-0.8,
    All Other,,—,,—,,—,,—,,—,,—,,—,,—,,—,,—,,—,,—,,—,,—,,-2.13,,-0.49,,0,,0.53,,-0.62,,0,,0.59,,—,,—,
    Corporate,,—,,—,,—,,—,,—,,—,,—,,—,,—,,—,,—,,—,,—,,—,,3.36,,-1.8,,0,,0.02,,0.02,,-0.44,,0,,—,,—,
  Financial Products,,—,,—,,—,,—,,—,,—,,—,,—,,—,,—,,—,,—,,—,,—,,0,,0,,0,,0,,0,,0,,0,,—,,—,
    Corporate Items & Eliminations,,—,,—,,—,,—,,—,,—,,—,,—,,—,,—,,—,,—,,—,,—,,0,,0,,0,,0,,0,,0,,0,,—,,—,
    Financial Products,,—,,—,,—,,—,,—,,—,,—,,—,,—,,—,,—,,—,,—,,—,,0,,0,,0,,0,,0,,0,,0,,—,,—,
Sales Change - Other %,,—,,—,,—,,—,,—,,—,,—,,—,,—,,—,,—,,—,,—,,—,,—,,—,,—,,—,,—,,—,,—,,—,,—,
"  Machinery, Energy & Transportation",,—,,—,,—,,—,,—,,—,,—,,—,,—,,—,,—,,—,,—,,—,,0,,0,,0,,0,,0,,0,,0,,0,,0,
    Energy & Transportation,,—,,—,,—,,—,,—,,—,,—,,—,,—,,—,,—,,—,,—,,—,,0,,0,,5.18,,2.76,,-1.5,,-4.36,,4,,3.9,,1,
    Resource Industries,,—,,—,,—,,—,,—,,—,,—,,—,,—,,—,,—,,—,,—,,—,,0,,0,,1.21,,0.32,,0.79,,-0.03,,0.01,,-0.1,,0.3,
    All Other,,—,,—,,—,,—,,—,,—,,—,,—,,—,,—,,—,,—,,—,,—,,0,,0,,-2.39,,-11.23,,9.34,,-14.96,,2.35,,—,,0,
    Construction Industries,,—,,—,,—,,—,,—,,—,,—,,—,,—,,—,,—,,—,,—,,—,,0,,0,,0.18,,0.07,,-0.12,,-0.23,,0.32,,0.1,,-0.1,
    Corporate,,—,,—,,—,,—,,—,,—,,—,,—,,—,,—,,—,,—,,—,,—,,0,,0,,28.26,,11.65,,-4.91,,-388.94,,-19.11,,—,,—,
  Financial Products,,—,,—,,—,,—,,—,,—,,—,,—,,—,,—,,—,,—,,—,,—,,-5.85,,-3.49,,0.8,,4.09,,5,,-10.48,,57,,—,,—,
    Corporate Items & Eliminations,,—,,—,,—,,—,,—,,—,,—,,—,,—,,—,,—,,—,,—,,—,,-21.03,,7.01,,34.06,,23.45,,2.64,,-18.25,,-9.66,,—,,—,
    Financial Products,,—,,—,,—,,—,,—,,—,,—,,—,,—,,—,,—,,—,,—,,—,,-7.09,,-2.76,,3.34,,6.01,,4.73,,-11.36,,0.94,,—,,—,
Sales Change - Volume,,—,,—,,—,,—,,—,,—,,—,,—,,—,,8814,1.0,12533,1.0,2059,1.0,-9456,,-680,,-6314,,-7489,,6055,1.0,8291,1.0,-1017,,-11053,,7563,1.0,4660,1.0,1978,1.0
"  Machinery, Energy & Transportation",,—,,—,,—,,—,,—,,—,,—,,—,,—,,8814,1.0,12533,1.0,2059,1.0,-9456,1.0,-680,1.0,-6314,1.0,-7489,1.0,6055,1.0,8291,1.0,-1017,1.0,-11053,1.0,7563,1.0,4660,1.0,1978,1.0
    Energy & Transportation,,—,,—,,—,,—,,—,,—,,—,,—,,—,,1460,0.165645563875652,3193,0.254767414026969,251,0.121903836813987,-1139,0.120452622673435,1353,-1.98970588235294,-3175,0.502850807728856,-3934,0.525303778875684,1556,0.256977704376548,2637,0.318055723073212,-116,0.114060963618486,-3827,0.346240839591061,1683,0.222530741769139,1972,0.423175965665236,2529,1.27856420626896
    All Other,,—,,—,,—,,—,,—,,—,,—,,—,,—,,335,0.0380077149988654,-184,-0.0146812415223809,-224,-0.108790675084993,-231,0.0244289340101523,-38,0.0558823529411765,-27,0.00427621159328476,-63,0.00841233809587395,39,0.00644095788604459,-26,-0.00313593052707755,-24,0.023598820058997,-14,0.0012666244458518,30,0.00396667988893296,3,0.000643776824034335,-8,-0.00404448938321537
    Resource Industries,,—,,—,,—,,—,,—,,—,,—,,—,,—,,2457,0.278761061946903,4115,0.328333200351073,2414,1.17241379310345,-7792,0.824027072758037,-2763,4.06323529411765,-1110,0.175799809946151,-1852,0.247296034183469,1638,0.270520231213873,2082,0.251115667591364,-260,0.255653883972468,-2204,0.199402877046956,1833,0.242364141213804,1372,0.294420600858369,-114,-0.057633973710819
    Corporate,,—,,—,,—,,—,,—,,—,,—,,—,,—,,1,,30,,-81,,-12,,-60,,15,,-8,,12,,-65,,-57,,146,,-46,,82,,-115,
    Construction Industries,,—,,—,,—,,—,,—,,—,,—,,—,,—,,4561,0.517472203312911,5379,0.429186946461342,-301,-0.146187469645459,-282,0.0298223350253807,828,-1.21764705882353,-2017,0.319448843839088,-1632,0.217919615435973,2810,0.464079273327828,3663,0.441804366180195,-560,0.550639134709931,-5154,0.466298742422872,4063,0.537220679624488,1231,0.264163090128755,-314,-0.158746208291203
  Financial Products,,—,,—,,—,,—,,—,,—,,—,,—,,—,,—,,—,,—,,—,,—,,0,,0,,0,,0,,0,,0,,0,,0,,0,
    Corporate Items & Eliminations,,—,,—,,—,,—,,—,,—,,—,,—,,—,,—,,—,,—,,—,,—,,0,,0,,0,,0,,0,,0,,0,,0,,0,
    Financial Products,,—,,—,,—,,—,,—,,—,,—,,—,,—,,—,,—,,—,,—,,—,,0,,0,,0,,0,,0,,0,,0,,0,,0,
Sales Change - Prices,,—,,—,,—,,—,,—,,—,,—,,—,,—,,954,1.0,724,1.0,1531,1.0,82,1.0,365,1.0,5,1.0,-760,,827,1.0,601,1.0,710,1.0,-435,,932,1.0,5179,1.0,5596,1.0
"  Machinery, Energy & Transportation",,—,,—,,—,,—,,—,,—,,—,,—,,—,,954,1.0,724,1.0,1531,1.0,82,1.0,365,1.0,5,1.0,-760,1.0,827,1.0,601,1.0,710,1.0,-435,1.0,932,1.0,5179,1.0,5596,1.0
    Construction Industries,,—,,—,,—,,—,,—,,—,,—,,—,,—,,373,0.390985324947589,243,0.335635359116022,264,0.172436316133246,-139,-1.69512195121951,227,0.621917808219178,2,0.4,-539,0.709210526315789,751,0.908101571946796,122,0.202995008319468,349,0.491549295774648,-399,0.917241379310345,732,0.785407725321888,2633,0.508399304885113,2678,0.47855611150822
    Energy & Transportation,,—,,—,,—,,—,,—,,—,,—,,—,,—,,214,0.224318658280922,256,0.353591160220994,342,0.223383409536251,184,2.24390243902439,182,0.498630136986301,59,11.8,-68,0.0894736842105263,-42,-0.0507859733978235,163,0.271214642262895,55,0.0774647887323944,43,-0.0988505747126437,101,0.108369098712446,1216,0.234794361845916,1500,0.268048606147248
    Resource Industries,,—,,—,,—,,—,,—,,—,,—,,—,,—,,386,0.40461215932914,224,0.30939226519337,850,0.555192684519922,39,0.475609756097561,-76,-0.208219178082192,-78,-15.6,-155,0.203947368421053,118,0.142684401451028,316,0.525790349417637,306,0.430985915492958,-81,0.186206896551724,100,0.107296137339056,1333,0.257385595674841,1422,0.254110078627591
    Corporate,,—,,—,,—,,—,,—,,—,,—,,—,,—,,-62,,-4,,75,,-1,,2,,1,,2,,0,,1,,0,,2,,0,,-7,,1,
    All Other,,—,,—,,—,,—,,—,,—,,—,,—,,—,,43,0.0450733752620545,5,0.0069060773480663,0,,-1,-0.0121951219512195,30,0.0821917808219178,21,4.2,0,,0,,-1,-0.00166389351081531,0,,0,,-1,-0.00107296137339056,4,0.000772349874493145,-5,-0.00089349535382416
  Financial Products,,—,,—,,—,,—,,—,,—,,—,,—,,—,,—,,—,,—,,—,,—,,0,,0,,0,,0,,0,,0,,0,,0,,0,
    Corporate Items & Eliminations,,—,,—,,—,,—,,—,,—,,—,,—,,—,,—,,—,,—,,—,,—,,0,,0,,0,,0,,0,,0,,0,,0,,0,
    Financial Products,,—,,—,,—,,—,,—,,—,,—,,—,,—,,—,,—,,—,,—,,—,,0,,0,,0,,0,,0,,0,,0,,0,,0,
Sales Change - Currencies,,—,,—,,—,,—,,—,,—,,—,,—,,—,,-14,,831,1.0,-582,,-573,,-237,,-1686,,-125,,21,1.0,254,1.0,-760,,-245,,671,1.0,-1453,,-279,
  Financial Products,,—,,—,,—,,—,,—,,—,,—,,—,,—,,—,,—,,—,,—,,—,,0,,0,,0,,0,,0,,0,,0,,0,,0,
    Corporate Items & Eliminations,,—,,—,,—,,—,,—,,—,,—,,—,,—,,—,,—,,—,,—,,—,,0,,0,,0,,0,,0,,0,,0,,0,,0,
    Financial Products,,—,,—,,—,,—,,—,,—,,—,,—,,—,,—,,—,,—,,—,,—,,0,,0,,0,,0,,0,,0,,0,,0,,0,
"  Machinery, Energy & Transportation",,—,,—,,—,,—,,—,,—,,—,,—,,—,,-14,1.0,831,1.0,-582,1.0,-573,1.0,-237,1.0,-1686,1.0,-125,1.0,21,1.0,254,1.0,-760,1.0,-245,1.0,671,1.0,-1453,1.0,-279,1.0
    Corporate,,—,,—,,—,,—,,—,,—,,—,,—,,—,,0,,0,,-2,,-2,,0,,-4,,2,,0,,-1,,-1,,1,,0,,0,,7,
    All Other,,—,,—,,—,,—,,—,,—,,—,,—,,—,,-13,0.928571428571429,44,0.0529482551143201,-19,0.0326460481099656,-1,0.00174520069808028,-4,0.0168776371308017,-48,0.0284697508896797,-1,0.008,0,,3,0.0118110236220472,-3,0.00394736842105263,0,,3,0.00447093889716841,-7,0.00481761871988988,-1,0.003584229390681
    Energy & Transportation,,—,,—,,—,,—,,—,,—,,—,,—,,—,,-99,7.07142857142857,215,0.258724428399519,-194,0.333333333333333,-12,0.0209424083769634,37,-0.156118143459916,-673,0.399169632265718,-106,0.848,39,1.85714285714286,68,0.267716535433071,-286,0.376315789473684,-37,0.151020408163265,222,0.330849478390462,-521,0.358568479008947,-11,0.039426523297491
    Resource Industries,,—,,—,,—,,—,,—,,—,,—,,—,,—,,-33,2.35714285714286,99,0.11913357400722,-71,0.121993127147766,-90,0.157068062827225,-45,0.189873417721519,-182,0.107947805456702,-6,0.048,22,1.04761904761905,-14,-0.0551181102362205,-121,0.159210526315789,-82,0.33469387755102,123,0.183308494783905,-194,0.13351686166552,-77,0.275985663082437
    Construction Industries,,—,,—,,—,,—,,—,,—,,—,,—,,—,,131,-9.35714285714286,473,0.569193742478941,-296,0.508591065292096,-468,0.816753926701571,-225,0.949367088607595,-779,0.462040332147094,-14,0.112,-40,-1.9047619047619,198,0.779527559055118,-349,0.459210526315789,-127,0.518367346938776,323,0.481371087928465,-731,0.503097040605644,-197,0.706093189964158
Sales Change - Acquisitions & Divestitures,,—,,—,,—,,—,,—,,—,,—,,—,,—,,573,1.0,3437,1.0,2668,1.0,-427,,0,,—,,—,,—,,—,,—,,—,,—,,—,,—,
"  Machinery, Energy & Transportation",,—,,—,,—,,—,,—,,—,,—,,—,,—,,573,1.0,3437,1.0,2668,1.0,-427,1.0,0,,—,,—,,—,,—,,—,,—,,—,,—,,—,
    Construction Industries,,—,,—,,—,,—,,—,,—,,—,,—,,—,,0,,0,,0,,0,,0,,—,,—,,—,,—,,—,,—,,—,,—,,—,
    All Other,,—,,—,,—,,—,,—,,—,,—,,—,,—,,0,,0,,-277,-0.103823088455772,-382,0.894613583138173,0,,—,,—,,—,,—,,—,,—,,—,,—,,—,
    Corporate,,—,,—,,—,,—,,—,,—,,—,,—,,—,,0,,0,,0,,0,,0,,—,,—,,—,,—,,—,,—,,—,,—,,—,
    Resource Industries,,—,,—,,—,,—,,—,,—,,—,,—,,—,,0,,2524,0.734361361652604,2336,0.875562218890555,-45,0.105386416861827,0,,—,,—,,—,,—,,—,,—,,—,,—,,—,
    Energy & Transportation,,—,,—,,—,,—,,—,,—,,—,,—,,—,,573,1.0,913,0.265638638347396,609,0.228260869565217,0,,0,,—,,—,,—,,—,,—,,—,,—,,—,,—,
Sales Change - Other,,—,,—,,—,,—,,—,,—,,—,,—,,—,,—,,—,,—,,—,,—,,-178,,-100,,22,1.0,114,1.0,145,1.0,-319,,57,1.0,70,1.0,338,1.0
  Financial Products,,—,,—,,—,,—,,—,,—,,—,,—,,—,,—,,—,,—,,—,,—,,-178,1.0,-100,1.0,22,1.0,114,1.0,145,1.0,-319,1.0,57,1.0,70,1.0,338,1.0
    Financial Products,,—,,—,,—,,—,,—,,—,,—,,—,,—,,—,,—,,—,,—,,—,,-235,1.32022471910112,-85,0.85,100,4.54545454545455,186,1.63157894736842,155,1.06896551724138,-390,1.22257053291536,29,0.508771929824561,180,2.57142857142857,532,1.57396449704142
    Corporate Items & Eliminations,,—,,—,,—,,—,,—,,—,,—,,—,,—,,—,,—,,—,,—,,—,,57,,-15,,-78,,-72,,-10,,71,,28,,-110,,-194,
"  Machinery, Energy & Transportation",,—,,—,,—,,—,,—,,—,,—,,—,,—,,—,,—,,—,,—,,—,,0,,0,,0,,0,,0,,0,,0,,0,,0,
    Energy & Transportation,,—,,—,,—,,—,,—,,—,,—,,—,,—,,—,,—,,—,,—,,—,,0,,0,,878,39.9090909090909,535,4.69298245614035,-341,-2.35172413793103,-806,2.52664576802508,811,14.2280701754386,798,11.4,231,0.683431952662722
    Resource Industries,,—,,—,,—,,—,,—,,—,,—,,—,,—,,—,,—,,—,,—,,—,,0,,0,,73,3.31818181818182,25,0.219298245614035,81,0.558620689655172,-3,0.00940438871473354,1,0.0175438596491228,-7,-0.1,38,0.112426035502959
    All Other,,—,,—,,—,,—,,—,,—,,—,,—,,—,,—,,—,,—,,—,,—,,0,,0,,-13,-0.590909090909091,-64,-0.56140350877193,45,0.310344827586207,-19,0.0595611285266458,12,0.210526315789474,-61,-0.871428571428571,13,0.0384615384615385
    Construction Industries,,—,,—,,—,,—,,—,,—,,—,,—,,—,,—,,—,,—,,—,,—,,0,,0,,29,1.31818181818182,14,0.12280701754386,-28,-0.193103448275862,-51,0.15987460815047,70,1.2280701754386,30,0.428571428571429,-18,-0.0532544378698225
    Corporate,,—,,—,,—,,—,,—,,—,,—,,—,,—,,—,,—,,—,,—,,—,,0,,0,,-967,,-510,,243,,879,,-894,,-760,,-264,
Operating Income Change Amount,,—,,—,,—,,—,,—,,—,,—,,—,,—,,—,,3232,1.0,1449,1.0,-2957,,-292,,-2091,,-3306,,3380,1.0,3895,1.0,44,1.0,-3863,,2321,1.0,1144,1.0,5259,1.0
"  Machinery, Energy & Transportation",,—,,—,,—,,—,,—,,—,,—,,—,,—,,—,,3036,0.939356435643564,1291,0.89095928226363,-3199,1.08183970240108,-194,0.664383561643836,-1980,0.946915351506456,-3181,0.962189957652753,3353,0.992011834319527,4049,1.0395378690629,-185,-4.20454545454545,-3649,0.944602640434895,2042,0.879793192589401,1070,0.935314685314685,5226,0.993725042783799
    Construction Industries,,—,,—,,—,,—,,—,,—,,—,,—,,—,,—,,1273,0.393873762376238,-267,-0.184265010351967,-472,0.159621237740954,833,-2.8527397260274,-282,0.134863701578192,-215,0.0650332728372656,1616,0.47810650887574,919,0.23594351732991,-243,-5.52272727272727,-1558,0.403313486927259,1333,0.574321413183972,1011,0.883741258741259,2232,0.424415288077581
    Energy & Transportation,,—,,—,,—,,—,,—,,—,,—,,—,,—,,—,,765,0.236695544554455,381,0.262939958592132,-21,0.0071017923571187,720,-2.46575342465753,-896,0.428503108560497,-1168,0.35329703569268,669,0.19792899408284,1082,0.277792041078306,-28,-0.636363636363636,-1505,0.389593580119078,363,0.156398104265403,505,0.441433566433566,1627,0.309374405780567
    Resource Industries,,—,,—,,—,,—,,—,,—,,—,,—,,—,,—,,1545,0.478032178217822,984,0.679089026915114,-2699,0.91274940818397,-1168,4.0,-492,0.235294117647059,-1048,0.316999395039322,1743,0.515680473372781,905,0.232349165596919,26,0.590909090909091,-733,0.189748899818794,395,0.170185264971995,598,0.522727272727273,1007,0.191481270203461
    Corporate,,—,,—,,—,,—,,—,,—,,—,,—,,—,,—,,-664,,16,,251,,-693,,-239,,-748,,-716,,1076,,79,,123,,-7,,-1047,,331,
    All Other,,—,,—,,—,,—,,—,,—,,—,,—,,—,,—,,117,0.0362004950495049,177,0.122153209109731,-258,0.0872505918160298,114,-0.39041095890411,-71,0.0339550454328073,-2,0.000604960677555959,41,0.0121301775147929,67,0.017201540436457,-19,-0.431818181818182,24,-0.00621278798860989,-42,-0.018095648427402,3,0.00262237762237762,29,0.00551435634150979
  Financial Products,,—,,—,,—,,—,,—,,—,,—,,—,,—,,—,,196,0.0606435643564356,158,0.10904071773637,242,-0.0818397024010822,-98,0.335616438356164,-111,0.0530846484935438,-125,0.0378100423472474,27,0.00798816568047337,-154,-0.0395378690629012,229,5.20454545454545,-214,0.0553973595651048,279,0.120206807410599,74,0.0646853146853147,33,0.0062749572162008
    Financial Products,,—,,—,,—,,—,,—,,—,,—,,—,,—,,—,,158,0.0488861386138614,176,0.121463077984817,227,-0.0767669935745688,-89,0.304794520547945,-92,0.0439980870396939,-107,0.0323653962492438,90,0.0266272189349112,-287,-0.0736842105263158,327,7.43181818181818,-242,0.062645612218483,318,0.137009909521758,-44,-0.0384615384615385,45,0.00855675984027382
    Corporate Items & Eliminations,,—,,—,,—,,—,,—,,—,,—,,—,,—,,—,,38,,-18,,15,,-9,,-19,,-18,,-63,,133,,-98,,28,,-39,,118,,-12,
Short Term Debt,,—,,—,,—,,—,,—,,—,,—,,—,,—,,—,,—,,—,,—,,—,,—,,—,,—,,—,,—,,—,,—,,—,,4643,1.0
  Financial Products,,—,,—,,—,,—,,—,,—,,—,,—,,—,,—,,—,,—,,—,,—,,—,,—,,—,,—,,—,,—,,—,,—,,4643,1.0
"  Machinery, Energy & Transportation",,—,,—,,—,,—,,—,,—,,—,,—,,—,,—,,—,,—,,—,,—,,—,,—,,—,,—,,—,,—,,—,,—,,0,
Current Portion of Long Term Debt,,—,,—,,—,,—,,—,,—,,—,,—,,—,,—,,—,,—,,—,,—,,—,,22848,1.0,23876,1.0,5830,1.0,6210,1.0,9149,1.0,6352,1.0,5322,1.0,8763,1.0
  Financial Products,,—,,—,,—,,—,,—,,—,,—,,—,,—,,—,,—,,—,,—,,—,,—,,14382,0.629464285714286,15918,0.666694588708326,5820,0.998284734133791,6194,0.997423510466989,7729,0.844791780522462,6307,0.992915617128463,5202,0.977452085682074,7719,0.880862718247176
"  Machinery, Energy & Transportation",,—,,—,,—,,—,,—,,—,,—,,—,,—,,—,,—,,—,,—,,—,,—,,8466,0.370535714285714,7958,0.333305411291674,10,0.00171526586620926,16,0.00257648953301127,1420,0.155208219477539,45,0.00708438287153652,120,0.0225479143179256,1044,0.119137281752824
Other Current Liabilities,,—,,—,,—,,—,,—,,—,,—,,—,,—,,—,,—,,—,,—,,—,,—,,4143,1.0,4625,1.0,4447,1.0,5111,1.0,5076,1.0,2256,1.0,2690,1.0,3123,1.0
"  Machinery, Energy & Transportation",,—,,—,,—,,—,,—,,—,,—,,—,,—,,—,,—,,—,,—,,—,,—,,2729,0.658701424088824,3458,0.747675675675676,3111,0.699572745671239,3681,0.720211308941499,3691,0.727147360126084,1773,0.73416149068323,2215,0.77719298245614,2583,0.79969040247678
  Financial Products,,—,,—,,—,,—,,—,,—,,—,,—,,—,,—,,—,,—,,—,,—,,—,,1414,0.341298575911176,1167,0.252324324324324,1336,0.300427254328761,1430,0.279788691058501,1385,0.272852639873916,642,0.26583850931677,635,0.22280701754386,647,0.20030959752322
  Adjustments,,—,,—,,—,,—,,—,,—,,—,,—,,—,,—,,—,,—,,—,,—,,—,,—,,—,,—,,—,,—,,-159,,-160,,-107,
Long Term Debt,,—,,—,,—,,—,,15677,1.0,17680,1.0,17829,1.0,0.022834,1.0,21847,1.0,20437,1.0,24944,1.0,27752,1.0,26719,1.0,26719,1.0,25169,1.0,22818,1.0,23847,1.0,25000,1.0,26742,1.0,—,,26517,1.0,26142,1.0,24899,1.0
  Financial Products,,—,,—,,—,,—,,12960,0.826688779741022,13986,0.791063348416289,14190,0.795894329463234,0.017098,0.748795655601296,16195,0.741291710532339,15932,0.779566472574253,16529,0.661821821821822,8666,0.312265782646296,18720,0.700625023391594,18720,0.699734609202706,16209,0.643214285714286,14382,0.629464285714286,15918,0.666694588708326,16995,0.67952818872451,17140,0.65193412194287,—,,16287,0.625004796807245,16216,0.629869877646145,15893,0.648191198662262
"  Machinery, Energy & Transportation",,—,,—,,—,,—,,—,,—,,—,,—,,5652,0.258708289467661,4505,0.220433527425747,8446,0.338178178178178,19086,0.687734217353704,7999,0.299374976608406,8033,0.300265390797294,8991,0.356785714285714,8466,0.370535714285714,7958,0.333305411291674,8015,0.32047181127549,9151,0.34806587805713,—,,9772,0.374995203192755,9529,0.370130122353855,8626,0.351808801337738
  Adjustments,,—,,—,,—,,—,,—,,—,,—,,—,,—,,—,,-31,,—,,—,,-34,,-31,,-30,,-29,,-10,,451,,—,,458,,397,,380,
  Machinery & Engines,,—,,—,,—,,—,,2717,0.173311220258978,3694,0.20893665158371,3639,0.204105670536766,0.005736,0.251204344398704,—,,—,,—,,—,,—,,—,,—,,—,,—,,—,,—,,—,,—,,—,,—,
Debt,,—,,—,,—,,—,,—,,4461,1.0,5132,1.0,0.005492,1.0,5701,1.0,3925,1.0,5660,1.0,7104,1.0,7352,1.0,6793,1.0,5877,1.0,6662,1.0,4837,1.0,5830,1.0,6210,1.0,9149,1.0,6352,1.0,5322,1.0,24472,1.0
  Financial Products,,—,,—,,—,,—,,—,,4043,0.906299036090563,4952,0.964925954793453,0.005036,0.916970138383103,5399,0.947026837396948,3430,0.873885350318471,5102,0.901413427561838,5991,0.843327702702703,6592,0.896626768226333,6283,0.924922714559105,5360,0.912029947251999,6155,0.923896727709397,4836,0.999793260285301,5820,0.998284734133791,6194,0.997423510466989,7729,0.844791780522462,6307,0.992915617128463,5202,0.977452085682074,15893,0.648191198662262
"  Machinery, Energy & Transportation",,—,,—,,—,,—,,—,,—,,—,,—,,302,0.0529731626030521,495,0.126114649681529,558,0.0985865724381625,1113,0.156672297297297,760,0.103373231773667,510,0.075077285440895,517,0.0879700527480007,507,0.0761032722906034,1,0.000206739714699194,10,0.00171526586620926,16,0.00257648953301127,1420,0.155208219477539,45,0.00708438287153652,120,0.0225479143179256,8626,0.351808801337738
  Adjustments,,—,,—,,—,,—,,—,,—,,—,,—,,—,,—,,—,,—,,—,,—,,—,,—,,—,,—,,—,,—,,—,,—,,-47,
  Machinery & Engines,,—,,—,,—,,—,,—,,418,0.0937009639094373,180,0.0350740452065472,0.000456,0.0830298616168973,—,,—,,—,,—,,—,,—,,—,,—,,—,,—,,—,,—,,—,,—,,—,
Liabilities,,—,,—,,—,,—,,—,,44590,1.0,47249,1.0,61068,1.0,50738,1.0,52695,1.0,68044,1.0,71388,1.0,64018,1.0,67855,1.0,63457,1.0,61491,1.0,63196,1.0,64429,1.0,63824,1.0,62946,1.0,66277,1.0,66052,1.0,67973,1.0
"  Machinery, Energy & Transportation",,—,,—,,—,,—,,—,,—,,—,,—,,24896,0.475504708061959,39491,0.567366817998966,41277,0.6,40702,0.559669989687178,33826,0.513503256265845,37362,0.535402605219036,33666,0.514660470235729,32650,0.508511533010419,34721,0.529800415039062,34395,0.514964591037715,33808,0.516192075730972,35197,0.542192987861236,36628,0.543805211194418,36835,0.548009402523209,37602,0.544286024462619
  Financial Products,,—,,—,,—,,—,,—,,25080,0.554670912951168,26922,0.559813686552577,30593,0.492181215611828,27461,0.524495291938041,30113,0.432633182001034,27518,0.4,32023,0.440330010312822,32047,0.486496743734155,32421,0.464597394780964,31748,0.485339529764271,31557,0.491488466989581,30815,0.470199584960938,32396,0.485035408962285,31687,0.483807924269028,29719,0.457807012138764,30727,0.456194788805582,30381,0.451990597476791,31483,0.455713975537381
  Adjustments,,—,,—,,—,,—,,—,,-626,,-842,,-1090,,—,,—,,—,,—,,—,,—,,—,,—,,—,,—,,—,,—,,—,,—,,-1112,
  Reconciliation,,—,,—,,—,,—,,—,,—,,—,,—,,-1619,,-16909,,-751,,-1337,,-1855,,-1928,,-1957,,-2716,,-2340,,-2362,,-1671,,-1970,,-1078,,-1164,,—,
  Machinery & Engines,,—,,—,,—,,—,,—,,20136,0.445329087048832,21169,0.440186313447423,31565,0.507818784388172,—,,—,,—,,—,,—,,—,,—,,—,,—,,—,,—,,—,,—,,—,,—,
Retained Earnings,,—,,—,,—,,—,,—,,—,,—,,—,,—,,—,,—,,—,,—,,—,,—,,—,,—,,—,,—,,25999,1.0,—,,—,,—,
  Adjustments,,—,,—,,—,,—,,—,,—,,—,,—,,—,,—,,—,,—,,—,,—,,—,,—,,—,,—,,—,,-15,,—,,—,,—,
"  Machinery, Energy & Transportation",,—,,—,,—,,—,,—,,—,,—,,—,,—,,—,,—,,—,,—,,—,,—,,—,,—,,—,,—,,9764,0.375336357346044,—,,—,,—,
  Financial Products,,—,,—,,—,,—,,—,,—,,—,,—,,—,,—,,—,,—,,—,,—,,—,,—,,—,,—,,—,,16250,0.624663642653956,—,,—,,—,
Depreciation and Amortization,,1169,1.0,1220,1.0,1347,1.0,1397,1.0,1477,1.0,1602,1.0,1797,1.0,1980,1.0,2336,1.0,2296,1.0,2527,1.0,2813,1.0,3087,1.0,3163,1.0,3046,1.0,3034,1.0,2877,1.0,2766,1.0,2577,1.0,2432,1.0,2352,1.0,2219,1.0,2144,1.0
"  Machinery, Energy & Transportation",,—,,—,,—,,—,,—,,—,,—,,0.000645,3.0846464282616e-07,1307,0.637872132747682,1298,0.644808743169399,1533,0.683459652251449,1863,0.724620770128355,1833,0.69908466819222,1952,0.688050757842792,2164,0.710439921208142,2144,0.706657877389585,2057,0.714980882864095,1932,0.698481561822126,1748,0.678308110205666,1659,0.682154605263158,1580,0.671768707482993,1485,0.669220369535827,1361,0.634794776119403
    Energy & Transportation,,—,,—,,—,,—,,—,,—,,—,,—,,439,0.214250854075159,502,0.249379036264282,544,0.242532322781988,604,0.234928043562816,647,0.246758199847445,696,0.245329573493127,690,0.226526592252134,677,0.22313777191826,653,0.226972540841154,640,0.231381055676067,624,0.242142025611176,593,0.243832236842105,571,0.242772108843537,547,0.246507435781884,551,0.256996268656716
    Resource Industries,,—,,—,,—,,—,,—,,—,,—,,—,,313,0.152757442654954,281,0.139592647789369,463,0.206419973250111,694,0.269933877868534,693,0.264302059496567,692,0.24391963341558,643,0.211096520026264,607,0.200065919578115,514,0.178658324643726,462,0.167028199566161,450,0.174621653084983,418,0.171875,403,0.171343537414966,368,0.165840468679585,302,0.140858208955224
    All Other,,73,0.0691287878787879,69,0.0642458100558659,80,0.0662800331400166,359,0.280249804839969,377,0.281133482475764,562,0.388389771941949,681,0.418304668304668,645,0.30846464282616,—,,—,,—,,—,,—,,—,,326,0.107025607353907,402,0.132498352010547,490,0.170316301703163,463,0.167389732465654,372,0.144353899883586,403,0.165707236842105,369,0.156887755102041,339,0.152771518702118,287,0.133861940298507
    Construction Industries,,—,,—,,—,,—,,—,,—,,—,,—,,555,0.27086383601757,515,0.255837059115748,526,0.234507356219349,565,0.219758848697005,493,0.188024408848207,564,0.198801550934085,505,0.165791201575837,458,0.150955833882663,400,0.139033715676051,367,0.132682574114244,302,0.117190531625922,245,0.100740131578947,237,0.100765306122449,231,0.10410094637224,221,0.103078358208955
  Financial Products,,—,,—,,—,,—,,—,,—,,—,,0.000755,3.61071016021319e-07,742,0.362127867252318,715,0.355191256830601,710,0.316540347748551,708,0.275379229871645,789,0.30091533180778,885,0.311949242157208,882,0.289560078791858,890,0.293342122610415,820,0.285019117135905,834,0.301518438177874,829,0.321691889794334,773,0.317845394736842,772,0.328231292517007,734,0.330779630464173,783,0.365205223880597
    Financial Products,,315,0.298295454545455,417,0.388268156424581,530,0.43910521955261,604,0.471506635441062,646,0.481730052199851,642,0.443676572218383,673,0.413390663390663,755,0.361071016021319,742,0.362127867252318,—,,—,,—,,789,0.30091533180778,885,0.311949242157208,882,0.289560078791858,890,0.293342122610415,820,0.285019117135905,834,0.301518438177874,829,0.321691889794334,773,0.317845394736842,772,0.328231292517007,734,0.330779630464173,783,0.365205223880597
  Machinery & Engines,,—,,657,0.611731843575419,677,0.56089478044739,677,0.528493364558938,695,0.518269947800149,805,0.556323427781617,955,0.586609336609337,1336,0.638928314443022,—,,—,,—,,—,,—,,—,,—,,—,,—,,—,,—,,—,,—,,—,,—,
    Mining,,—,,—,,—,,—,,—,,—,,—,,63,0.0301291046481365,—,,—,,—,,—,,—,,—,,—,,—,,—,,—,,—,,—,,—,,—,,—,
    Logistics,,—,,—,,—,,—,,—,,—,,—,,111,0.0530846129514786,—,,—,,—,,—,,—,,—,,—,,—,,—,,—,,—,,—,,—,,—,,—,
    Excavation,,—,,—,,—,,—,,—,,—,,—,,54,0.0258249468412599,—,,—,,—,,—,,—,,—,,—,,—,,—,,—,,—,,—,,—,,—,,—,
    Earthmoving,,—,,—,,—,,—,,—,,—,,—,,85,0.0406503792871683,—,,—,,—,,—,,—,,—,,—,,—,,—,,—,,—,,—,,—,,—,,—,
    Cat Japan,,—,,—,,—,,—,,—,,—,,—,,55,0.0263031865975795,—,,—,,—,,—,,—,,—,,—,,—,,—,,—,,—,,—,,—,,—,,—,
    Building Construction Products,,—,,—,,—,,—,,—,,—,,—,,35,0.016738391471187,—,,—,,—,,—,,—,,—,,—,,—,,—,,—,,—,,—,,—,,—,,—,
    North America Marketing,,0,,0,,0,,1,0.00078064012490242,2,0.00149142431021626,1,0.000691085003455425,1,0.000614250614250614,—,,—,,—,,—,,—,,—,,—,,—,,—,,—,,—,,—,,—,,—,,—,,—,
    Latin America,,25,0.0236742424242424,25,0.0232774674115456,24,0.019884009942005,46,0.0359094457455113,44,0.0328113348247576,46,0.0317899101589496,46,0.0282555282555283,—,,—,,—,,—,,—,,—,,—,,—,,—,,—,,—,,—,,—,,—,,—,,—,
    EAME Marketing,,60,0.0568181818181818,49,0.0456238361266294,63,0.052195526097763,1,0.00078064012490242,1,0.000745712155108128,1,0.000691085003455425,1,0.000614250614250614,—,,—,,—,,—,,—,,—,,—,,—,,—,,—,,—,,—,,—,,—,,—,,—,
    Heavy Construction & Mining,,213,0.201704545454545,209,0.194599627560521,205,0.169842584921292,82,0.0640124902419984,89,0.0663683818046234,0,,3,0.00184275184275184,—,,—,,—,,—,,—,,—,,—,,—,,—,,—,,—,,—,,—,,—,,—,,—,
    Asia/Pacific Marketing,,11,0.0104166666666667,12,0.0111731843575419,13,0.0107705053852527,1,0.00078064012490242,2,0.00149142431021626,2,0.00138217000691085,3,0.00184275184275184,—,,—,,—,,—,,—,,—,,—,,—,,—,,—,,—,,—,,—,,—,,—,,—,
    Turbines,,—,,—,,—,,—,,—,,—,,—,,55,0.0263031865975795,—,,—,,—,,—,,—,,—,,—,,—,,—,,—,,—,,—,,—,,—,,—,
    Marine & Petroleum Power,,—,,—,,—,,—,,—,,—,,—,,15,0.00717359634479441,—,,—,,—,,—,,—,,—,,—,,—,,—,,—,,—,,—,,—,,—,,—,
    Power Systems Marketing,,—,,—,,—,,-6,-0.00468384074941452,8,0.00596569724086503,9,0.00621976503109883,9,0.00552825552825553,—,,—,,—,,—,,—,,—,,—,,—,,—,,—,,—,,—,,—,,—,,—,,—,
    Large Power Systems,,—,,—,,—,,158,0.123341139734582,154,0.114839671886652,162,0.111955770559779,188,0.115479115479115,194,0.0927785127260077,—,,—,,—,,—,,—,,—,,—,,—,,—,,—,,—,,—,,—,,—,,—,
    Electric Power,,—,,—,,—,,35,0.0273224043715847,18,0.0134228187919463,22,0.0152038700760194,23,0.0141277641277641,24,0.0114777541516711,—,,—,,—,,—,,—,,—,,—,,—,,—,,—,,—,,—,,—,,—,,—,
    Power Products,,359,0.339962121212121,293,0.272811918063315,292,0.24192212096106,—,,—,,—,,—,,—,,—,,—,,—,,—,,—,,—,,—,,—,,—,,—,,—,,—,,—,,—,,—,
  Reconciliation,,113,,146,,140,,116,,136,,155,,169,,-111.0014,,287,,283,,284,,242,,465,,326,,—,,—,,—,,—,,—,,—,,—,,—,,—,
Capital Expenditures,,-1649,,-1766,,-1810,,-2046,,-2210,,-2437,,-2829,,-0.007213,,-2153,,-1540,,-3657,,-4808,,-3533,,-3027,,-2913,,-2586,,-2311,,-2755,,-2516,,-1933,,-2472,,-2405,,-2864,
  Financial Products,,—,,—,,—,,—,,—,,—,,—,,-0.001608,0.222930819353944,-976,0.453320947515095,-361,0.234415584415584,-1191,0.325676784249385,-1660,0.345257903494176,-1806,0.511180300028305,-1634,0.539808391146349,-1465,0.502917953999313,-1638,0.633410672853828,-1373,0.594115101687581,-1559,0.565880217785844,-1534,0.609697933227345,-1100,0.569063631660631,-1218,0.492718446601942,-1141,0.474428274428274,-1299,0.453561452513966
    Financial Products,,-858,0.520315342631898,-1177,0.66647791619479,-1220,0.674033149171271,-1327,0.648582600195503,-1232,0.557466063348416,-1153,0.473122691834222,-1367,0.483209614704843,-0.001608,0.222930819353944,-976,0.453320947515095,—,,—,,—,,-1806,0.511180300028305,-1634,0.539808391146349,-1465,0.502917953999313,—,,—,,-1559,0.565880217785844,-1534,0.609697933227345,-1100,0.569063631660631,-1218,0.492718446601942,—,,—,
"  Machinery, Energy & Transportation",,—,,—,,—,,—,,—,,—,,—,,-0.001284,0.178011922916956,-1177,0.546679052484905,-1179,0.765584415584416,-2466,0.674323215750615,-3148,0.654742096505824,-1727,0.488819699971695,-1393,0.46019160885365,-1448,0.497082046000687,-948,0.366589327146172,-938,0.405884898312419,-1196,0.434119782214156,-982,0.390302066772655,-833,0.430936368339369,-1254,0.507281553398058,-1264,0.525571725571726,-1565,0.546438547486033
    Resource Industries,,—,,—,,—,,—,,—,,—,,—,,—,,-243,0.112865768694844,-397,0.257792207792208,-717,0.196062346185398,-1143,0.237728785357737,-499,0.141239739598075,-277,0.0915097456227288,-303,0.104016477857878,-243,0.0939675174013921,-183,0.0791864993509303,-188,0.0682395644283122,-168,0.0667726550079491,-125,0.0646663217796172,-199,0.0805016181229773,-237,0.0985446985446986,-245,0.0855446927374302
    Construction Industries,,—,,—,,—,,—,,—,,—,,—,,—,,-403,0.187180678123549,-444,0.288311688311688,-915,0.250205086136177,-1045,0.21734608985025,-551,0.15595810925559,-447,0.147670961347869,-276,0.0947476828012358,-186,0.0719257540603248,-228,0.0986585893552575,-266,0.096551724137931,-201,0.0798887122416534,-213,0.110191412312468,-255,0.103155339805825,-271,0.112681912681913,-376,0.131284916201117
    Energy & Transportation,,—,,—,,—,,—,,—,,—,,—,,—,,-531,0.246632605666512,-338,0.219480519480519,-834,0.22805578342904,-960,0.199667221297837,-677,0.19162185111803,-669,0.221010901883053,-869,0.298317885341572,-519,0.200696055684455,-527,0.228039809606231,-742,0.269328493647913,-613,0.243640699523052,-495,0.256078634247284,-627,0.253640776699029,-756,0.314345114345114,-944,0.329608938547486
    All Other,,-93,0.0563978168587022,-81,0.0458663646659117,-103,0.0569060773480663,-436,0.213098729227761,-529,0.239366515837104,-898,0.368485843249897,-1076,0.380346412159774,-0.001284,0.178011922916956,—,,—,,—,,—,,—,,—,,—,,—,,—,,—,,—,,—,,-173,0.0699838187702265,—,,—,
  Machinery & Engines,,—,,-589,0.33352208380521,-590,0.325966850828729,-719,0.351417399804497,-978,0.442533936651584,-1284,0.526877308165778,-1462,0.516790385295157,-0.002713,0.376126438375156,—,,—,,—,,—,,—,,—,,—,,—,,—,,—,,—,,—,,—,,—,,—,
    Mining,,—,,—,,—,,—,,—,,—,,—,,-7.1e-05,0.00984333841674754,—,,—,,—,,—,,—,,—,,—,,—,,—,,—,,—,,—,,—,,—,,—,
    Logistics,,—,,—,,—,,—,,—,,—,,—,,-0.000125,0.0173298211562457,—,,—,,—,,—,,—,,—,,—,,—,,—,,—,,—,,—,,—,,—,,—,
    Excavation,,—,,—,,—,,—,,—,,—,,—,,-0.000132,0.0183002911409954,—,,—,,—,,—,,—,,—,,—,,—,,—,,—,,—,,—,,—,,—,,—,
    Earthmoving,,—,,—,,—,,—,,—,,—,,—,,-0.000315,0.0436711493137391,—,,—,,—,,—,,—,,—,,—,,—,,—,,—,,—,,—,,—,,—,,—,
    Cat Japan,,—,,—,,—,,—,,—,,—,,—,,-9.9e-05,0.0137252183557466,—,,—,,—,,—,,—,,—,,—,,—,,—,,—,,—,,—,,—,,—,,—,
    Building Construction Products,,—,,—,,—,,—,,—,,—,,—,,-6.3e-05,0.00873422986274782,—,,—,,—,,—,,—,,—,,—,,—,,—,,—,,—,,—,,—,,—,,—,
    North America Marketing,,0,,-2,0.00113250283125708,-8,0.00441988950276243,-6,0.00293255131964809,-5,0.00226244343891403,-5,0.00205170291341814,0,,—,,—,,—,,—,,—,,—,,—,,—,,—,,—,,—,,—,,—,,—,,—,,—,
    Latin America,,-20,0.0121285627653123,-13,0.00736126840317101,-24,0.0132596685082873,-41,0.020039100684262,-51,0.0230769230769231,-56,0.0229790726302831,-85,0.0300459526334394,—,,—,,—,,—,,—,,—,,—,,—,,—,,—,,—,,—,,—,,—,,—,,—,
    EAME Marketing,,-61,0.0369921164342025,-63,0.035673839184598,-73,0.0403314917127072,0,,-1,0.000452488687782805,-1,0.000410340582683627,-1,0.000353481795687522,—,,—,,—,,—,,—,,—,,—,,—,,—,,—,,—,,—,,—,,—,,—,,—,
    Heavy Construction & Mining,,-271,0.164342025469982,-179,0.101359003397508,-148,0.081767955801105,-109,0.0532746823069404,-172,0.0778280542986425,-1,0.000410340582683627,0,,—,,—,,—,,—,,—,,—,,—,,—,,—,,—,,—,,—,,—,,—,,—,,—,
    Asia/Pacific Marketing,,-9,0.00545785324439054,-13,0.00736126840317101,-22,0.0121546961325967,0,,-2,0.000904977375565611,-3,0.00123102174805088,-8,0.00282785436550018,—,,—,,—,,—,,—,,—,,—,,—,,—,,—,,—,,—,,—,,—,,—,,—,
    Turbines,,—,,—,,—,,—,,—,,—,,—,,-9.4e-05,0.0130320255094967,—,,—,,—,,—,,—,,—,,—,,—,,—,,—,,—,,—,,—,,—,,—,
    Marine & Petroleum Power,,—,,—,,—,,—,,—,,—,,—,,-8e-05,0.0110910855399972,—,,—,,—,,—,,—,,—,,—,,—,,—,,—,,—,,—,,—,,—,,—,
    Power Systems Marketing,,—,,—,,—,,0,,-5,0.00226244343891403,-4,0.00164136233073451,-3,0.00106044538706257,—,,—,,—,,—,,—,,—,,—,,—,,—,,—,,—,,—,,—,,—,,—,,—,
    Large Power Systems,,—,,—,,—,,-108,0.0527859237536657,-186,0.0841628959276018,-277,0.113664341403365,-255,0.0901378579003181,-0.000375,0.051989463468737,—,,—,,—,,—,,—,,—,,—,,—,,—,,—,,—,,—,,—,,—,,—,
    Electric Power,,—,,—,,—,,-19,0.00928641251221896,-27,0.0122171945701357,-39,0.0160032827246615,-34,0.0120183810533757,-7.5e-05,0.0103978926937474,—,,—,,—,,—,,—,,—,,—,,—,,—,,—,,—,,—,,—,,—,,—,
    Power Products,,-337,0.204366282595512,-238,0.134767836919592,-212,0.117127071823204,—,,—,,—,,—,,—,,—,,—,,—,,—,,—,,—,,—,,—,,—,,—,,—,,—,,—,,—,,—,
Risk Weighted Assets,,—,,—,,—,,—,,—,,—,,—,,—,,—,,—,,—,,—,,—,,—,,—,,—,,23847,1.0,25000,1.0,26281,1.0,25999,1.0,26033,1.0,25714,1.0,24472,1.0
  Financial Products,,—,,—,,—,,—,,—,,—,,—,,—,,—,,—,,—,,—,,—,,—,,—,,—,,15918,0.666694588708326,16995,0.67952818872451,17140,0.65193412194287,16250,0.624663642653956,16287,0.625004796807245,16216,0.629869877646145,15893,0.648191198662262
"  Machinery, Energy & Transportation",,—,,—,,—,,—,,—,,—,,—,,—,,—,,—,,—,,—,,—,,—,,—,,—,,7958,0.333305411291674,8015,0.32047181127549,9151,0.34806587805713,9764,0.375336357346044,9772,0.374995203192755,9529,0.370130122353855,8626,0.351808801337738
  Adjustments,,—,,—,,—,,—,,—,,—,,—,,—,,—,,—,,—,,—,,—,,—,,—,,—,,-29,,-10,,-10,,-15,,-26,,-31,,-47,
SG&A Including Intersegment,,—,,—,,—,,—,,—,,—,,—,,—,,—,,—,,—,,—,,—,,—,,4977,1.0,4399,1.0,5015,1.0,5500,1.0,5181,1.0,4661,1.0,5365,1.0,5651,1.0,6371,1.0
"  Machinery, Energy & Transportation",,—,,—,,—,,—,,—,,—,,—,,—,,—,,—,,—,,—,,—,,—,,4389,0.881856540084388,3826,0.869743123437145,4411,0.879561316051845,4675,0.85,4444,0.857749469214437,3915,0.839948508903669,4724,0.878393454815917,4999,0.881502380532534,5696,0.89
  Financial Products,,—,,—,,—,,—,,—,,—,,—,,—,,—,,—,,—,,—,,—,,—,,588,0.118143459915612,573,0.130256876562855,604,0.120438683948156,825,0.15,737,0.142250530785563,746,0.160051491096331,654,0.121606545184083,672,0.118497619467466,704,0.11
  Adjustments,,—,,—,,—,,—,,—,,—,,—,,—,,—,,—,,—,,—,,—,,—,,—,,—,,—,,—,,—,,—,,-13,,-20,,-29,
Source: Bloomberg,,,,,,,,,,,,,,,,,,,,,,,,,,,,,,,,,,,,,,,,,,,,,,,
