UNH US Equity,"""=BDH($A$1, $B7, ""19900101"","""",""sort=a"",""dir=h"",""per=cq"")",Unnamed: 2,Unnamed: 3,Unnamed: 4,Unnamed: 5,Unnamed: 6,Unnamed: 7,Unnamed: 8,Unnamed: 9,Unnamed: 10,Unnamed: 11,Unnamed: 12,Unnamed: 13,Unnamed: 14,Unnamed: 15,Unnamed: 16,Unnamed: 17,Unnamed: 18,Unnamed: 19,Unnamed: 20,Unnamed: 21,Unnamed: 22,Unnamed: 23,Unnamed: 24,Unnamed: 25,Unnamed: 26,Unnamed: 27,Unnamed: 28,Unnamed: 29,Unnamed: 30,Unnamed: 31,Unnamed: 32,Unnamed: 33,Unnamed: 34,Unnamed: 35,Unnamed: 36,Unnamed: 37,Unnamed: 38,Unnamed: 39,Unnamed: 40,Unnamed: 41,Unnamed: 42,Unnamed: 43,Unnamed: 44,Unnamed: 45,Unnamed: 46,Unnamed: 47,Unnamed: 48,Unnamed: 49,Unnamed: 50,Unnamed: 51,Unnamed: 52,Unnamed: 53,Unnamed: 54,Unnamed: 55,Unnamed: 56,Unnamed: 57,Unnamed: 58,Unnamed: 59,Unnamed: 60,Unnamed: 61,Unnamed: 62,Unnamed: 63,Unnamed: 64,Unnamed: 65,Unnamed: 66,Unnamed: 67,Unnamed: 68,Unnamed: 69,Unnamed: 70,Unnamed: 71,Unnamed: 72,Unnamed: 73,Unnamed: 74,Unnamed: 75,Unnamed: 76,Unnamed: 77,Unnamed: 78,Unnamed: 79,Unnamed: 80,Unnamed: 81,Unnamed: 82,Unnamed: 83,Unnamed: 84,Unnamed: 85,Unnamed: 86,Unnamed: 87,Unnamed: 88,Unnamed: 89,Unnamed: 90,Unnamed: 91,Unnamed: 92,Unnamed: 93,Unnamed: 94,Unnamed: 95,Unnamed: 96,Unnamed: 97,Unnamed: 98,Unnamed: 99,Unnamed: 100,Unnamed: 101,Unnamed: 102,Unnamed: 103,Unnamed: 104,Unnamed: 105,Unnamed: 106,Unnamed: 107,Unnamed: 108,Unnamed: 109,Unnamed: 110,Unnamed: 111,Unnamed: 112,Unnamed: 113,Unnamed: 114,Unnamed: 115,Unnamed: 116,Unnamed: 117,Unnamed: 118,Unnamed: 119,Unnamed: 120,Unnamed: 121,Unnamed: 122,Unnamed: 123,Unnamed: 124,Unnamed: 125,Unnamed: 126,Unnamed: 127,Unnamed: 128,Unnamed: 129,Unnamed: 130,Unnamed: 131,Unnamed: 132,Unnamed: 133,Unnamed: 134,Unnamed: 135,Unnamed: 136,Unnamed: 137,Unnamed: 138,Unnamed: 139,Unnamed: 140
,"""=""=BDH($A$1, B"" & ROW() & "", """"19900101"""","""""""",""""sort=a"""",""""dates=h"""",""""dir=h"""",""""per=cq"""")""",,,,,,,,,,,,,,,,,,,,,,,,,,,,,,,,,,,,,,,,,,,,,,,,,,,,,,,,,,,,,,,,,,,,,,,,,,,,,,,,,,,,,,,,,,,,,,,,,,,,,,,,,,,,,,,,,,,,,,,,,,,,,,,,,,,,,,,,,,,
,,,,,,,,,,,,,,,,,,,,,,,,,,,,,,,,,,,,,,,,,,,,,,,,,,,,,,,,,,,,,,,,,,,,,,,,,,,,,,,,,,,,,,,,,,,,,,,,,,,,,,,,,,,,,,,,,,,,,,,,,,,,,,,,,,,,,,,,,,,,
,,,,,,,,,,,,,,,,,,,,,,,,,,,,,,,,,,,,,,,,,,,,,,,,,,,,,,,,,,,,,,,,,,,,,,,,,,,,,,,,,,,,,,,,,,,,,,,,,,,,,,,,,,,,,,,,,,,,,,,,,,,,,,,,,,,,,,,,,,,,
,,,,,,,,,,,,,,,,,,,,,,,,,,,,,,,,,,,,,,,,,,,,,,,,,,,,,,,,,,,,,,,,,,,,,,,,,,,,,,,,,,,,,,,,,,,,,,,,,,,,,,,,,,,,,,,,,,,,,,,,,,,,,,,,,,,,,,,,,,,,
Total Assets,,1990-03-30 00:00:00,1990-06-29 00:00:00,1990-09-28 00:00:00,1990-12-31 00:00:00,1991-03-28 00:00:00,1991-06-28 00:00:00,1991-09-30 00:00:00,1991-12-31 00:00:00,1992-03-31 00:00:00,1992-06-30 00:00:00,1992-09-30 00:00:00,1992-12-31 00:00:00,1993-03-31 00:00:00,1993-06-30 00:00:00,1993-09-30 00:00:00,1993-12-31 00:00:00,1994-03-31 00:00:00,1994-06-30 00:00:00,1994-09-30 00:00:00,1994-12-30 00:00:00,1995-03-31 00:00:00,1995-06-30 00:00:00,1995-09-29 00:00:00,1995-12-29 00:00:00,1996-03-29 00:00:00,1996-06-28 00:00:00,1996-09-30 00:00:00,1996-12-31 00:00:00,1997-03-31 00:00:00,1997-06-30 00:00:00,1997-09-30 00:00:00,1997-12-31 00:00:00,1998-03-31 00:00:00,1998-06-30 00:00:00,1998-09-30 00:00:00,1998-12-31 00:00:00,1999-03-31 00:00:00,1999-06-30 00:00:00,1999-09-30 00:00:00,1999-12-31 00:00:00,2000-03-31 00:00:00,2000-06-30 00:00:00,2000-09-29 00:00:00,2000-12-29 00:00:00,2001-03-30 00:00:00,2001-06-29 00:00:00,2001-09-28 00:00:00,2001-12-31 00:00:00,2002-03-28 00:00:00,2002-06-28 00:00:00,2002-09-30 00:00:00,2002-12-31 00:00:00,2003-03-31 00:00:00,2003-06-30 00:00:00,2003-09-30 00:00:00,2003-12-31 00:00:00,2004-03-31 00:00:00,2004-06-30 00:00:00,2004-09-30 00:00:00,2004-12-31 00:00:00,2005-03-31 00:00:00,2005-06-30 00:00:00,2005-09-30 00:00:00,2005-12-30 00:00:00,2006-03-31 00:00:00,2006-06-30 00:00:00,2006-09-29 00:00:00,2006-12-29 00:00:00,2007-03-30 00:00:00,2007-06-29 00:00:00,2007-09-28 00:00:00,2007-12-31 00:00:00,2008-03-31 00:00:00,2008-06-30 00:00:00,2008-09-30 00:00:00,2008-12-31 00:00:00,2009-03-31 00:00:00,2009-06-30 00:00:00,2009-09-30 00:00:00,2009-12-31 00:00:00,2010-03-31 00:00:00,2010-06-30 00:00:00,2010-09-30 00:00:00,2010-12-31 00:00:00,2011-03-31 00:00:00,2011-06-30 00:00:00,2011-09-30 00:00:00,2011-12-30 00:00:00,2012-03-30 00:00:00,2012-06-29 00:00:00,2012-09-28 00:00:00,2012-12-31 00:00:00,2013-03-28 00:00:00,2013-06-28 00:00:00,2013-09-30 00:00:00,2013-12-31 00:00:00,2014-03-31 00:00:00,2014-06-30 00:00:00,2014-09-30 00:00:00,2014-12-31 00:00:00,2015-03-31 00:00:00,2015-06-30 00:00:00,2015-09-30 00:00:00,2015-12-31 00:00:00,2016-03-31 00:00:00,2016-06-30 00:00:00,2016-09-30 00:00:00,2016-12-30 00:00:00,2017-03-31 00:00:00,2017-06-30 00:00:00,2017-09-29 00:00:00,2017-12-29 00:00:00,2018-03-29 00:00:00,2018-06-29 00:00:00,2018-09-28 00:00:00,2018-12-31 00:00:00,2019-03-29 00:00:00,2019-06-28 00:00:00,2019-09-30 00:00:00,2019-12-31 00:00:00,2020-03-31 00:00:00,2020-06-30 00:00:00,2020-09-30 00:00:00,2020-12-31 00:00:00,2021-03-31 00:00:00,2021-06-30 00:00:00,2021-09-30 00:00:00,2021-12-31 00:00:00,2022-03-31 00:00:00,2022-06-30 00:00:00,2022-09-30 00:00:00,2022-12-30 00:00:00,2023-03-31 00:00:00,2023-06-30 00:00:00,2023-09-29 00:00:00,2023-12-29 00:00:00,2024-03-28 00:00:00,2024-06-28 00:00:00,2024-09-30 00:00:00
"  + Cash, Cash Equivalents & STI",CASH_CASH_EQTY_STI_DETAILED,162.641,163.932,174.057,113.021,161.552,164.11,187.39,251.39,241.611,123.025,158.757,289.934,160.13,97.821,111.801,400.87,219.282,2347.1771,1843.727,1654.336,945.073,1031.172,1583.998,1803.925,1899.8329,1735.695,1787.9551,1647.288,1350.327,879.9,927.1,1256,816,789,1189,1814,1507,1403,1174,2151,1624,1577,1377,1619,1499,1511,1691,1810,1673,1905,1581,1831,2040,2484,2440,2748,2930,3509,4409,4505,,,,6011,8361,10056,9925,10940,12855,13898,11121,9619,7040,6089,6800,8209,8845,8155,10501,11039,11075,11073,11003,11195,12150,12307,16377,12006,14326,14430,11954,11437,13057,10097,10719,9213,9383,8289,9212,9236,10430,9802,9925,12911,13014,10974,15667,13275,19352,17970,19794,15490,22041,21860,13849,14324,15710,17269,15818,14245,24445,25593,20809,19781,22917,22561,23871,23907,28396,27964,42527,27911,46497,46279,44097,29628,32710,31323,37134
    + Cash & Cash Equivalents,BS_CASH_NEAR_CASH_ITEM,68.498,71.113,52.638,53.94,59.725,44.103,58.902,138.047,102.597,30.127,62.791,168.704,69.552,47.742,59.478,228.26,129.832,2253.4131,1662.535,1519.049,594.314,672.258,1307.531,940.11,1040.4919,995.679,732.025,1036.7159,903.965,610.3,444.3,750,668,663,1025,1644,1369,1230,973,1605,1276,1322,1103,1419,1319,1340,1525,1540,1447,1696,1066,1130,1802,2253,2067,2262,2714,3100,3635,3991,,,,5421,7839,9472,9252,10320,12059,13032,10350,8865,6275,5273,6081,7426,7887,7247,9535,9800,9920,9983,9577,9123,9790,9775,13679,9429,11661,11578,8916,8406,10038,7654,8286,7276,7514,6412,7233,7495,8650,7887,7983,10923,10596,8217,12796,10430,16142,14582,16269,11981,18243,18368,10263,10866,12407,13745,12363,10985,21569,22327,17550,16921,19955,19832,21085,21375,25482,24612,38845,23365,41913,41813,38915,25427,28414,26286,37134
    + ST Investments,BS_MKT_SEC_OTHER_ST_INVEST,94.143,92.819,121.419,59.081,101.827,120.007,128.488,113.343,139.014,92.898,95.966,121.23,90.578,50.079,52.323,172.61,89.45,93.764,181.192,135.287,350.759,358.914,276.467,863.815,859.341,740.016,1055.9301,610.572,446.362,269.6,482.8,506,148,126,164,170,138,173,201,546,348,255,274,200,180,171,166,270,226,209,515,701,238,231,373,486,216,409,774,514,,,,590,522,584,673,620,796,866,771,754,765,816,719,783,958,908,966,1239,1155,1090,1426,2072,2360,2532,2698,2577,2665,2852,3038,3031,3019,2443,2433,1937,1869,1877,1979,1741,1780,1915,1942,1988,2418,2757,2871,2845,3210,3388,3525,3509,3798,3492,3586,3458,3303,3524,3455,3260,2876,3266,3259,2860,2962,2729,2786,2532,2914,3352,3682,4546,4584,4466,5182,4201,4296,5037,
  + Accounts & Notes Receiv,BS_ACCT_NOTE_RCV,21.075,21.34,25.832,26.228,36.35,32.253,40.099,45.187,50.835,56.016,58.938,93.055,90.978,94.953,136.305,169.075,145.727,172.669,157.939,167.369,202.08,217.681,253.053,550.313,611.138,618.323,648.734,605.801,681.545,703.4,731.3,768,1145,1219,1104,991,1039,975,967,912,919,914,906,867,895,876,894,856,834,898,873,835,835,836,880,745,873,836,910,906,,,,1207,1309,1350,1218,1323,1311,1536,1318,1574,1934,2350,1873,1929,2300,2705,1957,1954,2309,2766,2082,2061,2495,2851,2234,2294,2688,2648,2403,2709,3185,3674,2853,3052,4202,5383,3826,4252,5040,6034,6752,6523,7777,9346,7347,8152,9595,10538,8638,9568,11512,10874,10992,11388,12826,9741,10964,11822,14613,12546,12171,12870,15980,14587,14152,14216,18871,18718,17047,17681,22414,17952,20673,21276,27197,23115,20024
"    + Accounts Receivable, Net",BS_ACCTS_REC_EXCL_NOTES_REC,,,,,,,,,,,,,,,,,,,,,,,,,,,,,,,731.3,,,,,,1039,975,967,,919,914,906,,895,876,894,,834,898,873,835,835,836,880,745,873,836,910,906,,,,1207,1309,1350,1218,1323,1311,1536,1318,1574,1934,2350,1873,1929,2300,2705,1957,1954,2309,2766,2082,2061,2495,2851,2234,2294,2688,2648,2403,2709,3185,3674,2853,3052,4202,5383,3826,4252,5040,6034,6752,6523,7777,9346,7347,8152,9595,10538,8638,9568,11512,10874,10992,11388,12826,9741,10964,11822,14613,12546,12171,12870,15980,14587,14152,14216,18871,18718,17047,17681,22414,17952,20673,21276,27197,23115,20024
"    + Notes Receivable, Net",NOTES_RECEIVABLE,,,,,,,,,,,,,,,,,,,,,,,,,,,,,,,,,,,,,,,,,,,,,,,,,,,,,,,,,,,,,,,,,,,,,,,,,,,,,0,0,0,0,0,0,0,0,0,0,0,0,0,0,0,0,0,0,0,0,0,0,0,0,0,0,0,0,0,0,0,0,0,0,0,0,0,0,0,0,0,0,0,0,0,0,0,0,0,0,0,0,0,0,0,0,0,0,0,0,0,0,0
  + Unbilled Revenues,BS_UNBILLED_REVENUES,,,,,,,,,,,,,,,,,,,,,,,,,,,,,,,,,,,,,,,,,,,,,,,,,,,,,,,,,,,,,,,,,,,,,,,,,,,,,,,,,,,,,,,,,,,,,,,,,,,,,,,,,,,,,,,,,,,,,,,,,,,,,,,,,,,,,,,,,,,
  + Inventories,BS_INVENTORIES,0,0,0,0,0,0,0,0,0,0,0,0,0,0,0,0,0,0,0,0,0,0,0,0,0,0,0,0,0,0,0,0,0,0,0,0,,0,0,0,,0,0,0,0,0,0,0,,0,0,0,,,,0,,,,0,,,,0,,0,0,0,0,0,0,0,0,0,0,0,0,0,0,0,0,0,0,0,0,0,0,0,0,0,0,0,0,0,0,0,0,0,0,0,0,0,0,0,0,0,0,0,0,0,0,0,0,0,0,0,0,0,0,0,0,0,0,0,0,0,0,0,0,0,0,0,0,0,0,0,0,0,0
    + Raw Materials,INVTRY_RAW_MATERIALS,,,,,,,,,,,,,,,,,,,,,,,,,,,,,,,,0,0,0,0,0,,0,0,0,,0,0,0,0,0,0,0,,0,0,0,,,,0,,,,,,,,0,,0,0,0,0,0,0,0,0,0,0,0,0,0,0,0,0,0,0,0,0,0,0,0,0,0,0,0,0,0,0,0,0,0,0,0,0,0,0,0,0,0,0,0,0,0,0,0,0,0,0,0,0,0,0,0,0,0,0,0,0,0,0,0,0,0,0,0,0,0,0,0,0,0,0
    + Work In Process,INVTRY_IN_PROGRESS,,,,,,,,,,,,,,,,,,,,,,,,,,,,,,,,0,0,0,0,0,,0,0,0,,0,0,0,0,0,0,0,,0,0,0,,,,0,,,,,,,,0,,0,0,0,0,0,0,0,0,0,0,0,0,0,0,0,0,0,0,0,0,0,0,0,0,0,0,0,0,0,0,0,0,0,0,0,0,0,0,0,0,0,0,0,0,0,0,0,0,0,0,0,0,0,0,0,0,0,0,0,0,0,0,0,0,0,0,0,0,0,0,0,0,0,0
    + Finished Goods,INVTRY_FINISHED_GOODS,,,,,,,,,,,,,,,,,,,,,,,,,,,,,,,,0,0,0,0,0,,0,0,0,,0,0,0,0,0,0,0,,0,0,0,,,,0,,,,,,,,0,,0,0,0,0,0,0,0,0,0,0,0,0,0,0,0,0,0,0,0,0,0,0,0,0,0,0,0,0,0,0,0,0,0,0,0,0,0,0,0,0,0,0,0,0,0,0,0,0,0,0,0,0,0,0,0,0,0,0,0,0,0,0,0,0,0,0,0,0,0,0,0,0,0,0
    + Other Inventory,BS_OTHER_INV,,,,,,,,,,,,,,,,,,,,,,,,,,,,,,,,,,,,,,0,0,0,,0,0,0,0,0,0,0,,0,0,0,,,,0,,,,,,,,0,,0,0,0,0,0,0,0,0,0,0,0,0,0,0,0,0,0,0,0,0,0,0,0,0,0,0,0,0,0,0,0,0,0,0,0,0,0,0,0,0,0,0,0,0,0,0,0,0,0,0,0,0,0,0,0,0,0,0,0,0,0,0,0,0,0,0,0,0,0,0,0,0,0,0
  + Other ST Assets,OTHER_CURRENT_ASSETS_DETAILED,2.76,3.13,2.931,2.353,3.132,3.12,3.57,4.471,5.148,5.231,4.773,6.866,28.921,30.258,33.836,44.023,46.995,65.35,60.935,86.51,74.598,55.262,56.65,512.883,431.48,506.452,366.384,486.575,497.609,405,465.1,169,1274,1247,1230,1475,1376,1270,1482,1505,1619,1669,1712,1919,1998,2091,2174,2280,2298,2410,2474,2508,2494,2464,2451,2627,2641,2683,2877,2830,,,,3919,3953,4072,3853,3781,4241,4519,4400,4351,4793,4816,4286,4852,4978,4824,4846,5207,4995,5143,5171,5137,5173,5271,5897,6050,5676,5649,5974,6906,6475,6847,7622,8115,8779,9179,9925,10068,11304,11730,13258,12205,12954,12978,12754,12452,12042,12731,12489,12026,14800,13900,13913,12980,14279,15028,16759,16567,19749,20779,21841,21067,20611,21768,23587,23635,21762,21674,23363,23477,24984,25638,27135,27533,29035,37600,35100
    + Prepaid Expenses,BS_PREPAY,,,,,,,,,,,,,,,,,,,,,,,,,,,,,,,,,,,,,,,,,,,,,,,,,,,,,,,,,,,,,,,,,,,,,,,,,,,,,,,,,,,,,,,,,,,,,,,,,,,,,,,,,,,,,,,,,,,,,,,,,,,,,,,,,,,,,,,,,,,
    + Derivative & Hedging Assets,BS_DERIV_HEDGING_ASST_ST,,,,,,,,,,,,,,,,,,,,,,,,,,,,,,,,,,,,,,,,,,,,,,,,,,,,,,,,,,,,,,,,,,,,,,,,,,,,,,,,0,,,,46,,,,0,,,,0,,,,0,,,,0,2,,,0,,,,0,,,,0,,,,0,,,,0,,,,0,,,,0,,,,0,,,,0,,,
    + Taxes Receivable,BS_TAXES_RECEIVABLE_SHORT_TERM,,,,,,,,,,,,,,,,,,,,,,,,,,,,,,,,,,,,,,,,,,,,,,,,,,,,,,,,,,,,,,,,,,,,,,,,,,,,,,,,,,,,,,,,,,,,,,,,,,,,,,,,,,,,,,,,,,,,,,,,,,,,,,,,,,,,,,,,,,,
    + Misc ST Assets,BS_OTHER_CUR_ASSET_LESS_PREPAY,,,,,,,,,,,,,,,,,,,,,,,,,,,,,,,,,,,,,,,,,,,,,,,,,,,,,,,,,,,,,,,,,,,,,,,,,,,,,4575,4503,4431,4759,4660,4752,4666,4688,4938,5118,5405,5578,5244,5188,5560,6443,6139,6481,7256,7685,8460,8683,9405,9512,10897,11216,12588,12205,12954,12978,12754,12452,12042,12731,12489,12026,14800,13900,13913,12980,14279,15028,16759,16567,19749,20779,21841,21067,20611,21768,23587,23635,21762,21674,23363,23477,24984,25638,27135,27533,29035,37600,35100
Total Current Assets,BS_CUR_ASSET_REPORT,186.476,188.402,202.82,141.602,201.034,199.483,231.059,301.048,297.594,184.272,222.468,389.855,280.029,223.032,281.942,613.968,412.004,2585.196,2062.6011,1908.215,1221.751,1304.115,1893.7011,2867.1211,2942.4509,2860.47,2803.073,2739.6641,2529.481,1988.3,2123.5,2193,3235,3255,3523,4280,3922,3648,3623,4568,4162,4160,3995,4405,4392,4478,4759,4946,4805,5213,4928,5174,5369,5784,5771,6120,6444,7028,8196,8241,,,,10547,13623,15478,14996,16044,18407,19953,16839,15544,13767,13255,12959,14990,16123,15684,17304,18200,18379,18982,18256,18393,19818,20429,24508,20350,22690,22727,20331,21052,22717,20618,21194,20380,22364,22851,22963,23556,26774,27566,29935,31639,33745,33298,35768,33879,40989,41239,40921,37084,48353,46634,38754,38692,42815,42038,43541,42634,58807,58918,54821,53718,59508,58916,61610,61758,69029,68356,82937,69069,93895,89869,91905,78437,88942,92038,92258
"  + Property, Plant & Equip, Net",BS_NET_FIX_ASSET,23.384,22.616,21.322,22.865,25.079,25.071,26.837,32.494,37.23,39.642,41.169,50.846,58.26,63.313,77.801,126.742,99.203,140.754,143.441,162.597,180.712,187.591,198.035,267.652,258.36,297.227,310.269,312.984,322.129,333.2,352.2,364,331,333,332,294,294,280,295,278,281,267,269,303,332,365,387,847,952,963,955,955,1035,1036,1054,1032,1182,1162,1196,1139,,,,1647,1681,1666,1721,1894,1884,1953,1999,2121,2203,2257,2246,2181,2106,2080,2054,2140,2070,2069,2033,2200,2189,2302,2388,2515,2560,2589,2619,3939,3945,3785,3829,4010,4065,4267,4309,4418,4245,4473,4532,4861,4976,5189,5524,5901,6329,6324,6562,7013,8144,7906,8042,8458,8230,8681,8501,8704,8173,8126,8151,8626,8496,8735,8730,8969,9183,9421,9469,10128,10637,10926,11070,11450,10429,9801,0
"    + Property, Plant & Equip",BS_GROSS_FIX_ASSET,,,,43.714,,,,62.088,,,,107.899,,,,,,,,273.431,,,,417.166,,,,588.339,,,,714,,727,751,757,,,,760,,,,816,,,,1517,,,,1411,,,,1570,,,,1799,,,,2613,,,,3109,,,,3699,,,,4544,,,,4878,,,,4979,,,,4955,,,,6503,,,,6685,,,,7372,,,,8034,,,,9650,,,,10707,,,,12599,,,,13699,,,,13856,,,,14961,,,,17058,,,,18489,,,
    - Accumulated Depreciation,BS_ACCUM_DEPR,,,,20.849,,,,29.594,,,,57.053,,,,,,,,110.834,,,,149.514,,,,275.355,,,,350,,394,419,463,,,,482,,,,513,,,,670,,,,456,,,,538,,,,660,,,,966,,,,1215,,,,1578,,,,2363,,,,2738,,,,2779,,,,2440,,,,2564,,,,2675,,,,2954,,,,3173,,,,3749,,,,3694,,,,4141,,,,4995,,,,5230,,,,5992,,,,6930,,,,7039,,,
  + LT Investments & Receivables,BS_LT_INVEST,0,0,0,82.543,134.932,158.155,178.447,160.046,328.479,456.129,485.572,480.663,535.724,617.424,724.883,713.879,789.71,1018.719,1000.721,1115.054,1488.75,1456.333,1001.584,1274.47,1346.822,1396.569,1530.6689,1804.973,2081.4031,2654.3,2620.1,2785,3182,3280,2859,2610,2765,3205,3050,2568,2821,2993,3308,3434,3625,3737,3878,3888,3768,3826,4420,4498,4555,4470,4514,6729,7249,6684,8091,7748,,,,8971,9220,8937,9152,9642,10023,10557,10946,12667,13345,13700,13589,13366,13250,13163,13231,13311,13835,14019,14749,14707,14932,14935,15398,16166,16492,16698,17227,17711,17998,17976,18783,19605,19377,19274,19346,18827,19416,18996,18535,18792,20895,22211,23324,23868,25760,26397,27703,28341,29441,31237,31929,32510,33553,35696,36840,37209,36578,36778,39184,41242,42406,44061,44777,43114,42353,42427,41557,43728,46884,45988,45474,47609,45928,46113,48689
    + LT Investments,BS_LONG_TERM_INVESTMENTS,,,,,,,,,,,,,,,,,,,,,,,,,,,,,,,,,,,,,,,,,,,,,,,,,,,,,,,,,,,,,,,,,,,,,,,,,,,,,13250,13163,13231,13311,13835,14019,14749,14707,14932,14935,15398,16166,16492,16698,17227,17711,17998,17976,18783,19605,19377,19274,19346,18827,19416,18996,18535,18792,20895,22211,23324,23868,25760,26397,27703,28341,29441,31237,31929,32510,33553,35696,36840,37209,36578,36778,39184,41242,42406,44061,44777,43114,42353,42427,41557,43728,46884,45988,45474,47609,45928,46113,48689
    + LT Receivables,BS_LT_RECEIVABLES,,,,,,,,,,,,,,,,,,,,,,,,,,,,,,,,,,,,,,,,,,,,,,,,,,,,,,,,,,,,,,,,,,,,,,,,,,,,,,,,,,,,,,,,,,,,,,,,,,,,,,,,,,,,,,,,,,,,,,,,,,,,,,,,,,,,,,,,,,,
  + Other LT Assets,BS_OTHER_ASSETS_DEF_CHRG_OTHER,58.29,61.502,60.038,46.265,46.035,49.595,78.778,80.368,140.983,141.045,144.554,181.404,252.237,251.801,260.198,332.765,266.961,321.723,322.294,303.613,809.618,807.947,803.551,1751.743,1856.7581,1940.9561,2057.2681,2139.009,2129.595,2150.1001,2145.5,2281,2356,2020,2200,2517,2509,2621,2817,2859,2888,2893,2891,2911,3004,3052,3078,2805,2759,2836,3404,3537,3486,3548,3563,3753,5977,6009,10414,10751,,,,20123,20550,20556,20555,20740,20695,20691,20657,20567,24228,24956,24913,25278,24606,24963,24860,25394,25257,25354,27985,27763,28396,28449,28616,28858,30948,31451,31523,38183,38466,37822,38057,37887,38816,39074,38808,39581,39284,40388,55270,55962,58239,58905,59026,59162,64079,64137,65246,66620,69631,68834,72362,72561,76599,80785,84827,85342,85509,88661,88813,93703,94761,98580,97928,98365,100673,109968,109101,122780,132263,133381,133614,136224,138911,138104,158362
    + Total Intangible Assets,BS_DISCLOSED_INTANGIBLES,,,,,,,,,,,,,,,,,,,,,,,,,,,,,,,2145.5,2281,2.356,2.02,2.2,2517,2509,2621,2817,2859,2888,2893,2891,2911,3004,3052,3078,2750,2759,2836,3404,3485,3486,3548,3563,3736,5977,6009,10414,10675,,,,18258,18618,18624,18633,18726,18734,18726,18686,18591,21763,22545,22467,22417,22378,22755,22692,23108,23127,23242,25863,25655,26286,26301,26578,26770,28857,29332,29388,35968,36119,35506,35770,35448,36017,36253,35936,36609,36223,37470,52085,52844,55155,55759,55902,56125,60994,60836,61859,63045,65883,64951,68201,68235,68624,71999,75726,76008,75501,78424,78461,82193,83004,86633,85871,85839,87466,95444,94689,107753,116571,117312,116903,118926,121207,120165,0
    + Goodwill,BS_GOODWILL,,,,,,,,,,,,,,,,,,,,,,,,,,,,,,,,,,,,,,,,,,,,,,,,2723,2221,2284,2793,3363,3367,3403,3424,3509,5446,5479,9165,9470,,,,16238,16580,16619,16667,16822,16889,16912,16909,16854,19307,20063,20051,20088,20078,20358,20362,20727,20830,20985,22855,22745,23393,23423,23723,23975,25754,26191,26339,31286,31810,31427,31751,31604,32150,32462,32357,32940,32782,34154,43680,44453,46294,46881,47183,47584,52376,52498,53402,54556,56850,56271,58703,58910,59379,62000,65205,65659,65302,67872,68088,71337,72162,75827,75435,75795,77548,84159,83904,93352,100406,101669,101703,103732,105664,105436,
    + Other Intangible Assets,OTHER_INTANGIBLE_ASSETS_DETAILED,,,,,,,,,,,,,,,,,,,,,,,,,,,,,,,,,,,,,,,,,,,,,,,,27,538,552,611,122,119,145,139,227,531,530,1249,1205,,,,2020,2038,2005,1966,1904,1845,1814,1777,1737,2456,2482,2416,2329,2300,2397,2330,2381,2297,2257,3008,2910,2893,2878,2855,2795,3103,3141,3049,4682,4309,4079,4019,3844,3867,3791,3579,3669,3441,3316,8405,8391,8861,8878,8719,8541,8618,8338,8457,8489,9033,8680,9498,9325,9245,9999,10521,10349,10199,10552,10373,10856,10842,10806,10436,10044,9918,11285,10785,14401,16165,15643,15200,15194,15543,14729,0
    + Prepaid Expense,BS_PREPAID_EXPENSE_LT,,,,,,,,,,,,,,,,,,,,,,,,,,,,,,,,,,,,,,,,,,,,,,,,,,,,,,,,,,,,,,,,,,,,,,,,,,,,,,,,,,,,,,,,,,,,,,,,,,,,,,,,,,,,,,,,,,,,,,,,,,,,,,,,,,,,,,,,,,,
    + Deferred Tax Assets,BS_DEFERRED_TAX_ASSETS_LT,,,,,,,,,,,,,,,,,,,,,,,,,,,,,,,,,,,,,,,,,,,,,,,,,,,,,,,,,,,,,,,,,,,,,,,,,,,,,,,,,,,,,,,,,,,,,,,,,,,,,,,,,,,,,,,,,,,,,,,,,,,,,,,,,,,,,,,,,,,
    + Derivative & Hedging Assets,BS_DERIV_HEDGING_ASST_LT,,,,,,,,,,,,,,,,,,,,,,,,,,,,,,,,,,,,,,,,,,,,,,,,,,,,,,,,,,,,,,,,,,,,,,,,,,,,,8,0,,0,,35,89,0,35,63,,0,,12,17,14,21,,,0,,,21,62,228,,,93,,299,242,55,45,60,50,,,,,0,,,,0,,,,0,,,,0,,,,0,,,,0,,,
    + Investments in Affiliates,BS_INVEST_IN_ASSOC_CO,,,,,,,,,,,,,,,,,,,,,,,,,,,,,,,,,,,,,,,,,,,,,,,,,,,,,,,,,,,,,,,,,,,,,,,,,,,,,,,,,,,,,,,,,,,,,,,,,,,,,,,,,,,,,,,,,,,,,,,,,,,,,,,,,,,,,,,,,,,
    + Misc LT Assets,OTHER_NONCURRENT_ASSETS_DETAILED,58.29,61.502,60.038,46.265,46.035,49.595,78.778,80.368,140.983,141.045,144.554,181.404,252.237,251.801,260.198,332.765,266.961,321.723,322.294,303.613,809.618,807.947,803.551,1751.743,1856.7581,1940.9561,2057.2681,2139.009,2129.595,2150.1001,0,0,2353.644,2017.98,2197.8,0,0,0,0,0,0,0,0,0,0,0,0,55,0,0,0,52,0,0,0,17,0,0,0,76,,,,1865,1932,1932,1922,2014,1961,1965,1971,1976,2465,2411,2446,2861,2220,2208,2168,2286,2130,2077,2033,2108,2075,2085,2038,2088,2091,2107,2118,2201,2326,2316,2287,2439,2799,2821,2851,2910,2833,2918,3185,3025,3084,2847,2882,2982,3040,3241,3337,3575,3748,3883,4161,4326,7975,8786,9101,9334,10008,10237,10352,11510,11757,11947,12057,12526,13207,14524,14412,15027,15692,16069,16711,17298,17704,17939,158362
Total Noncurrent Assets,BS_TOT_NON_CUR_ASSET,81.674,84.118,81.36,151.673,206.046,232.821,284.062,272.908,506.692,636.816,671.295,712.913,846.221,932.538,1062.882,1173.386,1155.874,1481.196,1466.456,1581.264,2479.08,2451.871,2003.17,3293.865,3461.9401,3634.752,3898.206,4256.9661,4533.127,5137.6002,5117.8,5430,5869,5633,5391,5421,5568,6106,6162,5705,5990,6153,6468,6648,6961,7154,7343,7540,7479,7625,8779,8990,9076,9054,9131,11514,14408,13855,19701,19638,,,,30741,31451,31159,31428,32276,32602,33201,33602,35355,39776,40913,40748,40825,39962,40206,40145,40845,41162,41442,44767,44670,45517,45686,46402,47539,50000,50738,51369,59833,60409,59583,60669,61502,62258,62615,62463,62826,62945,63857,78337,79615,84110,86305,87874,88931,96168,96858,99511,101974,107216,107977,112333,113529,118382,125162,130168,131255,130260,133565,136148,143571,145663,151376,151435,150448,152209,161816,160127,176636,189784,190295,190158,195283,195268,194018,207051
Total Assets,BS_TOT_ASSET,268.15,272.52,284.18,293.275,407.08,432.304,515.121,573.956,804.286,821.088,893.763,1102.7679,1126.25,1155.5699,1344.824,1787.354,1567.8781,4066.3921,3529.0569,3489.479,3700.8311,3755.9861,3896.8711,6160.9858,6404.3911,6495.2222,6701.2788,6996.6299,7062.6079,7125.8999,7241.3,7623,9104,8888,8914,9701,9490,9754,9785,10273,10152,10313,10463,11053,11353,11632,12102,12486,12284,12838,13707,14164,14445,14838,14902,17634,20852,20883,27897,27879,,,,41288,45074,46637,46424,48320,51009,53154,50441,50899,53543,54168,53707,55815,56085,55890,57449,59045,59541,60424,63023,63063,65335,66115,70910,67889,72690,73465,71700,80885,83126,80201,81863,81882,84622,85466,85426,86382,89719,91423,108272,111254,117855,119603,123642,122810,137157,138097,140432,139058,155569,154611,151087,152221,161197,167200,173709,173889,189067,192483,190969,197289,205171,210292,213045,212206,221238,230172,243064,245705,283679,280164,282063,273720,284210,286056,299309
,,#N/A Mandatory parameter [FIELDS] cannot be empty,,,,,,,,,,,,,,,,,,,,,,,,,,,,,,,,,,,,,,,,,,,,,,,,,,,,,,,,,,,,,,,,,,,,,,,,,,,,,,,,,,,,,,,,,,,,,,,,,,,,,,,,,,,,,,,,,,,,,,,,,,,,,,,,,,,,,,,,,,
Cash from Operating Activities,,#N/A Mandatory parameter [FIELDS] cannot be empty,,,,,,,,,,,,,,,,,,,,,,,,,,,,,,,,,,,,,,,,,,,,,,,,,,,,,,,,,,,,,,,,,,,,,,,,,,,,,,,,,,,,,,,,,,,,,,,,,,,,,,,,,,,,,,,,,,,,,,,,,,,,,,,,,,,,,,,,,,
  + Net Income,CF_NET_INC,6.728,7.778,9.152,10.271,15.555,18.269,19.731,21.294,24.98,27.6,32.088,45.923,42.997,54.669,54.825,59.587,70.398,1435.8669,80.842,84.243,89.432,89.879,93.67,12.983,118.946,50.32,91.228,95.143,108.879,115.7,116.1,119,132,-565,135,132,132,135,144,157,174,170,182,210,212,223,231,247,295,325,353,379,403,439,476,507,554,596,698,739,743,769,800,778,891,981,2984,1200,927,2155,1283,1216,994,337,920,726,984,859,1035,944,1191,1123,1277,1043,1346,1267,1271,1258,1388,1337,1557,1244,1192,1436,1570,1427,1099,1408,1602,1510,1413,1585,1597,1218,1611,1754,1968,1684,2172,2284,2485,3617,2836,2922,3188,3040,3467,3293,3538,3541,3382,6637,3172,2212,4862,4266,4086,4071,5027,5070,5262,4761,5611,5474,5841,5455,-1409,4216,6055
Cash from Operating Activities,CF_CASH_FROM_OPER,9.694,6.783,9.517,31.468,5.93,30.012,32.915,58.033,2.276,21.981,78.165,127.217,53.746,29.507,69.044,126.487,103.289,-36.203,148.413,116.839,105.935,40.831,120.719,166.79,162.001,-107.704,327.548,180.414,20.036,112.464,32.4,518.1,62,155,216,638,122,266,307,494,366,380,221,554,475,501,507,361,370,660,633,760,725,765,643,870,910,1017,958,1250,1135,1245,1139,561,2890,1722,4926,1600,2588,4291,516,1070,280,600,1757,1601,1112,492,2741,1280,1205,723,2904,1441,1224,1195,4964,-415,3586,2185,-298,1682,1053,1474,3396,1068,1408,1014,3200,2429,2269,1163,2797,3511,2318,1683,7203,-1409,6456,2171,7546,-2577,8369,4007,941,2396,3234,5874,3150,6205,2943,10003,3127,6101,6005,5540,7580,3218,5319,6871,18549,-4533,16327,11032,6902,-5193,1144,6746,13945
,,#N/A Mandatory parameter [FIELDS] cannot be empty,,,,,,,,,,,,,,,,,,,,,,,,,,,,,,,,,,,,,,,,,,,,,,,,,,,,,,,,,,,,,,,,,,,,,,,,,,,,,,,,,,,,,,,,,,,,,,,,,,,,,,,,,,,,,,,,,,,,,,,,,,,,,,,,,,,,,,,,,,
Cash from Investing Activities,,#N/A Requesting Data...,,,,,,,,,,,,,,,,,,,,,,,,,,,,,,,,,,,,,,,,,,,,,,,,,,,,,,,,,,,,,,,,,,,,,,,,,,,,,,,,,,,,,,,,,,,,,,,,,,,,,,,,,,,,,,,,,,,,,,,,,,,,,,,,,,,,,,,,,,
  + Change in Fixed & Intang,FIXED_INTANG_ASST_CHANGE,,,,,,,,,,,,,,,,,,,,,,,,,-22.015,-52.697,-36.14,-54.371,-32.82,-56.98,-42.4,-54.8,-12,-49,-22,-68,-47,-50,-54,6,-49,-39,-58,-87,-92,-125,-123,-85,-128,-88,-79,-124,-92,-89,-100,-71,-83,-76,-81,-110,-113,-109,-145,-142,-171,-158,-466,-210,-224,-463,-223,-185,-212,-203,-183,-8,-160,-151,-172,-256,-132,-211,-205,-330,-213,-303,-290,-212,-269,-196,-321,-284,-323,-156,-361,-321,-353,-363,-405,-404,-373,-343,-356,-484,-425,-388,-407,-485,-507,-418,-466,-632,-477,-483,-545,-558,-562,-415,-444,-650,-469,-451,-557,-574,-568,-562,-629,-695,-555,-657,-724,-866,-760,-829,-838,-959,-743,-853,-991
    + Disp in Fixed & Intang,DISPOSAL_OF_FIXED_INTANG,,,,,,,,,,,,,,,,,,,,,,,,,,,,,0,0,0,0,29,0,0,30,,0,0,51,,0,0,12,0,0,0,0,,0,0,0,,0,0,0,,,,0,0,0,0,0,0,9,44,8,0,0,0,0,0,0,0,185,0,0,0,0,0,0,0,0,0,0,0,0,0,0,0,0,0,146,0,0,0,0,0,0,0,0,0,0,0,0,0,0,0,0,0,0,0,0,0,0,0,0,0,0,0,0,0,0,0,0,0,0,0,0,0,0,0,0,0,0,0,0,0
    + Acq of Fixed & Intang,ACQUIS_OF_FIXED_INTANG,,,,,,,,,,,,,,,,,,,,,,,,,-22.015,-52.697,-36.14,-54.371,-32.82,-56.98,-42.4,-54.8,-41,-49,-22,-98,-47,-50,-54,-45,-49,-39,-58,-99,-92,-125,-123,-85,-128,-88,-79,-124,-92,-89,-100,-71,-83,-76,-81,-110,-113,-109,-145,-142,-171,-167,-510,-218,-224,-463,-223,-185,-212,-203,-183,-193,-160,-151,-172,-256,-132,-211,-205,-330,-213,-303,-290,-212,-269,-196,-321,-284,-323,-302,-361,-321,-353,-363,-405,-404,-373,-343,-356,-484,-425,-388,-407,-485,-507,-418,-466,-632,-477,-483,-545,-558,-562,-415,-444,-650,-469,-451,-557,-574,-568,-562,-629,-695,-555,-657,-724,-866,-760,-829,-838,-959,-743,-853,-991
  + Net Change in LT Investment,NET_CHG_IN_LT_INVEST_DETAILED,,,,,,,,,,,,,,,,,,,,,,,,,,,,,8.276,2.624,-1.1,-826.8003,-46,-63,416,329,,0,0,84,,0,0,-46,0,0,0,-227,,0,0,-171,,0,0,-143,,,,587,0,0,0,0,0,0,0,0,,0,0,0,,0,0,0,0,217,550,0,0,0,0,0,0,0,0,-671,0,0,0,-175,0,-5942,-848,-463,0,2914,253,-253,0,0,0,0,0,0,0,0,0,0,0,0,0,0,0,0,0,0,0,0,0,0,0,0,0,0,0,0,0,0,0,0,0,0,0,0,0,0,0
    + Dec in LT Investment,CF_DECR_INVEST,,,,,,,,,,,,,,,,,,,,,,,,,,,,,13.692,25.408,11.6,5838.2998,1201,666,793,775,,0,0,680,,0,0,584,0,0,0,436,,0,0,509,,0,0,513,,,,1701,0,0,0,0,0,0,0,0,,0,0,0,,0,0,0,0,1825,1701,0,0,0,0,0,0,0,0,2240,0,0,0,2296,0,0,2008,2915,0,2914,5162,0,0,0,0,0,0,0,0,0,0,0,0,0,0,0,0,0,0,0,0,0,0,0,0,0,0,0,0,0,0,0,0,0,0,0,0,0,0,0,0
    + Inc in LT Investment,CF_INCR_INVEST,,,,,,,,,,,,,,,,,,,,,,,,,,,,,-5.416,-22.784,-12.7,-6665.1001,-1247,-729,-377,-446,,0,0,-596,,0,0,-630,0,0,0,-663,,0,0,-680,,0,0,-656,,,,-1114,0,0,0,0,0,0,0,0,,0,0,0,,0,0,0,0,-1608,-1151,0,0,0,0,0,0,0,0,-2911,0,0,0,-2471,0,-5942,-2856,-3378,0,0,-4909,-253,0,0,0,0,0,0,0,0,0,0,0,0,0,0,0,0,0,0,0,0,0,0,0,0,0,0,0,0,0,0,0,0,0,0,0,0,0,0,0
  + Net Cash From Acq & Div,CF_NT_CSH_RCVD_PD_FOR_ACQUIS_DIV,,,,,,,,,,,,,,,,,,,,,,,,,,,,,,,,,,,,,,,,,,,,,,,,,,,,,,,,,,,,,,,,,,,,,,,,,,,,,0,-400,-2,-84,-78,-87,-1907,-232,-541,92,-644,-366,-1935,-469,-146,-3730,-279,-5,-46,13,-345,-178,-328,-19,-575,-1203,-14405,19,-1697,-338,-692,967,-468,-236,-204,-1223,-2583,-53,-3188,-173,-689,-4062,-3449,-143,-929,-3023,-374,-2813,-1193,-3449,-85,-94,-1231,-5919,-4,-10890,-7826,-335,-228,-1062,-3006,-25,-8643
    + Cash from Divestitures,CF_CASH_FOR_DIVESTITURES,,,,,,,,,,,,,,,,,,,,,,,,,,,,,,,,,,,,,,,,,,,,,,,,,,,,,,,,,,,,,,,,,,,,,,,,,,,,,0,0,0,0,0,0,0,19,0,378,7,0,0,0,0,0,0,0,0,0,0,0,0,0,0,0,0,0,0,0,0,0,0,0,0,0,0,0,0,0,0,0,0,0,0,0,0,0,0,0,0,0,0,0,0,3414,0,0,0,685,0,0,0
    + Cash for Acq of Subs,CF_CASH_FOR_ACQUIS_SUBSIDIARIES,,,,,,,,,,,,,,,,,,,,,,,,,,,,,,,,,,,,,,,,,,,,,,,,,,,,,,,,,,,,,,,,,,,,,,,,,,,,,0,-400,-2,-84,-78,-87,-1907,-251,-541,-286,-651,-366,-1935,-469,-146,-3730,-279,-5,-46,-32,-345,-178,-328,-19,-575,-1203,-14405,19,-1697,-338,-692,967,-468,-236,-204,-1223,-2583,-53,-3188,-173,-689,-4062,-3449,-143,-929,-3023,-374,-2813,-1193,-3449,-85,-94,-1231,-5919,-4,-14304,-7826,-335,-228,-1747,-3006,-25,-8643
    + Cash for JVs,CF_CASH_FOR_JOINT_VENTURES_ASSOC,,,,,,,,,,,,,,,,,,,,,,,,,,,,,,,,,,,,,,,,,,,,,,,,,,,,,,,,,,,,,,,,,,,,,,,,,,,,,0,0,0,0,0,0,0,0,0,0,0,0,0,0,0,0,0,0,0,45,0,0,0,0,0,0,0,0,0,0,0,0,0,0,0,0,0,0,0,0,0,0,0,0,0,0,0,0,0,0,0,0,0,0,0,0,0,0,0,0,0,0,0
  + Other Investing Activities,OTHER_INVESTING_ACT_DETAILED,,,,,,,,,,,,,,,,,,,,,,,,,0,0,0,0,-138.445,-373.055,-161.2,672.7003,-84,-31,-39,-310,57,-162,-399,-58,-237,-141,-299,-12,-154,-180,-117,-35,125,-8,-764,-154,421,127,-295,-503,-310,20,-1278,-313,-286,-300,-49,-2345,-905,111,-1017,-408,-588,-1412,-209,-1655,-3558,-1097,-97,286,4,0,0,-522,-373,63,-704,-1143,-583,-10,-431,0,-194,-340,-590,0,-302,5989,0,-45,95,-2648,-500,0,-577,221,191,-510,-2059,-1506,-1229,-1096,-1314,-713,-1569,-849,-1457,-1645,-814,-409,-165,-985,-540,-595,-135,522,-1938,-1791,-1946,-1491,-1165,1505,-1887,-2011,-119,-3613,-2434,436,-1573,834,-2591,-6539,3983
  + Net Cash From Disc Ops,CF_NET_CASH_DISCONTINUED_OPS_INV,,,,,,,,,,,,,,,,,,,,,,,,,,,,,,,,,,,,,,,,,,,,,,,,,,,,,,,,,,,,,,,,,,,,,,,,,,,,,0,0,0,0,0,0,0,0,0,0,0,0,0,0,0,0,0,0,0,0,0,0,0,0,0,0,0,0,0,0,0,0,0,0,0,0,0,0,0,0,0,0,0,0,0,0,0,0,0,0,0,0,0,0,0,0,0,0,0,0,0,0,0
Cash from Investing Activities,CF_CASH_FROM_INV_ACT,,,,,,,,,,,,,,,,,,,,,,,,,-22.015,-52.697,-36.14,-54.371,-162.989,-427.411,-204.7,-208.9,-142,-143,355,-49,10,-212,-453,32,-286,-180,-357,-145,-246,-305,-240,-347,-3,-96,-843,-449,329,38,-395,-717,-393,-56,-1359,164,-399,-409,-194,-2487,-1076,-47,-1483,-618,-812,-1875,-432,-1840,-3770,-1300,-280,278,-156,-334,376,-862,-583,-235,-2816,-1705,-1337,-221,-1365,-1249,-2398,-1005,-1057,-4189,-904,-114,-1255,-816,-603,-275,-980,-676,-1525,-1325,-14570,-975,-4181,-2232,-2328,-614,-2289,-1367,-2239,-2704,-4517,-2181,-4547,-1140,-1416,-5462,-4433,-1388,-1533,-2952,-2869,-5178,-3707,-5502,-1879,716,-3673,-8587,-847,-15369,-11020,-728,-2639,-1187,-6340,-7417,-5651
,,#N/A Mandatory parameter [FIELDS] cannot be empty,,,,,,,,,,,,,,,,,,,,,,,,,,,,,,,,,,,,,,,,,,,,,,,,,,,,,,,,,,,,,,,,,,,,,,,,,,,,,,,,,,,,,,,,,,,,,,,,,,,,,,,,,,,,,,,,,,,,,,,,,,,,,,,,,,,,,,,,,,
Cash from Financing Activities,,#N/A Mandatory parameter [FIELDS] cannot be empty,,,,,,,,,,,,,,,,,,,,,,,,,,,,,,,,,,,,,,,,,,,,,,,,,,,,,,,,,,,,,,,,,,,,,,,,,,,,,,,,,,,,,,,,,,,,,,,,,,,,,,,,,,,,,,,,,,,,,,,,,,,,,,,,,,,,,,,,,,
  + Dividends Paid,CF_DVD_PAID,,,,,,,,,,,,,,,,,,,,,,,,,,,,,-7.188,-12.812,-7.2,-7.8,-7,-13,-7,-7,,-5,0,-1,,-5,0,0,0,-9,0,0,,-9,0,0,,-9,0,0,,,,-18,0,-19,0,0,0,-41,-41,0,0,-40,0,0,0,-37,0,0,0,-36,0,0,0,-174,-139,-136,-135,-174,-172,-170,-168,-218,-217,-217,-216,-281,-280,-279,-276,-366,-362,-358,-357,-476,-477,-476,-477,-594,-595,-595,-596,-724,-726,-727,-722,-866,-866,-866,-860,-1024,-1024,-1024,-1024,-1188,-1188,-1184,-1181,-1367,-1367,-1365,-1363,-1545,-1542,-1541,-1537,-1747,-1739,-1738,-1729,-1935,-1937
  + Cash From (Repayment) Debt,PROC_FR_REPAYMNTS_BOR_DETAILED,,,,,,,,,,,,,,,,,,,,,,,,,,,,,0,0,0,0,0,0,0,708,-59,-1,0,342,-95,95,74,144,0,0,0,144,-74,20,144,87,41,-52,0,229,421,0,1500,123,227,0,231,2198,716,-133,545,32,-399,975,-291,2885,1858,204,-441,-486,-939,0,-510,0,-608,155,251,296,551,-605,666,-266,1239,-244,394,3178,1288,-1301,159,6,-163,-110,816,-152,778,-108,13561,376,1599,-591,69,-87,-189,-1982,-2706,2262,3159,-476,-1483,2934,1851,3823,2518,-4198,10797,-5582,-2274,-355,2907,1951,-1125,-1252,2048,4114,-2356,8730,12375,-4680,-1847,-1568,11364,1426,2330
  + Cash (Repurchase) of Equity,PROC_FR_REPURCH_EQTY_DETAILED,,,,,,,,,,,,,,,,,,,,,,,,,,,,,17.39,29.21,13.5,8.9,5,-4,-202,-671,-348,-187,-111,-235,-314,-127,-274,-237,-230,-408,-170,-143,-386,-326,-564,-334,-423,-291,-434,-191,-502,-569,-587,-1205,-897,-900,-76,-15,-1466,-443,-1766,59,-682,-1820,-1832,-1932,-1381,-563,-370,-9,-488,-806,7,-194,-531,-605,-564,-542,-524,-506,-753,-830,-734,-665,-687,80,-427,-593,-790,-762,-695,-975,-954,-922,-704,-7,-53,-34,-302,-424,-4,-121,-412,-242,85,-243,-2355,-317,-233,-757,-2679,-1374,-308,-102,-1134,313,-514,-1475,-1214,-922,-737,-772,-1949,-2295,-672,-831,-1656,-2716,-1089,-1186,-2586,258,-956
    + Increase in Capital Stock,CF_INCR_CAP_STOCK,,,,,,,,,,,,,,,,,,,,,,,,,,,,,17.39,29.21,13.5,18.9,35,38,10,1,21,47,23,11,33,93,53,49,44,31,52,51,64,50,55,36,73,72,69,54,125,57,258,143,203,138,166,162,288,148,579,59,221,560,212,243,91,17,83,170,201,9,71,39,95,10,87,83,96,129,86,70,257,153,98,570,116,198,224,60,216,51,133,62,192,50,124,36,198,56,133,42,270,121,213,84,295,183,267,93,323,125,292,297,557,313,336,234,436,328,313,278,551,205,328,169,344,284,411,314,486,258,0
    + Decrease in Capital Stock,CF_DECR_CAP_STOCK,,,,,,,,,,,,,,,,,,,,,,,,,,,,,0,0,0,-10,-30,-42,-212,-672,-369,-234,-134,-246,-347,-220,-327,-286,-274,-439,-222,-194,-450,-376,-619,-370,-496,-363,-503,-245,-627,-626,-845,-1348,-1100,-1038,-242,-177,-1754,-591,-2345,0,-903,-2380,-2044,-2175,-1472,-580,-453,-179,-689,-815,-64,-233,-626,-615,-651,-625,-620,-635,-839,-900,-991,-818,-785,-490,-543,-791,-1014,-822,-911,-1026,-1087,-984,-896,-57,-177,-70,-500,-480,-137,-163,-682,-363,-128,-327,-2650,-500,-500,-850,-3002,-1499,-600,-399,-1691,0,-850,-1709,-1650,-1250,-1050,-1050,-2500,-2500,-1000,-1000,-2000,-3000,-1500,-1500,-3072,0,-956
  + Other Financing Activities,OTHER_FIN_AND_DEC_CAP,,,,,,,,,,,,,,,,,,,,,,,,,,,,,0,4.9,0,-4.9,0,0,0,0,,0,0,0,,0,0,0,-99,242,88,0,,0,0,0,,0,0,4,16,-6,23,42,16,52,35,-13,1359,570,1650,-5,1044,1181,-643,-1668,423,94,142,-39,932,44,-326,41,637,199,-42,192,888,296,564,-1320,707,-136,-797,-1044,858,-1495,-605,-228,561,-398,-888,-51,779,-26,-1080,543,682,-252,229,452,2722,611,-298,-276,2340,24,-1898,-1983,1416,-510,-1242,-888,664,178,-1042,1418,275,120,-1168,-238,3568,672,1154,-1966,4008,-1316,-2429,-2664,1182,-945,-1642
  + Net Cash From Disc Ops,CF_NET_CASH_DISCONTINUED_OPS_FIN,,,,,,,,,,,,,,,,,,,,,,,,,,,,,,,,,,,,,,,,,,,,,,,,,,,,,,,,,,,,,,,,,,,,,,,,,,,,,0,0,0,0,0,0,0,0,0,0,0,0,0,0,0,0,0,0,0,0,0,0,0,0,0,0,0,0,0,0,0,0,0,0,0,0,0,0,0,0,0,0,0,0,0,0,0,0,0,0,0,0,0,0,0,0,0,0,0,0,0,0,0
Cash from Financing Activities,CFF_ACTIVITIES_DETAILED,,,,,,,,,,,,,,,,,,,,,,,,,,,,,10.202,21.298,6.3,-3.8,-2,-17,-209,30,-407,-193,-111,106,-409,-37,-200,-93,-329,-175,-82,1,-460,-315,-420,-247,-382,-352,-434,42,-65,-575,936,-1058,-654,-867,190,2170,609,-47,388,86,-37,296,-2766,-715,900,-302,-669,-534,-495,-798,-829,-153,-502,-425,-494,-190,780,-989,305,-2586,1044,-1263,-1307,1997,1503,-3670,-1516,-1263,-573,-1849,-1388,-1483,496,-617,11951,409,1502,-1861,-301,-351,1525,-2337,-3645,1016,2422,-1635,-4480,-672,-272,915,-56,-6212,9303,-6279,-5018,-1596,787,-218,-4397,-3627,2304,946,-3416,4392,13190,-10459,-7104,-7156,8231,-1196,-2205
,,#N/A Mandatory parameter [FIELDS] cannot be empty,,,,,,,,,,,,,,,,,,,,,,,,,,,,,,,,,,,,,,,,,,,,,,,,,,,,,,,,,,,,,,,,,,,,,,,,,,,,,,,,,,,,,,,,,,,,,,,,,,,,,,,,,,,,,,,,,,,,,,,,,,,,,,,,,,,,,,,,,,
  Effect of Foreign Exchange Rates,CF_EFFECT_FOREIGN_EXCHANGES,,,,,,,,,,,,,,,,,,,,,,,,,,,,,,,,,,,,,,,,,,,,,,,,,,,,,,,,,,,,,,,,,,,,,,,,,,,,,0,0,0,0,0,0,0,0,0,0,0,0,0,0,0,0,-20,-74,7,1,6,8,-11,-8,-85,16,-82,-5,34,31,5,8,20,-27,25,-23,-12,-66,-19,19,-5,11,-43,17,-129,-14,-17,44,-51,57,-51,-17,157,-100,-53,30,51,55,-57,48,-48,4,14
,,#N/A Mandatory parameter [FIELDS] cannot be empty,,,,,,,,,,,,,,,,,,,,,,,,,,,,,,,,,,,,,,,,,,,,,,,,,,,,,,,,,,,,,,,,,,,,,,,,,,,,,,,,,,,,,,,,,,,,,,,,,,,,,,,,,,,,,,,,,,,,,,,,,,,,,,,,,,,,,,,,,,
Net Changes in Cash,CF_NET_CHNG_CASH,9.694,6.783,9.517,31.468,5.93,30.012,32.915,58.033,2.276,21.981,78.165,127.217,53.746,29.507,69.044,126.487,103.289,-36.203,148.413,116.839,105.935,40.831,120.719,166.79,139.986,-160.401,291.408,126.043,-132.751,-293.649,-166,305.4,-82,-5,362,619,-275,-139,-257,632,-329,163,-336,316,-100,21,185,15,-93,249,-630,64,672,451,-186,195,452,386,535,356,82,-31,1135,244,2423,1628,3831,1068,1739,2712,-2682,-1485,-2590,-1002,808,1345,461,-640,2288,265,120,63,-406,-454,667,-15,3904,-4250,2232,-83,-2662,-510,1632,-2384,632,-1010,238,-1102,821,262,1155,-763,96,2940,-327,-2379,4579,-2366,5712,-1560,1687,-4288,6262,125,-8105,603,1541,1338,-1382,-1378,10584,758,-4777,-629,3034,-123,1253,290,4107,-870,14233,-15480,18548,-100,-2898,-13488,2987,-1863,6103
,,#N/A Mandatory parameter [FIELDS] cannot be empty,,,,,,,,,,,,,,,,,,,,,,,,,,,,,,,,,,,,,,,,,,,,,,,,,,,,,,,,,,,,,,,,,,,,,,,,,,,,,,,,,,,,,,,,,,,,,,,,,,,,,,,,,,,,,,,,,,,,,,,,,,,,,,,,,,,,,,,,,,
Cash Paid for Taxes,CF_CASH_PAID_FOR_TAX,,,,,,,,,,,,,,,,,,,,,,,,,,,,,,,,,,,,,,,,,,,,0,,,,,,,,,,,,,,,,,,,,,,,,,,0,,2277,,,,1882,,,,,,,,,,,,,,,,,,,,,,,,,,,,,,,,,,,,,,,,,,,,,,,,,,,,,,,,,,,,,,,
,,#N/A Mandatory parameter [FIELDS] cannot be empty,,,,,,,,,,,,,,,,,,,,,,,,,,,,,,,,,,,,,,,,,,,,,,,,,,,,,,,,,,,,,,,,,,,,,,,,,,,,,,,,,,,,,,,,,,,,,,,,,,,,,,,,,,,,,,,,,,,,,,,,,,,,,,,,,,,,,,,,,,
Reference Items,,#N/A Mandatory parameter [FIELDS] cannot be empty,,,,,,,,,,,,,,,,,,,,,,,,,,,,,,,,,,,,,,,,,,,,,,,,,,,,,,,,,,,,,,,,,,,,,,,,,,,,,,,,,,,,,,,,,,,,,,,,,,,,,,,,,,,,,,,,,,,,,,,,,,,,,,,,,,,,,,,,,,
Net Cash Paid for Acquisitions,CF_NET_CASH_PAID_FOR_AQUIS,,,,,,,,,,,,,,,,,,,,,,,,,,,,,,,,,,,,,21,83,223,,68,-4,0,,13,26,18,,8,37,103,,6,50,31,,527,111,1274,313,19,96,171,2276,555,92,718,-48,54,143,62,57,3265,632,48,67,0,400,2,84,78,87,1907,251,541,286,651,366,1935,469,146,3730,279,5,46,32,345,178,328,1072,575,1203,14405,-19,1697,338,692,-967,468,236,204,1223,2583,53,3188,173,689,4062,3449,143,929,3023,374,2813,1193,3449,85,94,1231,5919,4,14304,7826,335,228,1747,3006,25,8643
Free Cash Flow,CF_FREE_CASH_FLOW,,,,,,,,,,,,,,,,,,,,,,,,,139.986,-160.401,291.408,126.043,-12.784,55.484,-10,463.3,21,106,194,540,75,216,253,449,317,341,163,455,383,376,384,276,242,572,554,636,633,676,543,799,827,941,877,1140,1022,1136,994,419,2719,1555,4416,1382,2364,3828,293,885,68,397,1574,1408,952,341,2569,1024,1073,512,2699,1111,1011,892,4674,-627,3317,1989,-619,1398,730,1172,3035,747,1055,651,2795,2025,1896,820,2441,3027,1893,1295,6796,-1894,5949,1753,7080,-3209,7892,3524,396,1838,2672,5459,2706,5555,2474,9552,2570,5527,5437,4978,6951,2523,4764,6214,17825,-5399,15567,10203,6064,-6152,401,5893,12954
Free Cash Flow to Firm,CF_FREE_CASH_FLOW_FIRM,,,,,,,,,,,,,,,,,,,,,,,,,140.1416,-160.243,291.4586,126.043,-12.709,55.484,,463.3,21,,194,542.5143,81.9143,222.9393,259.2882,460.0747,328.5547,351,174.2577,468.125,397.2573,390.8667,398.244,290.932,257.4585,584.9225,569.4599,650.2044,647.7127,691.381,558.4587,814.4809,842.6056,959.1985,899.431,1169.9958,1053.6308,1171.0414,1033.3339,466.7496,2771.5248,1628.3694,4498.7266,1464.56,2437.3506,3912.1443,383.5047,983.6992,166.1886,505.5815,1680.648,1508.1157,1035.8673,432.7763,2661.1345,1118.9937,1151.7282,586.9927,2774.0064,1184.0843,1086.5245,968.148,4758.4714,-536.632,3411.7091,2087.6787,-518.6713,1509.6245,842.5548,1285.5892,3148.9258,857.348,1147.8405,742.0471,2883.5147,2112.2265,1981.1205,907.2212,2573.8512,3174.4275,2049.0137,1457.6739,6956.7013,-1737.1847,6147.1,1959.2245,7278.4539,-2971.2845,8150.3233,3792.2487,669.6021,2125.0085,2993.0289,5786.0758,3062.9378,5899.1211,2806.1353,9878.7824,2872.1898,5829.6804,5748.6156,5299.9325,7285.3293,2876.4875,5106.0414,6578.281,18224.9631,-4865.1612,16160.7801,10850.9452,6718.6661,-5465.2745,-1030123,6661.6999,13836.7281
Free Cash Flow to Equity,FREE_CASH_FLOW_EQUITY,,,,,,,,,,,,,,,,,,,,,,,,,,,,,-19.972,48.284,-17.2,456.3,43,99,187,771,,,253,842,,,237,611,383,376,384,420,,,698,723,,,,,,,,,,,,,,,5005,1422,1965,4803,2,3770,1926,601,1133,1107,13,341,2059,1024,465,667,2950,1407,1562,287,5340,-893,4556,1745,-225,4576,2018,17,3194,753,892,541,3611,1873,2674,712,16002,3403,3492,704,6865,-1981,5760,-229,4374,-947,11051,3048,-1087,4772,4523,9282,5224,1357,13271,3970,296,5172,8344,6929,5826,1271,6812,10328,15469,3331,27942,5523,4217,-7720,11765,7319,15284
Free Cash Flow per Basic Share,FREE_CASH_FLOW_PER_SH,,,,,,,,,,,,,,,,,,,,,,,,,0.1002,-0.1116,0.1994,0.0838,-0.0086,0.0371,-0.0066,0.3016,0.0136,0.0687,0.1263,0.361,0.0521,0.1552,0.1818,0.3341,0.2409,0.262,0.1266,0.3416,0.3014,0.3004,0.3106,0.2207,0.1968,0.469,0.4615,0.5286,0.5305,0.5729,0.461,0.6855,0.688,0.7713,0.6841,,0.7997,0.903,0.792,0.3285,2.0096,1.1613,3.2931,1.0233,1.7602,2.8869,0.2247,0.6715,0.0548,0.3265,1.3073,1.1608,0.7947,0.2915,2.2281,0.882,0.9371,0.4543,2.4206,1.0045,0.9309,0.8298,4.3887,-0.5833,3.1925,1.9348,-0.6057,1.3481,0.7185,1.1615,3.0229,0.7367,1.0732,0.665,2.8844,2.0812,1.9874,0.8613,2.5614,3.1763,1.9864,1.3617,7.1387,-1.9526,6.2358,1.8185,7.314,-3.2381,8.1698,3.667,0.4116,1.8717,2.7891,5.7463,2.8514,5.7744,2.607,10.0653,2.7053,5.7513,5.7534,5.2733,7.3712,2.6419,5.0627,6.6318,19.0642,-5.7012,16.6849,10.971,6.5486,-6.5797,0.4349,6.3985,13.929
Price to Free Cash Flow,PX_TO_FREE_CASH_FLOW,,,,,,,,,,,,,,,,,,,,,,,,,,,,20.6931,36.5265,20.8578,59.1847,19.2037,23.4148,21.1035,8.5753,9.4515,10.8193,11.2713,8.1149,9.1837,8.1733,10.522,12.8104,15.8005,14.3613,14.4273,13.2579,15.6147,18.5757,19.1193,16.1756,12.6063,11.5186,12.0015,12.0214,12.9296,13.3838,11.9444,13.0331,15.527,,,,22.01,13.8501,10.4346,7.2433,7.1762,7.3184,5.7054,8.2153,10.4992,8.9529,20.5482,10.758,9.3353,5.8314,7.0283,5.5956,7.2637,7.53,6.309,7.4797,7.497,9.3963,9.9463,6.4468,9.105,7.5296,6.5489,14.0692,9.2406,16.8474,24.9686,11.4556,13.3519,13.6778,14.8696,16.0935,15.0795,15.5277,15.6123,15.4859,13.7007,15.0139,15.5408,10.2466,18.7529,12.8297,14.0041,14.5985,18.1744,15.216,15.4179,29.5263,17.6429,28.2923,22.5543,16.3909,17.1304,14.6875,13.8486,14.7395,16.5972,15.3271,20.553,16.1802,23.8662,25.0611,23.6614,15.1207,21.1585,12.8842,11.7175,17.6888,19.0579,43.4908,74.8656,41.2247
Cash Flow to Net Income,CASH_FLOW_TO_NET_INC,1.4408,0.8721,1.0399,3.0638,0.3812,1.6428,1.6682,2.7253,0.0911,0.7964,2.436,2.7702,1.1397,0.5842,1.2594,2.1227,1.4672,-0.0253,1.8358,1.3869,1.1845,0.4543,1.2888,12.8468,1.362,-2.1404,3.5905,1.8991,0.184,0.972,0.2791,4.3538,0.4697,,1.6,4.8333,0.9242,1.9704,2.1319,3.1465,2.1034,2.2353,1.2143,2.6381,2.2406,2.2466,2.1948,1.4615,1.2542,2.0308,1.7932,2.0053,1.799,1.7426,1.3508,1.716,1.6426,1.7064,1.3725,1.6915,1.5276,1.619,1.4238,0.7211,3.2435,1.7554,4.4299,1.3333,2.7918,3.4943,0.4022,0.8799,0.2817,1.7804,1.9098,2.2052,1.1301,0.5728,2.6483,1.3559,1.0118,0.6438,2.2741,1.3816,0.9094,0.9432,3.9056,-0.3299,2.5836,1.6343,-0.1914,1.3521,0.8834,1.0265,2.1631,0.7484,1.2812,0.7202,1.9975,1.6086,1.6058,0.7338,1.7514,2.8826,1.4389,0.9595,3.6601,-0.8367,2.9724,0.9505,3.0366,-0.7125,2.951,1.3713,0.2952,0.7882,0.9328,1.7838,0.8903,1.7523,0.8702,1.5072,0.9858,2.7581,1.2351,1.2986,1.8551,0.7905,1.0581,1.3552,3.5251,-0.9521,2.9098,2.0153,1.1816,-0.952,,1.6001,2.3031
,,#N/A Mandatory parameter [FIELDS] cannot be empty,,,,,,,,,,,,,,,,,,,,,,,,,,,,,,,,,,,,,,,,,,,,,,,,,,,,,,,,,,,,,,,,,,,,,,,,,,,,,,,,,,,,,,,,,,,,,,,,,,,,,,,,,,,,,,,,,,,,,,,,,,,,,,,,,,,,,,,,,,
Revenue,SALES_REV_TURN,129.904,150.229,156.831,168.5,179.374,186.696,220.785,260.275,335.276,350.951,447.765,1066.644,717.03,771.432,799.14,827.6,903.556,939.466,956.834,969.027,1103.835,1157.9449,1215.536,2193.562,2318.11,2492.1831,2587.3579,2676,2851.111,2930.5,2958.9,3054,4115,4235,4360,4645,4809,4858,4903,4992,5099,5220,5369,5434,5680,5813,5941,6020,6013,6078,6247,6682,6975,7087,7238,7523,8144,8704,9859,10511,11164,11379,11613,12165,17581,17863,17970,18157,19047,19000,18679,18705,20304,20272,20156,20454,22004,21655,21695,21784,23193,23264,23668,24030,25432,25234,25280,25916,27282,27265,27302,28769,30340,30408,30624,31117,31708,32574,32759,33433,35756,36263,41489,43599,44527,46485,46293,47535,48723,50053,50322,52061,55188,56086,56556,58417,60308,60595,60351,60901,64421,62138,65115,65467,70196,71321,72337,73743,80149,80332,80894,82787,91931,92903,92361,94427,99796,98855,100820
    + Sales & Services Revenue,IS_SALES_AND_SERVICES_REVENUES,,,,,,,,,,,,,,,,,,,,,,,,,,,,,,,,,,,,,,,,,,,,,,,,,,,,,,,,,,,,,,,,,,,,,,,,,,,,,1735,1756,1826,1914,1892,1990,2065,2194,2247,2261,2304,2413,2479,2478,2517,2736,2863,2993,3105,3226,3402,3484,3615,3892,3936,4088,9518,11692,9533,9879,9960,10522,9563,10212,10523,11385,10806,11273,11561,13144,12390,12849,12488,12843,13416,12403,13901,14441,14258,14532,14867,15383,15712,16141,15890,17232,18347,19314,19025,20020,20797,20961,21735
  - Cost of Revenue,IS_COGS_TO_FE_AND_PP_AND_G,79.749,97.922,100.241,105.761,112.041,111.334,139.557,170.728,228.923,235.824,312.689,800.861,519.08,560.603,576.667,580.238,629.578,652.266,675.65,685.613,783.501,824.161,872.358,1450.913,1585.369,1820.949,1856.364,1917,2064.02,2118.6,2144.1,2216,3152,3435,3354,3582,3720,3746,3769,3808,3903,3992,4105,4155,4306,4394,4465,4479,4435,4418,4509,4830,5050,5109,5174,5381,5869,6326,7180,7625,8155,8304,8396,8928,13420,13553,13520,13253,14610,14125,13706,13762,15469,15610,15330,15430,16974,16929,16613,16538,17653,17755,17728,17821,19324,19132,19017,19244,20573,20633,20098,21445,23251,22842,22775,23261,24100,24452,24047,24553,26904,27251,31841,34085,34307,35978,35165,36004,37755,38438,38269,39686,42047,42898,42876,44580,46320,46782,45668,45787,48687,42179,49571,49704,52476,54206,55104,56159,61010,60689,60941,61905,69250,70016,68973,72425,76791,76798,77791
    + Cost of Goods & Services,IS_COG_AND_SERVICES_SOLD,,,,,,,,,,,,,,,,,,,,,,,,,,,,,,,,,,,,,,,,,,,,,,,,,,,,,,,,,,,,,,,,,,,,,,,,,,,,,16974,16929,16613,16538,17653,17755,17728,17821,19324,19132,19017,19244,20573,20633,20098,21445,23251,22842,22775,23261,24100,24452,24047,24553,26904,27251,31841,34085,34307,35978,35165,36004,37755,38438,38269,39686,42047,42898,42876,44580,46320,46782,45668,45787,48687,42179,49571,49704,52476,54206,55104,56159,61010,60689,60941,61905,69250,70016,68973,72425,76791,76798,77791
Gross Profit,GROSS_PROFIT,50.155,52.307,56.59,62.739,67.333,75.362,81.228,89.547,106.353,115.127,135.076,265.783,197.95,210.829,222.473,247.362,273.978,287.2,281.184,283.414,320.334,333.7839,343.178,742.649,732.741,671.2341,730.9939,759,787.091,811.9,814.8,838,963,800,1006,1063,1089,1112,1134,1184,1196,1228,1264,1279,1374,1419,1476,1541,1578,1660,1738,1852,1925,1978,2064,2142,2275,2378,2679,2886,3009,3075,3217,3237,4161,4310,4450,4904,4437,4875,4973,4943,4835,4662,4826,5024,5030,4726,5082,5246,5540,5509,5940,6209,6108,6102,6263,6672,6709,6632,7204,7324,7089,7566,7849,7856,7608,8122,8712,8880,8852,9012,9648,9514,10220,10507,11128,11531,10968,11615,12053,12375,13141,13188,13680,13837,13988,13813,14683,15114,15734,19959,15544,15763,17720,17115,17233,17584,19139,19643,19953,20882,22681,22887,23388,22002,23005,22057,23029
  + Other Operating Income,IS_OTHER_OPER_INC,,,,,,,,,,,,,,,,,,,,,,,,,,,,,,,0,,,,,,,,,,,,,,,,,,,,,0,,,,0,,,,,,,,,,,,,0,,0,,0,,0,,0,0,0,0,0,0,0,0,0,0,0,0,0,0,0,0,0,0,0,0,0,0,0,0,0,0,0,0,0,0,0,0,0,0,0,0,0,0,0,0,0,0,0,0,0,0,0,0,0,0,0,0,0,0,0,0,0,0,0,0,0,0,0
  - Operating Expenses,IS_OPERATING_EXPN,38.485,38.999,42.234,46.867,43.317,47.293,50.964,56.79,67.317,72.355,85.564,189.797,122.488,130.788,135.903,153.084,159.269,164.546,149.72,146.193,177.243,189.903,192.61,719.404,539.135,573.759,581.595,603,608.681,627.2,627.8,646,754,1479,792,849,868,887,895,926,923,940,955,949,1009,1035,1080,1120,1096,1137,1166,1243,1272,1269,1301,1332,1399,1433,1587,1698,1809,1813,1894,2061,2688,2643,2587,2900,2855,2801,2818,2905,3122,3989,3228,3745,3362,3286,3406,3671,3524,3608,3795,4407,3887,4003,4193,4598,4392,4406,4594,5223,4950,5165,5218,5404,5554,5570,5809,6115,6212,6117,6630,7046,7260,7304,7548,8344,7555,7884,7965,8398,9088,8984,9090,9340,9156,9069,9669,10019,10738,10718,10893,12246,10981,11137,11521,12043,12189,12511,12491,13991,14595,14830,14862,14313,15074,14182,14321
"    + Selling, General & Admin",IS_SGA_EXPENSE,,,,,,,,,,,,,,,,,,,,,,,,,,,,,,,590.5,,,,,,,,,,,,,,,,,,,,,,,,,,,,,,,,,,,,,,,,,,,,,,,,,,,,,,,,,,,,,,,,,,,,,,,,,,,,,,,,,,,,,,,,,,,,,,,,,,,,,,,,,,,,
    + Selling & Marketing,IS_SELLING_EXPENSES,,,,,,,,,,,,,,,,,,,,,,,,,,,,,,,,,,,,,,,,,,,,,,,,,,,,,,,,,,,,,,,,,,,,,,,,,,,,,,,,,,,,,,,,,,,,,,,,,,,,,,,,,,,,,,,,,,,,,,,,,,,,,,,,,,,,,,,,,,,
    + General & Administrative,IS_GENERAL_AND_ADMINISTRATIVE,,,,,,,,,,,,,,,,,,,,,,,,,,,,,,,,,,,,,,,,,,,,,,,,,,,,,,,,,,,,,,,,,,,,,,,,,,,,,,,,,,,,,,,,,,,,,,,,,,,,,,,,,,,,,,,,,,,,,,,,,,,,,,,,,,,,,,,,,,,
    + Research & Development,IS_OPERATING_EXPENSES_RD,,,,,,,,,,,,,,,,,,,,,,,,,,,,,,,,,,,,,,,,,,,,,,,,,,,,,,,,,,,,,,,,,,,,,,,,,,,,,,,,,,,,,,,,,,,,,,,,,,,,,,,,,,,,,,,,,,,,0,,,,0,,,,0,,,,0,,,,,,,,,,,
    + Other Operating Expense,IS_OTHER_OPERATING_EXPENSES,,,,,,,,,,,,,,,,,,,,,,,,,,,,,,,,,,,,,,,,,,,,,,,,,,,,,,,,,,,,,,,,,,,,,,,,,,,,,3128,3037,3156,3413,3276,3359,3548,4087,3617,3733,3899,4308,4096,4080,4277,4853,4614,4825,4869,5054,5194,5206,5436,5734,5834,5738,6178,6562,6758,6793,7033,7817,7022,7328,7387,7820,8506,8386,8479,8703,8517,8415,8960,9301,10015,10001,10174,11514,10223,10359,10725,11272,11401,11709,11663,13009,13625,13809,13855,13339,14077,13162,13280
Operating Income (Loss),IS_OPER_INC,11.67,13.308,14.356,15.872,24.016,28.069,30.264,32.757,39.036,42.772,49.512,75.986,75.462,80.041,86.57,94.278,114.709,122.654,131.464,137.221,143.091,143.881,150.568,23.245,193.606,97.475,149.399,156,178.41,184.7,187,192,147,-679,214,214,221,225,239,258,273,288,309,330,365,384,396,421,482,523,572,609,653,709,763,810,876,945,1092,1466,1200,1262,1323,1176,1473,1667,1863,2004,1582,2074,2155,2038,1713,673,1598,1279,1668,1440,1676,1575,2016,1901,2145,1802,2221,2099,2070,2074,2317,2226,2610,2101,2139,2401,2631,2452,2054,2552,2903,2765,2640,2895,3018,2468,2960,3203,3580,3187,3413,3731,4088,3977,4053,4204,4590,4497,4832,4744,5014,5095,4996,9241,4651,3517,6739,5978,5712,5541,6950,7132,7462,6891,8086,8057,8526,7689,7931,7875,8708
  - Non-Operating (Income) Loss,IS_NONOP_INCOME_LOSS,,,,,,,,,,,,,,,,,,,,,,,,,,,,,,,,,,,,,,,,,,,,,,,,,,,,,,,,,,,,,,,,,,,,,,,,,,,,,131,139,137,144,125,119,119,118,118,119,129,139,148,153,158,173,178,176,178,176,160,155,152,151,150,151,229,260,259,271,269,268,283,301,294,308,329,344,353,374,400,418,449,437,437,430,395,401,397,410,422,431,433,467,516,676,754,828,834,830,7930,2210,1094
"    + Interest Expense, Net",IS_NET_INTEREST_EXPENSE,,,,,,,,,,,,,,,,,,,,,,,,,,,,,,,,,,,,,11,11,10,,17,16,18,,23,24,23,,24,20,24,,23,24,24,,24,28,34,128,49,55,62,,,116,129,129,,,,153,,,,,,,,,,,,,,,,,,,,,,,,,,,,,,,,,,,,,,,,,,,,,,,449,437,437,430,395,,397,410,422,,433,467,516,676,754,828,834,830,844,985,1074
    + Interest Expense,IS_INT_EXPENSE,1.349,1.29,0.379,0.323,0.327,0.325,0.292,0.301,0.385,0.203,0.212,2.172,0.64,0.853,0.764,0.789,0.568,0.569,0.413,0.613,0.18,0.378,0.146,0.067,0.251,0.259,0.083,0,0.123,0,,0,0,0,0,4,11,11,10,17,17,16,18,21,23,24,23,24,24,20,24,22,23,24,24,24,24,28,34,42,49,55,62,75,82,116,129,129,116,133,142,153,154,164,166,155,131,139,137,144,125,119,119,118,118,119,129,139,148,153,158,173,178,176,178,176,160,155,152,151,150,151,229,260,259,271,269,268,283,301,294,308,329,344,353,374,400,418,449,437,437,430,395,401,397,410,422,431,433,467,516,676,754,828,834,830,844,985,1074
    - Interest Income,IS_INT_INC,,,,,,,,,,,,,,,,,,,,,,,,,,,,,,,,,,,,,,,,,,,,,,,,,,,,,,,,,,,,,,0,,0,,,,0,,,,,,,,,,,,,,,,,,,,,,,,,,,,,,,,,,,,,,,,,,,,,,,,,,,0,0,0,0,0,,0,0,0,,0,0,0,0,0,0,0,0,0,0,0
    + Other Investment (Inc) Loss,IS_OTHER_INVESTMENT_INCOME_LOSS,,,,,,,,,,,,,,,,,,,,,,,,,,,,,,,,,,,,,,,,,,,,,,,,,,,,,,,,,,,,,,,,,,,,,,,,,,,,,,,,,,,,,,,,,,,,,,,,,,,,,,,,,,,,,,,,,,,,,,,,,,,,,,,,,,,,,,,,,,,
    + (Income) Loss from Affiliates,INCOME_LOSS_FROM_AFFILIATES,,,,,,,,,,,,,,,,,,,,,,,,,,,,,,,,,,,,,,,,,,,,,,,,,,,,,,,,,,,,,,,,,,,,,,,,,,,,,,,,,,,,,,,,,,,,,,,,,,,,,,,,,,,,,,,,,,,,,,,,,,,,,,,,,,,,,,,,,,,
    + Other Non-Op (Income) Loss,IS_OTHER_NON_OPERATING_INC_LOSS,,,,,,,,,,,,,,,,,,,,,,,,,,,,,,,,,,,,,,,,,,,,,,,,,,,,,,,,,,,,,,,,,,,,,,,,,,,,,0,0,0,0,0,0,0,0,0,0,0,0,0,0,0,0,0,0,0,0,0,0,0,0,0,0,0,0,0,0,0,0,0,0,0,0,0,0,0,0,0,0,0,0,0,0,0,0,0,0,0,0,0,0,0,0,0,0,0,0,7086,1225,20
"Pretax Income (Loss), Adjusted",PRETAX_INC,10.321,12.018,13.977,15.549,23.689,27.744,29.972,32.456,38.651,42.569,49.3,73.814,74.822,79.188,85.928,93.489,114.141,86.145,131.051,136.608,142.911,142.975,150.422,23.178,193.355,82.248,149.316,156,178.287,184.7,187,192,147,-679,214,210,210,214,229,241,256,272,291,336,342,360,373,397,458,503,548,587,630,685,739,786,852,917,1058,1424,1151,1207,1261,1222,1391,1551,1734,1875,1466,1941,2013,1885,1559,509,1432,1124,1537,1301,1539,1431,1891,1782,2026,1684,2103,1980,1941,1935,2169,2073,2452,1928,1961,2225,2453,2276,1894,2397,2751,2614,2490,2744,2789,2208,2701,2932,3311,2919,3130,3430,3794,3669,3724,3860,4237,4123,4432,4326,4565,4658,4559,8811,4256,3116,6342,5568,5290,5110,6517,6665,6946,6215,7332,7229,7692,6859,1,5665,7614
  - Abnormal Losses (Gains),IS_ABNORMAL_ITEM,,,,,,,,,,,,,,,,,,,,,,,,,,60,,,,,,,,725,,,,,,,,0,0,-27,0,0,0,,,,,,,,,,,,,0,,,,,107,,,,176,,,,0,744.6,-38.94,332.87,-3,-3,0,0,-38,-16,-1,184,-48,27,-33,-7,-39,-50,-20,-47,-57,-49,31,-44,-46,-107,-30,-28,-3,-68,-28,-42,-35,-36,0,-69,0,0,0,0,0,0,0,0,0,0,0,0,0,0,0,0,0,0,0,0,0,0,0,0,0,0,0,0,7679,2011,370
    + Abnormal Derivatives,IS_DERIVATIVES_HEDGING,,,,,,,,,,,,,,,,,,,,,,,,,,,,,,,,,,,,,,,,,,,,,,,,,,,,,,,,,,,,,,,,,,,,,,,,,,,,,,,,,,,,,,,,,,,,,,,,,,,,,,,,,,,,,,,,,,,,,,,,,,,,,,,,,,,,,,,,,,,
    + Disposal of Assets,IS_GAIN_LOSS_DISPOSAL_ASSETS,,,,,,,,,,,,,,,,,,,,,,,,,,,,,,,,,,,,,,,,,,,,,,,,,,,,,,,,,,,,,,,,,,,,,,,,,,,,,,,,,,,,,,,,,,,,,,,,,,,,,,,,,,,,,,,,,,,,,,,,,,,,,,,,,,,,,,,,,,,
    + Asset Write-Down,IS_IMPAIRMENT_ASSETS,,,,,,,,,,,,,,,,,,,,,,,,,,,,,,,,,,,,,,,,,,,,,,,,,,,,,,,,,,,,,,,,,,,,,,,,,,,,,,,,,,,,,,,,,,,,,,,,,,,,,,,,,,,,,,,,,,,,,,,,,,,,,,,,,,,,,,,,,,,
    + Impairment of Intangibles,IS_IMPAIR_OF_INTANG_ASSETS,,,,,,,,,,,,,,,,,,,,,,,,,,,,,,,,,,,,,,,,,,,,,,,,,,,,,,,,,,,,,,,,,,,,,,,,,,,,,,,,,,,,,,,,,,,,,,,,,,,,,,,,,,,,,,,,,,,,,,,,,,,,,,,,,,,,,,,,,,,
    + Gain/Loss on Sale/Acquisition of Business,IS_SALE_OF_BUSINESS,,,,,,,,,,,,,,,,,,,,,,,,,,,,,,,,,,,,,,,,,,,,,,,,,,,,,,,,,,,,,,,,,,,,,,,,,,,,,,,,,,,,28,,,,,,,,,,,,,,,,,,,,,,,,,,,,,,,,,,,,,,,,,,,,,,,,,,,,,7086,1225,20
    + Legal Settlement,IS_LEGAL_LITIGATION_SETTLEMENT,,,,,,,,,,,,,,,,,,,,,,,,,,,,,,,,,,,,,,,,,,,,,,,,,,,,,,,,,,,,,,,,,,,,,,,,,,,,,,,,,,,,,,,,,,,,,,,,,,,,,,,,,,,,,,,,,,,,,,,,,,,,,,,,,,,,,,,,,,,
    + Sale of Investments,IS_GAIN_LOSS_ON_INVESTMENTS,,,,,,,,,,,,,,,,,,,,,,,,,,,,,,,,,,,,,,,,,,,,,,,,,,,,,,,,,,,,,,,,,,,,,,,,,,,,,-35,-8,-18,,-39,-20,-14,-21,-52,29,-37,-9,-42,-51,-20,-49,-60,-50,34,-45,-49,-111,-48,-3,-4,-71,-32,-56,-56,-37,,-71,,,,,,,,,,,,,,,,,,,,,,,,,,,,,,,
    + Other Abnormal Items,IS_OTHER_ONE_TIME_ITEMS,,,,,,,,,,,,,,,,,,,,,,,,,,,,,,,,,,,,,,,,,,,,,,,,,,,,,,,,,,,,,,,,,,,,,,,,,,,,,32,5,18,,1,4,13,5,4,-2,4,2,3,1,,2,3,1,-3,1,3,4,18,-25,1,3,4,14,21,1,,2,,,,,,,,,,,,,,,,,,,,,,,,,,,,,593,786,350
"Pretax Income (Loss), GAAP",PRETAX_INC,10.321,12.018,13.977,15.549,23.689,27.744,29.972,32.456,38.651,42.569,49.3,73.814,74.822,79.188,85.928,93.489,114.141,86.145,131.051,136.608,142.911,142.975,150.422,23.178,193.355,82.248,149.316,156,178.287,184.7,187,192,147,-679,214,210,210,214,229,241,256,272,291,336,342,360,373,397,458,503,548,587,630,685,739,786,852,917,1058,1424,1151,1207,1261,1222,1391,1551,1734,1875,1466,1941,2013,1885,1559,509,1432,1124,1537,1301,1539,1431,1891,1782,2026,1684,2103,1980,1941,1935,2169,2073,2452,1928,1961,2225,2453,2276,1894,2397,2751,2614,2490,2744,2789,2208,2701,2932,3311,2919,3130,3430,3794,3669,3724,3860,4237,4123,4432,4326,4565,4658,4559,8811,4256,3116,6342,5568,5290,5110,6517,6665,6946,6215,7332,7229,7692,6859,1,5665,7614
  - Income Tax Expense (Benefit),IS_INC_TAX_EXP,3.509,4.088,4.751,5.286,8.054,9.433,10.189,11.036,13.528,14.899,17.073,26.56,27.074,28.33,30.659,33.316,43.067,33.031,49.81,51.914,52.878,53.096,55.655,8.576,73.475,32.077,58.234,61,69.532,69,70.9,73,77,-114,79,78,78,79,85,84,82,102,109,126,130,137,142,150,163,178,195,208,227,246,263,279,298,321,360,407,408,438,461,444,500,570,622,675,539,713,730,669,565,172,512,398,553,442,504,487,700,659,749,641,757,713,670,677,781,736,895,684,721,789,883,849,795,989,1149,1104,1077,1159,1171,956,1074,1172,1333,1211,939,1080,1233,-52,800,850,953,959,875,941,936,990,1094,2115,1000,764,1364,1196,1099,919,1369,1466,1562,1307,1558,1572,1654,1184,1222,1244,1356
Income (Loss) from Cont Ops,IS_INC_BEF_XO_ITEM,6.812,7.93,9.226,10.263,15.635,18.311,19.783,21.42,25.123,27.67,32.227,47.254,47.748,50.858,55.269,60.173,71.074,53.114,81.241,84.694,90.033,89.879,94.767,14.602,119.88,50.171,91.082,95,108.755,115.7,116.1,119,132,-565,135,132,132,135,144,157,174,170,182,210,212,223,231,247,295,325,353,379,403,439,476,507,554,596,698,739,743,769,800,778,891,981,1112,1200,927,1228,1283,1216,994,337,920,726,984,859,1035,944,1191,1123,1277,1043,1346,1267,1271,1258,1388,1337,1557,1244,1240,1436,1570,1427,1099,1408,1602,1510,1413,1585,1618,1252,1627,1760,1978,1708,2191,2350,2561,3721,2924,3010,3284,3164,3557,3385,3629,3668,3465,6696,3256,2352,4978,4372,4191,4191,5148,5199,5384,4908,5774,5657,6038,5675,-1221,4421,6258
  - Net Extraordinary Losses (Gains),XO_GL_NET_OF_TAX,0,0,0,0,0,0,0,0,0,0,0,0,0,0,0,0,0,-1377.075,0,0,0,0,0,0,0,0,0,0,0,0,0,0,0,0,0,0,,0,0,0,,0,0,0,0,0,0,0,,0,0,0,,,,0,,,,0,0,0,0,0,0,0,0,0,0,0,0,0,0,0,0,0,0,0,0,0,0,0,0,0,0,0,0,0,0,0,0,0,0,0,0,0,0,0,0,0,0,0,0,0,0,0,0,0,0,0,0,0,0,0,0,0,0,0,0,0,0,0,0,0,0,0,0,0,0,0,0,0,0,0,0,0,0,0,0
    + Discontinued Operations,IS_DISCONTINUED_OPERATIONS,,,,,,,,,,,,,,,,,,,,,,,,,,,,,,,,,,,,,,,,,,,,,,,,,,,,,,,,,,,,,,,,,,,,,,,,,,,,,0,0,0,0,0,0,0,0,0,0,0,0,0,0,0,0,0,0,0,0,0,0,0,0,0,0,0,0,0,0,0,0,0,0,0,0,0,0,0,0,0,0,0,0,0,0,0,0,0,0,0,0,0,0,0,0,0,0,0,0,0,0,0
    + XO & Accounting Changes,EXTRAORD_ITEMS_ACCOUNTING_CHANGS,,,,,,,,,,,,,,,,,,,,,,,,,,,,,,,,,,,,,,,,,,,,,,,,,,,,,,,,,,,,,,,,,,,,,,,,,,,,,0,0,0,0,0,0,0,0,0,0,0,0,0,0,0,0,0,0,0,0,0,0,0,0,0,0,0,0,0,0,0,0,0,0,0,0,0,0,0,0,0,0,0,0,0,0,0,0,0,0,0,0,0,0,0,0,0,0,0,0,0,0,0
Income (Loss) Incl. MI,NI_INCLUDING_MINORITY_INT_RATIO,6.812,7.93,9.226,10.263,15.635,18.311,19.783,21.42,25.123,27.67,32.227,47.254,47.748,50.858,55.269,60.173,71.074,1430.189,81.241,84.694,90.033,89.879,94.767,14.602,119.88,50.171,91.082,95,108.755,115.7,116.1,119,70,-565,135,132,132,135,144,157,174,170,182,210,212,223,231,247,295,325,353,379,403,439,476,507,554,596,698,1017,743,769,800,778,891,981,1112,1200,927,1228,1283,1216,994,337,920,726,984,859,1035,944,1191,1123,1277,1043,1346,1267,1271,1258,1388,1337,1557,1244,1240,1436,1570,1427,1099,1408,1602,1510,1413,1585,1618,1252,1627,1760,1978,1708,2191,2350,2561,3721,2924,3010,3284,3164,3557,3385,3629,3668,3465,6696,3256,2352,4978,4372,4191,4191,5148,5199,5384,4908,5774,5657,6038,5675,-1221,4421,6258
  - Minority Interest,MIN_NONCONTROL_INTEREST_CREDITS,0.084,0.152,0.074,0,0.08,0.042,0.052,0.126,0.143,0.07,0.139,1.331,0.592,0.348,0.444,0.586,0.676,0.457,0.399,0.451,0.601,0,1.097,1.619,0.934,-0.149,-0.145,0,-0.124,0,0,0,0,0,0,0,,0,0,0,,0,0,0,0,0,0,0,,0,0,0,,,,0,,,,0,0,0,0,0,0,0,0,0,0,0,0,0,0,0,0,0,0,0,0,0,0,0,0,0,0,0,0,0,0,0,0,0,48,0,0,0,0,0,0,0,0,0,21,34,16,6,10,24,19,66,76,104,88,88,96,124,90,92,91,127,83,59,84,140,116,106,105,120,121,129,122,147,163,183,197,220,188,205,203
"Net Income, GAAP",NET_INCOME,6.728,7.778,9.152,10.271,15.555,18.269,19.731,21.294,24.98,27.6,32.088,45.923,47.156,50.51,54.825,59.587,70.398,1429.7321,80.842,84.243,89.432,89.879,93.67,12.983,118.946,50.32,91.227,95,108.879,115.7,116.1,119,132,-565,135,132,132,135,144,157,174,170,182,210,212,223,231,247,295,325,353,379,403,439,476,507,554,596,698,739,743,769,800,778,891,981,1112,1200,927,1228,1283,1216,994,337,920,726,984,859,1035,944,1191,1123,1277,1043,1346,1267,1271,1258,1388,1337,1557,1244,1192,1436,1570,1427,1099,1408,1602,1510,1413,1585,1597,1218,1611,1754,1968,1684,2172,2284,2485,3617,2836,2922,3188,3040,3467,3293,3538,3541,3382,6637,3172,2212,4862,4266,4086,4071,5027,5070,5262,4761,5611,5474,5841,5455,-1409,4216,6055
  - Preferred Dividends,IS_TOT_CASH_PFD_DVD,0,0,0,0,0,0,0,0,0,0,0,0,0,0,0,0,0,0,0,0,0,0,0,7.188,7.188,7.188,7.188,7,7.188,7.2,7.2,7,7,7,7,7,,0,0,0,,0,0,0,0,0,0,0,,0,0,0,,,,0,,,,0,0,0,0,0,0,0,0,0,0,0,0,0,0,0,0,0,0,0,0,0,0,0,0,0,0,0,0,0,0,0,0,0,0,0,0,0,0,0,0,0,0,0,0,0,0,0,0,0,0,0,0,0,0,0,0,0,0,0,0,0,0,0,0,0,0,0,0,0,0,0,0,0,0,0,0,0,0,0,0
  - Other Adjustments,OTHER_ADJUSTMENTS,,,,,,,,,,,,,,,,,,,,,,,,,,,,,,,,,,,,,,0,0,,,0,0,,0,0,0,0,,0,0,0,,,,0,,,,0,0,0,0,0,0,0,0,0,0,0,0,0,0,0,0,0,0,0,0,0,0,0,0,0,0,0,0,0,0,0,0,0,0,0,0,0,0,0,0,0,0,0,0,0,0,0,0,0,0,0,0,0,0,0,0,0,0,0,0,0,0,0,0,0,0,0,0,0,0,0,0,0,0,0,0,0,0,0,0
"Net Income Avail to Common, GAAP",EARN_FOR_COMMON,6.728,7.778,9.152,10.271,15.555,18.269,19.731,21.294,24.98,27.6,32.088,45.923,47.156,50.51,54.825,59.587,70.398,1429.7321,80.842,84.243,89.432,89.879,93.67,5.795,111.758,43.132,84.039,88,101.691,108.5,108.9,112,125,-572,128,125,132,135,144,157,174,170,182,210,212,223,231,247,295,325,353,379,403,439,476,507,554,596,698,739,743,769,800,778,891,981,1112,1200,927,1228,1283,1216,994,337,920,726,984,859,1035,944,1191,1123,1277,1043,1346,1267,1271,1258,1388,1337,1557,1244,1192,1436,1570,1427,1099,1408,1602,1510,1413,1585,1597,1218,1611,1754,1968,1684,2172,2284,2485,3617,2836,2922,3188,3040,3467,3293,3538,3541,3382,6637,3172,2212,4862,4266,4086,4071,5027,5070,5262,4761,5611,5474,5841,5455,-1409,4216,6055
,,#N/A Mandatory parameter [FIELDS] cannot be empty,,,,,,,,,,,,,,,,,,,,,,,,,,,,,,,,,,,,,,,,,,,,,,,,,,,,,,,,,,,,,,,,,,,,,,,,,,,,,,,,,,,,,,,,,,,,,,,,,,,,,,,,,,,,,,,,,,,,,,,,,,,,,,,,,,,,,,,,,,
"Net Income Avail to Common, Adj",EARN_FOR_COMMON,6.728,7.778,9.152,10.271,15.555,18.269,19.731,21.294,24.98,27.6,32.088,45.923,47.156,50.51,54.825,59.587,70.398,1429.7321,80.842,84.243,89.432,89.879,93.67,5.795,111.758,43.132,84.039,88,101.691,108.5,108.9,112,125,-572,128,125,132,135,144,157,174,170,182,210,212,223,231,247,295,325,353,379,403,439,476,507,554,596,698,739,743,769,800,778,891,981,1112,1200,927,1228,1283,1216,994,337,920,726,984,859,1035,944,1191,1123,1277,1043,1346,1267,1271,1258,1388,1337,1557,1244,1192,1436,1570,1427,1099,1408,1602,1510,1413,1585,1597,1218,1611,1754,1968,1684,2172,2284,2485,3617,2836,2922,3188,3040,3467,3293,3538,3541,3382,6637,3172,2212,4862,4266,4086,4071,5027,5070,5262,4761,5611,5474,5841,5455,-1409,4216,6055
  Net Abnormal Losses (Gains),IS_NET_ABNORMAL_ITEMS,,,,,,,,,,,,,,,,,,,,,,,,,,,,,,,,,,,,,,,,,,,,,,,,,,,,,,,,,,,,,,,,,,,,,,,,,,493,-25,215,-1.95,-1.95,0,0,-24.7,-10.4,-0.65,179.8,-31.2,17.55,-21.45,-4.55,-25.35,-32.5,-13,-30.55,-37.05,-31.85,20.15,-28.6,-29.9,-69.55,-19.5,-18.2,-1.95,-44.2,-18.2,-27.3,-22.75,-23.4,0,-44.85,0,0,0,-1197,0,0,0,0,0,0,0,0,0,0,0,0,0,0,0,0,0,0,0,0,0,0,0,0,7538,1662,289.8
  Net Extraordinary Losses (Gains),XO_GL_NET_OF_TAX,0,0,0,0,0,0,0,0,0,0,0,0,0,0,0,0,0,-1377.075,0,0,0,0,0,0,0,0,0,0,0,0,0,0,0,0,0,0,,0,0,0,,0,0,0,0,0,0,0,,0,0,0,,,,0,,,,0,0,0,0,0,0,0,0,0,0,0,0,0,0,0,0,0,0,0,0,0,0,0,0,0,0,0,0,0,0,0,0,0,0,0,0,0,0,0,0,0,0,0,0,0,0,0,0,0,0,0,0,0,0,0,0,0,0,0,0,0,0,0,0,0,0,0,0,0,0,0,0,0,0,0,0,0,0,0,0
,,#N/A Mandatory parameter [FIELDS] cannot be empty,,,,,,,,,,,,,,,,,,,,,,,,,,,,,,,,,,,,,,,,,,,,,,,,,,,,,,,,,,,,,,,,,,,,,,,,,,,,,,,,,,,,,,,,,,,,,,,,,,,,,,,,,,,,,,,,,,,,,,,,,,,,,,,,,,,,,,,,,,
Basic Weighted Avg Shares,IS_AVG_NUM_SH_FOR_EPS,759.648,775.392,930.688,908.864,920.096,1027.2321,1031.936,1037.024,1065.2159,883.2,1235.76,1131.1359,1369.936,1374.928,1375.024,1386.032,1396.056,1403.92,1408.304,1412.584,1411.224,1410.432,1416.5601,1435.824,1396.976,1437.736,1461.5439,1504,1479.144,1496,1504,1536,1544,1544,1536,1496,1440,1392,1392,1344,1316,1301.6,1287.2,1332,1270.8,1251.6,1236.4,1250.632,1229.6,1219.6,1200.4,1203.2,1193.2,1180,1178,1165.5179,1202,1220,1282,,1278,1258,1255,1275.4098,1353,1339,1341,1350.5747,1343,1326,1304,1318,1240,1216,1204,1213,1198,1170,1153,1161,1145,1127,1115,1106,1086,1075,1065,1075,1039,1028,1022,1037,1016,1009,1004,1014,983,979,969,973,954,952,953,953,953,951,952,970,954,964,968,991,966,961,962,982,958,950,949,962,949,949,950,961,945,944,943,955,941,937,935,947,933,930,926,935,922,921,930
"Basic EPS, GAAP",IS_EPS,0.0088,0.01,0.0097,0.0113,0.0169,0.0178,0.0191,0.0206,0.0234,0.0247,0.0263,0.0406,0.035,0.0363,0.04,0.0425,0.05,1.0188,0.0575,0.06,0.0638,0.0638,0.0663,0.0038,0.08,0.03,0.0575,0.0588,0.0688,0.0725,0.0725,0.0725,0.0813,-0.37,0.0838,0.0712,0.0913,0.0975,0.1038,0.1163,0.1325,0.13,0.1412,0.165,0.1675,0.1775,0.1875,0.1975,0.24,0.2675,0.2925,0.315,0.3375,0.37,0.405,0.435,0.46,0.49,0.545,0.57,0.58,0.61,0.64,0.61,0.66,0.73,0.83,1.7585,0.69,0.93,0.98,0.95,0.8,0.28,0.76,0.6,0.82,0.73,0.9,0.81,1.04,1,1.15,0.94,1.24,1.18,1.19,1.17,1.34,1.3,1.52,1.2,1.17,1.42,1.56,1.41,1.12,1.44,1.65,1.55,1.48,1.66,1.68,1.26,1.69,1.84,2.07,1.74,2.28,2.37,2.57,3.65,2.94,3.04,3.31,3.1,3.62,3.47,3.73,3.68,3.56,6.99,3.34,2.3,5.14,4.52,4.33,4.26,5.34,5.41,5.63,5.03,6.01,5.89,6.31,5.83,-1.53,4.58,6.51
"Basic EPS from Cont Ops, GAAP",IS_EARN_BEF_XO_ITEMS_PER_SH,0.0088,0.01,0.0097,0.0113,0.0169,0.0178,0.0191,0.0206,0.0234,0.0247,0.0263,0.0406,0.035,0.0363,0.04,0.0425,0.05,0.0375,0.0575,0.06,0.0638,0.0638,0.0663,0.0038,0.08,0.03,0.0575,0.0588,0.0688,0.0725,0.0725,0.0725,0.0813,-0.37,0.0838,0.0712,0.0913,0.0975,0.1038,0.1163,0.1325,0.13,0.1412,0.165,0.1675,0.1775,0.1875,0.1975,0.24,0.2675,0.2925,0.315,0.3375,0.37,0.405,0.435,0.46,0.49,0.545,0.57,0.87,0.61,0.64,0.61,0.66,0.73,0.83,2.6285,0.69,0.93,0.98,0.95,0.8,0.28,0.76,0.6,0.82,0.73,0.9,0.81,1.04,1,1.15,0.94,1.24,1.18,1.19,1.17,1.34,1.3,1.52,1.2,1.17,1.42,1.56,1.41,1.12,1.44,1.65,1.55,1.48,1.66,1.68,1.26,1.69,1.84,2.07,1.74,2.28,2.37,2.57,3.65,2.94,3.04,3.31,3.1,3.62,3.47,3.73,3.68,3.56,6.99,3.34,2.3,5.14,4.52,4.33,4.26,5.34,5.41,5.63,5.03,6.01,5.89,6.31,5.83,-1.53,4.58,6.51
"Basic EPS from Cont Ops, Adjusted",IS_BASIC_EPS_CONT_OPS,0.0088,,0.0097,0.0113,0.0169,0.0178,0.0191,0.0206,,0.0247,0.0263,0.0406,,,,,,,,0.06,,0.0638,0.0663,0.0038,0.08,0.055,0.0575,0.0588,0.0688,0.0725,0.0725,0.0725,0.0813,0.0825,0.0838,0.0838,0.0913,0.0975,0.1038,0.1125,0.1325,0.13,0.1412,0.1525,0.1675,0.1775,0.1875,0.1975,0.24,0.2675,0.2925,0.315,0.3375,0.37,0.405,0.435,0.46,0.49,0.545,0.57,0.58,0.61,0.64,0.61,0.71,0.73,0.83,0.87,0.77,0.93,0.98,0.95,0.8,0.69,0.74,0.78,0.8197,0.7325,0.9,0.81,1.0186,0.9872,1.1447,1.1056,1.2107,1.1949,1.1733,1.166,1.3115,1.269,1.5108,1.1702,1.1368,1.3916,1.5838,1.3791,1.0876,1.3672,1.6331,1.5332,1.4791,1.6185,1.6567,1.2494,1.6666,1.8198,2.07,1.6898,2.28,2.37,2.57,2.442,2.94,3.04,3.31,3.1,3.62,3.47,3.73,3.68,3.56,6.99,3.34,2.3,5.14,4.52,4.33,4.26,5.34,5.41,5.63,5.03,6.01,5.89,6.31,5.83,6.6475,6.3822,6.8224
,,#N/A Mandatory parameter [FIELDS] cannot be empty,,,,,,,,,,,,,,,,,,,,,,,,,,,,,,,,,,,,,,,,,,,,,,,,,,,,,,,,,,,,,,,,,,,,,,,,,,,,,,,,,,,,,,,,,,,,,,,,,,,,,,,,,,,,,,,,,,,,,,,,,,,,,,,,,,,,,,,,,,
Diluted Weighted Avg Shares,IS_SH_FOR_DILUTED_EPS,919.008,943.584,944.832,908.864,920.096,1027.2321,1031.936,1037.024,1065.2159,883.2,1125.264,1131.1359,1369.936,1374.928,1375.024,1386.032,1396.056,1403.92,1408.304,1412.584,1411.224,1410.432,1416.5601,1435.824,1443.76,1493.256,1497.04,1504,1514.64,1528,1536,1536,1592,1544,1552,1496,1464,1424,1424,1372.8,1348.8,1348.8,1342.4,1332,1328,1308.4,1295.6,1293.2,1286,1281.2,1260.8,1260.4,1246.4,1236,1234,1218,1260,1278,1340,,1340,1324,1322,1341.3793,1419,1395,1397,1398.8095,1399,1377,1348,1318,1278,1245,1227,1213,1210,1180,1164,1161,1156,1135,1124,1106,1099,1094,1083,1075,1060,1049,1039,1037,1029,1026,1024,1014,996,991,982,973,969,966,967,967,967,967,969,970,975,985,989,991,987,982,983,982,975,964,963,962,962,960,962,961,957,956,955,955,954,950,948,947,943,940,936,935,922,928,930
"Diluted EPS, GAAP",IS_DILUTED_EPS,0.0081,0.0091,0.0097,0.0113,0.0169,0.0178,0.0191,0.0206,0.0234,0.0247,0.0263,0.0406,0.035,0.0363,0.04,0.0425,0.05,1.0188,0.0575,0.06,0.0638,0.0638,0.0663,0.0038,0.0775,0.0288,0.0563,0.0588,0.0675,0.0712,0.0712,0.0725,0.0788,-0.37,0.0825,0.0712,0.09,0.095,0.1013,0.1138,0.1288,0.1263,0.135,0.1575,0.16,0.17,0.1775,0.19,0.23,0.2525,0.28,0.3,0.3225,0.355,0.385,0.415,0.44,0.465,0.52,0.545,0.55,0.58,0.61,0.58,0.63,0.7,0.8,1.6979,0.66,0.89,0.95,0.92,0.78,0.27,0.75,0.6,0.81,0.73,0.89,0.81,1.03,0.99,1.14,0.94,1.22,1.16,1.17,1.17,1.31,1.27,1.5,1.2,1.16,1.4,1.53,1.41,1.1,1.42,1.63,1.55,1.46,1.64,1.65,1.26,1.67,1.81,2.03,1.74,2.23,2.32,2.51,3.65,2.87,2.98,3.24,3.1,3.56,3.42,3.67,3.68,3.52,6.91,3.3,2.3,5.08,4.46,4.28,4.26,5.27,5.34,5.55,5.03,5.95,5.82,6.24,5.83,-1.53,4.54,6.51
"Diluted EPS from Cont Ops, GAAP",IS_DIL_EPS_BEF_XO,0.0081,0.0091,0.0097,0.0113,0.0169,0.0178,0.0191,0.0206,0.0234,0.0247,0.0263,0.0406,0.035,0.0363,0.04,0.0425,0.05,0.0375,0.0575,0.06,0.0638,0.0638,0.0663,0.0038,0.0775,0.0288,0.0563,0.0588,0.0675,0.0712,0.0712,0.0725,0.0788,-0.37,0.0825,0.0688,0.09,0.095,0.1013,0.1138,0.1288,0.1263,0.135,0.1575,0.16,0.17,0.1775,0.19,0.23,0.2525,0.28,0.3,0.3225,0.355,0.385,0.415,0.44,0.465,0.52,0.545,0.825,0.58,0.61,0.58,0.63,0.7,0.8,2.5379,0.66,0.89,0.95,0.92,0.78,0.27,0.75,0.6,0.81,0.73,0.89,0.81,1.03,0.99,1.14,0.94,1.22,1.16,1.17,1.17,1.31,1.27,1.5,1.2,1.16,1.4,1.53,1.41,1.1,1.42,1.63,1.55,1.46,1.64,1.65,1.26,1.67,1.81,2.03,1.74,2.23,2.32,2.51,3.65,2.87,2.98,3.24,3.1,3.56,3.42,3.67,3.68,3.52,6.91,3.3,2.3,5.08,4.46,4.28,4.26,5.27,5.34,5.55,5.03,5.95,5.82,6.24,5.83,-1.53,4.54,6.51
"Diluted EPS from Cont Ops, Adjusted",IS_DIL_EPS_CONT_OPS,0.0088,0.0091,0.0097,0.0113,0.0169,0.0178,0.0191,0.0206,0.0234,0.0247,0.0263,0.0406,0.035,0.0363,0.04,0.0425,0.05,0.0375,0.0575,0.06,0.0638,0.0638,0.0663,0.0038,0.0775,0.0538,0.0563,0.0588,0.0675,0.0712,0.0712,0.0725,0.0788,0.0825,0.0825,0.0838,0.09,0.095,0.1013,0.11,0.1288,0.1263,0.135,0.145,0.16,0.17,0.1775,0.19,0.23,0.2525,0.28,0.3,0.3225,0.355,0.385,0.415,0.44,0.465,0.52,0.545,0.55,0.58,0.61,0.58,0.68,0.7,0.8,0.84,0.74,0.89,0.95,0.92,0.78,0.67,0.73,0.78,0.8084,0.7283,0.89,0.81,1.0086,0.9808,1.1394,1.1026,1.1916,1.176,1.1502,1.1658,1.2861,1.239,1.4875,1.1702,1.124,1.369,1.5497,1.3791,1.07,1.3498,1.6101,1.5313,1.458,1.5942,1.6312,1.2318,1.6465,1.7858,2.03,1.6898,2.23,2.32,2.51,2.442,2.87,2.98,3.24,3.1,3.56,3.42,3.67,3.68,3.52,6.91,3.3,2.3,5.08,4.46,4.28,4.26,5.27,5.34,5.55,5.03,5.95,5.82,6.24,5.83,6.6457,6.3309,6.8216
,,#N/A Mandatory parameter [FIELDS] cannot be empty,,,,,,,,,,,,,,,,,,,,,,,,,,,,,,,,,,,,,,,,,,,,,,,,,,,,,,,,,,,,,,,,,,,,,,,,,,,,,,,,,,,,,,,,,,,,,,,,,,,,,,,,,,,,,,,,,,,,,,,,,,,,,,,,,,,,,,,,,,
Reference Items,,#N/A Mandatory parameter [FIELDS] cannot be empty,,,,,,,,,,,,,,,,,,,,,,,,,,,,,,,,,,,,,,,,,,,,,,,,,,,,,,,,,,,,,,,,,,,,,,,,,,,,,,,,,,,,,,,,,,,,,,,,,,,,,,,,,,,,,,,,,,,,,,,,,,,,,,,,,,,,,,,,,,
Accounting Standard,ACCOUNTING_STANDARD,US GAAP,US GAAP,US GAAP,US GAAP,US GAAP,US GAAP,US GAAP,US GAAP,US GAAP,US GAAP,US GAAP,US GAAP,US GAAP,US GAAP,US GAAP,US GAAP,US GAAP,US GAAP,US GAAP,US GAAP,US GAAP,US GAAP,US GAAP,US GAAP,US GAAP,US GAAP,US GAAP,US GAAP,US GAAP,US GAAP,US GAAP,US GAAP,US GAAP,US GAAP,US GAAP,US GAAP,US GAAP,US GAAP,US GAAP,US GAAP,US GAAP,US GAAP,US GAAP,US GAAP,US GAAP,US GAAP,US GAAP,US GAAP,US GAAP,US GAAP,US GAAP,US GAAP,US GAAP,US GAAP,US GAAP,US GAAP,US GAAP,US GAAP,US GAAP,US GAAP,US GAAP,US GAAP,US GAAP,US GAAP,US GAAP,US GAAP,US GAAP,US GAAP,US GAAP,US GAAP,US GAAP,US GAAP,US GAAP,US GAAP,US GAAP,US GAAP,US GAAP,US GAAP,US GAAP,US GAAP,US GAAP,US GAAP,US GAAP,US GAAP,US GAAP,US GAAP,US GAAP,US GAAP,US GAAP,US GAAP,US GAAP,US GAAP,US GAAP,US GAAP,US GAAP,US GAAP,US GAAP,US GAAP,US GAAP,US GAAP,US GAAP,US GAAP,US GAAP,US GAAP,US GAAP,US GAAP,US GAAP,US GAAP,US GAAP,US GAAP,US GAAP,US GAAP,US GAAP,US GAAP,US GAAP,US GAAP,US GAAP,US GAAP,US GAAP,US GAAP,US GAAP,US GAAP,US GAAP,US GAAP,US GAAP,US GAAP,US GAAP,US GAAP,US GAAP,US GAAP,US GAAP,US GAAP,US GAAP,US GAAP,US GAAP,US GAAP,US GAAP,US GAAP,US GAAP
EBITDA,EBITDA,13.908,15.658,17.13,19.154,27.292,31.466,33.689,36.998,45.196,49.279,56.162,87.132,85.801,93.295,99.118,103.848,130.612,140.672,147.722,152.761,162.756,164.265,169.911,58.311,224.707,129.404,183.308,192.227,212.017,220.193,224.3,231.6,189,-631,257,266,276,280,300,320,335,349,371,392,429,448,463,491,538,585,638,680,726,783,838,887,958,1032,1191,1572,1309,1370,1439,1296,1630,1835,2356,2181,1773,2461,2357,2245,1938,916,1852,1538,1902,1689,1926,1833,2264,2150,2392,2122,2491,2369,2364,2364,2613,2552,2927,2471,2475,2741,2980,2802,2414,2916,3276,3146,3018,3274,3470,2952,3462,3714,4095,3714,3946,4287,4666,4555,4635,4802,5201,5134,5709,5645,5998,6053,5719,9958,5370,4249,7497,6756,6508,6312,7738,7934,8290,7873,9056,9078,9533,8663,8928,8895,9749
EBITDA Margin (T12M),EBITDA_MARGIN,,,,10.876,12.098,13.7463,14.7746,15.2804,14.6904,14.1492,13.4576,10.8046,10.7797,10.7361,10.892,12.2644,12.9288,13.6681,14.4138,15.1707,15.2151,14.9847,14.6119,9.7911,8.9641,7.0849,6.2112,7.2431,6.7595,7.3132,7.4343,7.5299,6.6248,0.0968,0.2956,0.4667,0.9308,5.7787,5.8392,6.0117,6.221,6.451,6.6489,6.8507,7.1004,7.3556,7.5739,7.8068,8.1557,8.6355,9.2454,9.7562,10.1185,10.4739,10.8177,11.2202,11.5564,11.753,11.8843,12.7707,12.6845,12.6815,12.7387,11.688,10.8745,10.4691,10.8526,11.1805,11.1519,11.8249,11.7143,11.714,11.7372,9.5639,8.7503,7.691,7.4898,8.2842,8.2218,8.4349,8.7312,9.0876,9.3995,9.4822,9.4975,9.5299,9.3482,9.4127,9.3625,9.3557,9.7026,9.5491,9.1708,9.0859,8.8787,8.9788,8.8303,8.8174,8.9015,9.0072,9.1851,9.199,8.7845,8.0926,7.9323,7.7217,7.8622,8.107,8.1831,8.329,8.4487,8.6767,8.7384,8.7327,8.7284,8.7391,9.0099,9.1951,9.382,9.6653,9.5079,11.1892,10.7295,9.8374,10.2976,8.7733,8.9539,9.4135,9.1796,9.2941,9.6072,9.8207,9.8686,9.8409,9.8727,9.7761,9.5397,9.3449,9.1991
EBIT,EBIT,11.67,13.308,14.356,15.872,24.016,28.069,30.264,32.757,39.036,42.772,49.512,75.986,75.462,80.041,86.57,94.278,114.709,122.654,131.464,137.221,143.091,143.881,150.568,23.245,193.606,97.475,149.399,156,178.41,184.7,187,192,147,-679,214,214,221,225,239,258,273,288,309,330,365,384,396,421,482,523,572,609,653,709,763,810,876,945,1092,1466,1200,1262,1323,1176,1473,1667,1863,2004,1582,2074,2155,2038,1713,673,1598,1279,1668,1440,1676,1575,2016,1901,2145,1802,2221,2099,2070,2074,2317,2226,2610,2101,2139,2401,2631,2452,2054,2552,2903,2765,2640,2895,3018,2468,2960,3203,3580,3187,3413,3731,4088,3977,4053,4204,4590,4497,4832,4744,5014,5095,4996,9241,4651,3517,6739,5978,5712,5541,6950,7132,7462,6891,8086,8057,8526,7689,7931,7875,8708
Gross Margin,GROSS_MARGIN,38.6093,34.8182,36.0834,37.2338,37.5378,40.3662,36.7905,34.4048,31.721,32.8043,30.1667,24.9177,27.6069,27.3296,27.8391,29.8891,30.3222,30.5706,29.3869,29.2473,29.0201,28.8255,28.2327,33.8558,31.6094,26.9336,28.2525,28.3632,27.6065,27.7052,27.5373,27.4394,23.4022,18.8902,23.0734,22.8848,22.645,22.8901,23.1287,23.7179,23.4556,23.5249,23.5426,23.537,24.1901,24.4108,24.8443,25.598,26.2431,27.3116,27.8214,27.7163,27.5986,27.9103,28.5162,28.4727,27.9347,27.3208,27.1731,27.4569,26.9527,27.0235,27.7017,26.6091,23.6676,24.1281,24.7635,27.0089,23.295,25.6579,26.6235,26.4261,23.813,22.9972,23.9432,24.5624,22.8595,21.8241,23.4248,24.0819,23.8865,23.6804,25.0972,25.8385,24.017,24.1817,24.7745,25.7447,24.5913,24.3242,26.3863,25.458,23.3652,24.8816,25.6302,25.2466,23.9939,24.934,26.5942,26.5606,24.7567,24.8518,23.2544,21.8216,22.9524,22.603,24.0382,24.2579,22.5109,23.2054,23.9518,23.7702,23.8113,23.5139,24.1884,23.6866,23.1943,22.7956,24.3293,24.8173,24.4237,32.1204,23.8716,24.0778,25.2436,23.9971,23.8232,23.845,23.8793,24.4523,24.6656,25.2238,24.6718,24.6354,25.3224,23.3005,23.052,22.3125,22.8417
Operating Margin,OPER_MARGIN,8.9836,8.8585,9.1538,9.4196,13.3888,15.0346,13.7075,12.5855,11.6429,12.1875,11.0576,7.1238,10.5242,10.3756,10.8329,11.3917,12.6953,13.0557,13.7395,14.1607,12.9631,12.4255,12.387,1.0597,8.3519,3.9112,5.7742,5.8296,6.2576,6.3027,6.3199,6.2868,3.5723,-16.0331,4.9083,4.6071,4.5956,4.6315,4.8746,5.1683,5.354,5.5172,5.7553,6.0729,6.4261,6.6059,6.6655,6.9934,8.016,8.6048,9.1564,9.114,9.362,10.0042,10.5416,10.767,10.7564,10.8571,11.0762,13.9473,10.7488,11.0906,11.3924,9.6671,8.3784,9.3321,10.3673,11.0371,8.3058,10.9158,11.537,10.8955,8.4368,3.3199,7.9282,6.2531,7.5804,6.6497,7.7253,7.2301,8.6923,8.1714,9.0629,7.499,8.7331,8.3181,8.1883,8.0028,8.4928,8.1643,9.5597,7.303,7.0501,7.8959,8.5913,7.8799,6.4779,7.8345,8.8617,8.2703,7.3834,7.9833,7.2742,5.6607,6.6477,6.8904,7.7334,6.7045,7.0049,7.4541,8.1237,7.6391,7.344,7.4956,8.1158,7.6981,8.0122,7.829,8.3081,8.366,7.7552,14.8717,7.1427,5.3722,9.6003,8.3818,7.8964,7.5139,8.6713,8.8782,9.2244,8.3238,8.7957,8.6725,9.2312,8.1428,7.9472,7.9662,8.6372
Profit Margin,PROF_MARGIN,5.1792,5.1774,5.8356,6.0955,8.6718,9.7854,8.9367,8.1813,7.4506,7.8643,7.1663,4.3054,6.5766,6.5476,6.8605,7.2,7.7912,152.1856,8.4489,8.6936,8.1019,7.7619,7.7061,0.5919,5.1312,2.0191,3.5259,3.5501,3.8188,3.9481,3.9238,3.8965,3.2078,-13.3412,3.0963,2.8418,2.7449,2.7789,2.937,3.145,3.4124,3.2567,3.3898,3.8646,3.7324,3.8362,3.8882,4.103,4.906,5.3472,5.6507,5.672,5.7778,6.1944,6.5764,6.7393,6.8026,6.8474,7.0798,7.0307,6.6553,6.7581,6.8888,6.3954,5.068,5.4918,6.1881,6.609,4.8669,6.4632,6.8687,6.5009,4.8956,1.6624,4.5644,3.5494,4.4719,3.9668,4.7707,4.3335,5.1352,4.8272,5.3955,4.3404,5.2925,5.021,5.0277,4.8541,5.0876,4.9037,5.7029,4.3241,3.9288,4.7224,5.1267,4.5859,3.466,4.3225,4.8903,4.5165,3.9518,4.3708,3.8492,2.7936,3.618,3.7733,4.2512,3.5427,4.4579,4.5632,4.9382,6.9476,5.1388,5.2099,5.6369,5.204,5.7488,5.4344,5.8624,5.8144,5.2498,10.6811,4.8714,3.3788,6.9263,5.9814,5.6486,5.5205,6.2721,6.3113,6.5048,5.7509,6.1035,5.8922,6.3241,5.7769,-1.4119,4.2648,6.0058
Sales per Employee,ACTUAL_SALES_PER_EMPL,,,,58103.4483,,,,81335.9375,,,,,,,,127323.0732,,,,,,,,76967.0877,,,,96258.9928,,,,103175.6757,,,,19435146.4435,,,,,,,,,,,,,,,,,,,,,,,,262775,,,,221181.8182,,,,313051.7241,,,,279179.1045,,,,272720,,,,,,,,,,,,,,,,,,,,,,,,196664.7059,,,,217995,,,,206673.913,,,,200234.6154,,,,194723.3333,,,,187387.6923,,,,198384.8485,,,,210694.2857,,,,206967.5,,,,214606.8182,,,
,,#N/A Mandatory parameter [FIELDS] cannot be empty,,,,,,,,,,,,,,,,,,,,,,,,,,,,,,,,,,,,,,,,,,,,,,,,,,,,,,,,,,,,,,,,,,,,,,,,,,,,,,,,,,,,,,,,,,,,,,,,,,,,,,,,,,,,,,,,,,,,,,,,,,,,,,,,,,,,,,,,,,
Returns,,#N/A Mandatory parameter [FIELDS] cannot be empty,,,,,,,,,,,,,,,,,,,,,,,,,,,,,,,,,,,,,,,,,,,,,,,,,,,,,,,,,,,,,,,,,,,,,,,,,,,,,,,,,,,,,,,,,,,,,,,,,,,,,,,,,,,,,,,,,,,,,,,,,,,,,,,,,,,,,,,,,,
Return on Common Equity,RETURN_COM_EQY,,,,,27.7346,30.3874,30.38,33.6828,21.5972,22.5173,23.7678,25.1758,24.7961,26.8679,26.8695,23.5103,27.5581,96.7848,91.9078,85.8167,85.9583,12.2489,12.2562,9.3182,9.5033,7.6737,7.1534,9.326,8.6021,9.8924,10.1948,10.3168,10.5625,-5.478,-4.9453,-4.5264,-4.3398,12.5467,13.2838,14.3779,16.0358,16.3976,17.9101,19.4967,20.8009,22.6544,23.7656,24.0961,26.104,28.9978,30.213,32.5039,35.2104,36.3762,37.268,38.1959,33.8617,36.1801,29.7856,32.6538,,,,21.6599,,,,21.6647,21.8009,22.8474,23.0947,22.773,23.1269,18.9281,17.0999,14.5778,14.426,17.0407,16.8478,17.2216,17.6347,18.5147,18.6976,18.7494,18.821,18.9033,18.4245,19.0033,18.7057,18.5202,19.0722,18.5842,17.587,17.8715,17.4874,17.7649,17.2052,17.1155,17.134,17.3955,18.4177,18.5278,18.5794,17.5397,17.9307,17.8083,18.5145,19.4636,19.6647,20.3854,20.7957,24.5392,25.0894,25.9365,26.3629,24.0992,25.4178,25.6184,25.4043,25.3202,25.3061,29.2957,27.834,25.0238,27.3673,21.8821,22.7675,25.1874,25.0772,25.7399,26.8141,26.9106,26.8747,27.2058,27.2552,26.8796,18.2869,16.4263,15.5303
Return on Assets,RETURN_ON_ASSET,,,,,12.6641,15.1093,15.9705,17.2616,13.9139,14.9363,15.042,15.5769,15.8264,17.7752,17.7267,14.6761,17.4691,61.8366,67.3204,63.1142,63.934,8.8054,9.621,5.9264,6.2439,5.3832,5.1608,5.4036,5.13,6.0319,6.2496,6.2885,5.9728,-2.4716,-2.216,-1.9164,-1.7855,5.729,5.8078,5.6874,6.2112,6.4285,6.7463,6.9024,7.1983,7.537,7.7642,7.7573,8.4275,8.9743,9.4541,10.1463,10.9245,11.3745,11.8634,11.4787,11.1964,11.9426,11.0049,11.3682,,,,8.9349,,,,9.3385,8.7841,8.9527,9.5762,9.3813,9.0309,7.1374,6.6578,5.5794,5.4129,6.3403,6.4846,6.6551,6.969,7.3817,7.5287,7.59,7.67,7.7968,7.3574,7.8533,7.5117,7.5283,7.7694,7.4287,6.8414,7.066,7.0876,6.9117,6.5956,6.6447,6.6185,6.6788,6.8062,6.9083,6.3036,5.8825,5.7917,5.8571,5.6495,5.9958,5.9432,6.2926,6.5323,8.0636,7.6672,8.1036,8.619,8.2299,7.9661,8.0718,8.2132,8.4873,7.8535,9.5073,9.1763,8.2995,8.5649,7.206,7.6364,8.4421,8.1846,8.2885,8.5199,8.7877,8.201,8.2722,8.2597,8.6176,5.4099,4.9815,4.9252
Return on Capital,RETURN_ON_CAP,,,,,23.829,26.9828,29.9497,33.2755,21.6807,22.5912,23.851,25.7212,25.4256,27.5602,27.5651,23.8671,23.1473,96.8217,91.9275,85.7767,78.7974,12.2659,12.2774,8.8778,9.2938,7.7706,7.4522,8.8233,8.1899,9.3359,,,,,,,,11.637,12.2409,12.4819,14.1088,14.564,15.5602,16.0369,17.4142,18.4846,18.8822,18.7293,20.5948,22.1085,22.8577,24.1779,26.1489,27.3797,28.0386,28.3701,25.6782,27.5736,22.6129,24.4726,,,,16.3623,,,,16.8318,17.0088,17.4501,17.8672,16.8546,16.6683,13.6135,12.6104,10.4829,10.18,11.7634,11.8951,12.2441,12.9068,13.4649,13.7403,13.7594,13.9283,14.1367,13.7065,14.2223,13.8368,13.9708,14.2725,13.5009,12.6779,13.1441,12.9141,12.6335,12.0327,12.1038,11.9653,12.094,12.6245,12.8173,11.1808,10.779,11.0981,11.3734,10.5577,11.1265,11.2096,12.0583,12.9904,15.1599,15.171,15.9071,17.0871,15.263,15.5801,15.2049,15.2939,15.6212,14.8096,17.1992,16.5404,15.1238,16.1071,13.733,14.5899,15.5389,15.9123,15.8401,16.8888,16.1696,16.1721,16.4656,17.1715,16.3251,11.2263,10.5335,10.5576
Return on Invested Capital,RETURN_ON_INV_CAPITAL,,,,,23.8246,26.9788,29.946,31.9326,21.6807,22.5914,23.8511,25.5317,25.4242,27.5592,27.5544,23.7276,23.1404,15.7589,16.1715,16.0428,15.5208,12.2776,12.2886,8.871,9.3035,8.0241,7.6986,9.0458,8.4064,9.3359,9.6353,9.7722,8.7187,,,,,11.5309,12.1151,12.3321,13.9238,14.2409,15.2021,15.2799,16.5812,17.5642,17.9886,18.1196,19.8888,21.081,21.7349,22.7298,24.7722,25.7752,26.1675,26.4576,24.0833,26.0334,21.2581,26.1044,,,,15.3259,,,,16.3728,17.0085,17.1054,17.8671,16.3828,16.6687,13.6214,12.6169,10.1261,10.1863,11.7638,11.8942,12.0081,12.9106,13.4695,13.7438,13.4761,13.9276,14.1359,13.7061,13.8621,13.837,13.9707,14.2728,13.02,12.678,13.1444,12.9139,12.1644,12.0313,12.1037,11.9667,11.6999,12.6246,12.8171,11.1812,10.3519,11.0979,11.372,10.5554,10.6401,11.2102,12.0593,12.9889,14.4925,15.0822,15.8202,16.9942,14.7604,15.5803,15.2051,15.294,15.1137,14.8097,17.2041,16.5427,14.6128,16.1054,13.7286,14.5861,15.0154,15.9135,15.8416,16.8902,15.7216,16.1738,16.4668,17.1714,15.9389,-5826.0465,-5820.6686,-5687.8683
,,#N/A Mandatory parameter [FIELDS] cannot be empty,,,,,,,,,,,,,,,,,,,,,,,,,,,,,,,,,,,,,,,,,,,,,,,,,,,,,,,,,,,,,,,,,,,,,,,,,,,,,,,,,,,,,,,,,,,,,,,,,,,,,,,,,,,,,,,,,,,,,,,,,,,,,,,,,,,,,,,,,,
Margins,,#N/A Mandatory parameter [FIELDS] cannot be empty,,,,,,,,,,,,,,,,,,,,,,,,,,,,,,,,,,,,,,,,,,,,,,,,,,,,,,,,,,,,,,,,,,,,,,,,,,,,,,,,,,,,,,,,,,,,,,,,,,,,,,,,,,,,,,,,,,,,,,,,,,,,,,,,,,,,,,,,,,
Gross Margin,GROSS_MARGIN,38.6093,34.8182,36.0834,37.2338,37.5378,40.3662,36.7905,34.4048,31.721,32.8043,30.1667,24.9177,27.6069,27.3296,27.8391,29.8891,30.3222,30.5706,29.3869,29.2473,29.0201,28.8255,28.2327,33.8558,31.6094,26.9336,28.2525,28.3632,27.6065,27.7052,27.5373,27.4394,23.4022,18.8902,23.0734,22.8848,22.645,22.8901,23.1287,23.7179,23.4556,23.5249,23.5426,23.537,24.1901,24.4108,24.8443,25.598,26.2431,27.3116,27.8214,27.7163,27.5986,27.9103,28.5162,28.4727,27.9347,27.3208,27.1731,27.4569,26.9527,27.0235,27.7017,26.6091,23.6676,24.1281,24.7635,27.0089,23.295,25.6579,26.6235,26.4261,23.813,22.9972,23.9432,24.5624,22.8595,21.8241,23.4248,24.0819,23.8865,23.6804,25.0972,25.8385,24.017,24.1817,24.7745,25.7447,24.5913,24.3242,26.3863,25.458,23.3652,24.8816,25.6302,25.2466,23.9939,24.934,26.5942,26.5606,24.7567,24.8518,23.2544,21.8216,22.9524,22.603,24.0382,24.2579,22.5109,23.2054,23.9518,23.7702,23.8113,23.5139,24.1884,23.6866,23.1943,22.7956,24.3293,24.8173,24.4237,32.1204,23.8716,24.0778,25.2436,23.9971,23.8232,23.845,23.8793,24.4523,24.6656,25.2238,24.6718,24.6354,25.3224,23.3005,23.052,22.3125,22.8417
Operating Margin,OPER_MARGIN,8.9836,8.8585,9.1538,9.4196,13.3888,15.0346,13.7075,12.5855,11.6429,12.1875,11.0576,7.1238,10.5242,10.3756,10.8329,11.3917,12.6953,13.0557,13.7395,14.1607,12.9631,12.4255,12.387,1.0597,8.3519,3.9112,5.7742,5.8296,6.2576,6.3027,6.3199,6.2868,3.5723,-16.0331,4.9083,4.6071,4.5956,4.6315,4.8746,5.1683,5.354,5.5172,5.7553,6.0729,6.4261,6.6059,6.6655,6.9934,8.016,8.6048,9.1564,9.114,9.362,10.0042,10.5416,10.767,10.7564,10.8571,11.0762,13.9473,10.7488,11.0906,11.3924,9.6671,8.3784,9.3321,10.3673,11.0371,8.3058,10.9158,11.537,10.8955,8.4368,3.3199,7.9282,6.2531,7.5804,6.6497,7.7253,7.2301,8.6923,8.1714,9.0629,7.499,8.7331,8.3181,8.1883,8.0028,8.4928,8.1643,9.5597,7.303,7.0501,7.8959,8.5913,7.8799,6.4779,7.8345,8.8617,8.2703,7.3834,7.9833,7.2742,5.6607,6.6477,6.8904,7.7334,6.7045,7.0049,7.4541,8.1237,7.6391,7.344,7.4956,8.1158,7.6981,8.0122,7.829,8.3081,8.366,7.7552,14.8717,7.1427,5.3722,9.6003,8.3818,7.8964,7.5139,8.6713,8.8782,9.2244,8.3238,8.7957,8.6725,9.2312,8.1428,7.9472,7.9662,8.6372
Incremental Operating Margin,INCREMENTAL_OPERATING_MARGIN,,,,,24.9565,40.4777,24.8741,18.3983,9.6343,8.9513,8.48,5.3609,9.5417,8.8634,10.5466,,21.041,25.3597,28.4691,30.3641,14.1712,9.7158,7.3846,,4.1601,,,27.5175,,19.9,10.1203,9.5238,,,1.9271,1.3828,10.6628,145.1043,4.6041,12.6801,17.931,17.4033,15.0215,16.2896,15.8348,16.1889,15.2098,15.529,35.1351,52.4528,57.5163,28.3988,17.7755,18.4341,19.2735,23.9001,19.0761,14.5949,12.5525,21.9545,10.7285,11.8505,13.1699,,4.2543,6.2461,8.4946,13.8184,7.4352,35.796,41.1848,6.2044,10.4216,,,,,55.4591,5.0682,22.2556,29.2683,28.6513,23.7709,10.1069,9.1559,10.0508,,14.4221,5.1892,6.2531,26.7062,0.9464,,5.5679,0.6321,14.9489,,6.9714,12.74,13.5147,14.4763,9.2979,1.3173,,3.6484,3.0131,11.6986,18.2673,10.796,14.7982,12.6086,17.4547,9.8995,7.8402,8.0526,8.1812,15.2148,11.976,11.1726,24.0741,3.9874,291.4452,,,30.1818,,14.6912,24.4563,2.12,12.8066,20.4511,14.927,9.6418,7.3582,9.2788,6.8557,,,2.1516
Pretax Margin,PRETAX_INC_TO_NET_SALES,7.9451,7.9998,8.9121,9.2279,13.2065,14.8605,13.5752,12.4699,11.5281,12.1296,11.0102,6.9202,10.435,10.2651,10.7526,11.2964,12.6324,9.1696,13.6963,14.0974,12.9468,12.3473,12.375,1.0566,8.3411,3.3002,5.771,5.8296,6.2532,6.3027,6.3199,6.2868,3.5723,-16.0331,4.9083,4.521,4.3668,4.4051,4.6706,4.8277,5.0206,5.2107,5.42,6.1833,6.0211,6.193,6.2784,6.5947,7.6168,8.2757,8.7722,8.7848,9.0323,9.6656,10.21,10.448,10.4617,10.5354,10.7313,13.5477,10.3099,10.6073,10.8585,10.0452,7.912,8.6828,9.6494,10.3266,7.6968,10.2158,10.7768,10.0775,7.6783,2.5109,7.1046,5.4953,6.9851,6.0079,7.0938,6.569,8.1533,7.6599,8.5601,7.0079,8.2691,7.8466,7.678,7.4664,7.9503,7.6032,8.981,6.7017,6.4634,7.3172,8.0101,7.3143,5.9733,7.3586,8.3977,7.8186,6.9639,7.5669,6.7223,5.0643,6.066,6.3074,7.1523,6.1407,6.4241,6.8527,7.5394,7.0475,6.7478,6.8823,7.4917,7.0579,7.3489,7.1392,7.5641,7.6485,7.0769,14.1797,6.5361,4.7596,9.0347,7.807,7.313,6.9295,8.1311,8.2968,8.5865,7.5072,7.9755,7.7812,8.3282,7.2638,0.001,5.7306,7.5521
Income before XO Margin,INC_BEF_XO_ITEMS_TO_NET_SALES,5.2439,5.2786,5.8828,6.0908,8.7164,9.8079,8.9603,8.2298,7.4932,7.8843,7.1973,4.4302,6.6591,6.5927,6.9161,7.2708,7.866,5.6536,8.4906,8.7401,8.1564,7.7619,7.7963,0.6657,5.1715,2.0131,3.5203,3.5501,3.8145,3.9481,3.9238,3.8965,1.7011,-13.3412,3.0963,2.8418,2.7449,2.7789,2.937,3.145,3.4124,3.2567,3.3898,3.8646,3.7324,3.8362,3.8882,4.103,4.906,5.3472,5.6507,5.672,5.7778,6.1944,6.5764,6.7393,6.8026,6.8474,7.0798,9.6756,6.6553,6.7581,6.8888,6.3954,5.068,5.4918,6.1881,6.609,4.8669,6.4632,6.8687,6.5009,4.8956,1.6624,4.5644,3.5494,4.4719,3.9668,4.7707,4.3335,5.1352,4.8272,5.3955,4.3404,5.2925,5.021,5.0277,4.8541,5.0876,4.9037,5.7029,4.3241,4.087,4.7224,5.1267,4.5859,3.466,4.3225,4.8903,4.5165,3.9518,4.3708,3.8998,2.8716,3.654,3.7862,4.2728,3.5931,4.4968,4.695,5.0892,7.1474,5.2983,5.3668,5.8066,5.4162,5.8981,5.5863,6.0132,6.0229,5.3787,10.776,5.0004,3.5926,7.0916,6.13,5.7937,5.6833,6.423,6.4719,6.6556,5.9285,6.2808,6.0891,6.5374,6.0099,-1.2235,4.4722,6.2071
Net Income Margin,PROF_MARGIN,5.1792,5.1774,5.8356,6.0955,8.6718,9.7854,8.9367,8.1813,7.4506,7.8643,7.1663,4.3054,6.5766,6.5476,6.8605,7.2,7.7912,152.1856,8.4489,8.6936,8.1019,7.7619,7.7061,0.5919,5.1312,2.0191,3.5259,3.5501,3.8188,3.9481,3.9238,3.8965,3.2078,-13.3412,3.0963,2.8418,2.7449,2.7789,2.937,3.145,3.4124,3.2567,3.3898,3.8646,3.7324,3.8362,3.8882,4.103,4.906,5.3472,5.6507,5.672,5.7778,6.1944,6.5764,6.7393,6.8026,6.8474,7.0798,7.0307,6.6553,6.7581,6.8888,6.3954,5.068,5.4918,6.1881,6.609,4.8669,6.4632,6.8687,6.5009,4.8956,1.6624,4.5644,3.5494,4.4719,3.9668,4.7707,4.3335,5.1352,4.8272,5.3955,4.3404,5.2925,5.021,5.0277,4.8541,5.0876,4.9037,5.7029,4.3241,3.9288,4.7224,5.1267,4.5859,3.466,4.3225,4.8903,4.5165,3.9518,4.3708,3.8492,2.7936,3.618,3.7733,4.2512,3.5427,4.4579,4.5632,4.9382,6.9476,5.1388,5.2099,5.6369,5.204,5.7488,5.4344,5.8624,5.8144,5.2498,10.6811,4.8714,3.3788,6.9263,5.9814,5.6486,5.5205,6.2721,6.3113,6.5048,5.7509,6.1035,5.8922,6.3241,5.7769,-1.4119,4.2648,6.0058
Net Income to Common Margin,NET_INCOME_TO_COMMON_MARGIN,5.1792,5.1774,5.8356,6.0955,8.6718,9.7854,8.9367,8.1813,7.4506,7.8643,7.1663,4.3054,6.5766,6.5476,6.8605,7.2,7.7912,152.1856,8.4489,8.6936,8.1019,7.7619,7.7061,0.2642,4.8211,1.7307,3.2481,3.2885,3.5667,3.7024,3.6804,3.6673,3.0377,-13.5065,2.9358,2.6911,2.7449,2.7789,2.937,3.145,3.4124,3.2567,3.3898,3.8646,3.7324,3.8362,3.8882,4.103,4.906,5.3472,5.6507,5.672,5.7778,6.1944,6.5764,6.7393,6.8026,6.8474,7.0798,7.0307,6.6553,6.7581,6.8888,6.3954,5.068,5.4918,6.1881,6.609,4.8669,6.4632,6.8687,6.5009,4.8956,1.6624,4.5644,3.5494,4.4719,3.9668,4.7707,4.3335,5.1352,4.8272,5.3955,4.3404,5.2925,5.021,5.0277,4.8541,5.0876,4.9037,5.7029,4.3241,3.9288,4.7224,5.1267,4.5859,3.466,4.3225,4.8903,4.5165,3.9518,4.3708,3.8492,2.7936,3.618,3.7733,4.2512,3.5427,4.4579,4.5632,4.9382,6.9476,5.1388,5.2099,5.6369,5.204,5.7488,5.4344,5.8624,5.8144,5.2498,10.6811,4.8714,3.3788,6.9263,5.9814,5.6486,5.5205,6.2721,6.3113,6.5048,5.7509,6.1035,5.8922,6.3241,5.7769,-1.4119,4.2648,6.0058
,,#N/A Mandatory parameter [FIELDS] cannot be empty,,,,,,,,,,,,,,,,,,,,,,,,,,,,,,,,,,,,,,,,,,,,,,,,,,,,,,,,,,,,,,,,,,,,,,,,,,,,,,,,,,,,,,,,,,,,,,,,,,,,,,,,,,,,,,,,,,,,,,,,,,,,,,,,,,,,,,,,,,
Additional,,#N/A Mandatory parameter [FIELDS] cannot be empty,,,,,,,,,,,,,,,,,,,,,,,,,,,,,,,,,,,,,,,,,,,,,,,,,,,,,,,,,,,,,,,,,,,,,,,,,,,,,,,,,,,,,,,,,,,,,,,,,,,,,,,,,,,,,,,,,,,,,,,,,,,,,,,,,,,,,,,,,,
Effective Tax Rate,EFF_TAX_RATE,33.9986,34.0156,33.9916,33.9958,33.9989,34.0001,33.9951,34.003,35.0004,34.9996,34.6308,35.9823,36.1845,35.7756,35.6799,35.6363,37.7314,38.3435,38.0081,38.0022,37.0006,37.1366,36.9992,37.0006,38.0001,39.0003,39.0005,39.1026,39,37.3579,37.9144,38.0208,52.381,,36.9159,37.1429,37.1429,36.9159,37.1179,34.8548,32.0313,37.5,37.457,37.5,38.0117,38.0556,38.0697,37.7834,35.5895,35.3877,35.5839,35.4344,36.0317,35.9124,35.5886,35.4962,34.9765,35.0055,34.0265,28.5815,35.4474,36.2883,36.5583,36.3339,35.9454,36.7505,35.8708,36,36.7667,36.7336,36.2643,35.4907,36.2412,33.7917,35.7542,35.4093,35.9792,33.9739,32.7485,34.0321,37.0175,36.9809,36.9694,38.0641,35.9962,36.0101,34.5183,34.9871,36.0074,35.5041,36.5008,35.4772,36.767,35.4607,35.9967,37.3023,41.9747,41.2599,41.7666,42.2341,43.253,42.2376,41.9864,43.2971,39.7631,39.9727,40.2597,41.4868,30,31.4869,32.4987,,21.4823,22.0207,22.4923,23.2598,19.7428,21.7522,20.5038,21.2538,23.9965,24.0041,23.4962,24.5186,21.5074,21.4799,20.775,17.9843,21.0066,21.9955,22.4878,21.0298,21.2493,21.7457,21.5029,17.262,122200,21.9594,17.8093
