Unnamed: 0,Unnamed: 1,Unnamed: 2,Unnamed: 3,Unnamed: 4,Unnamed: 5,Unnamed: 6,Unnamed: 7,Unnamed: 8,Unnamed: 9,Unnamed: 10,Unnamed: 11,Unnamed: 12,Unnamed: 13,Unnamed: 14,Unnamed: 15,Unnamed: 16,Unnamed: 17,Unnamed: 18,Unnamed: 19,Unnamed: 20,Unnamed: 21,Unnamed: 22,Unnamed: 23,Unnamed: 24,Unnamed: 25,Unnamed: 26,Unnamed: 27,Unnamed: 28,Unnamed: 29,Unnamed: 30,Unnamed: 31,Unnamed: 32,Unnamed: 33,Unnamed: 34,Unnamed: 35,Unnamed: 36,Unnamed: 37,Unnamed: 38,Unnamed: 39,Unnamed: 40,Unnamed: 41,Unnamed: 42,Unnamed: 43,Unnamed: 44,Unnamed: 45,Unnamed: 46,Unnamed: 47,Unnamed: 48,Unnamed: 49,Unnamed: 50,Unnamed: 51
Johnson & Johnson (JNJ US) - By Measure,,,,,,,,,,,,,,,,,,,,,,,,,,,,,,,,,,,,,,,,,,,,,,,,,,,
,,,,,,,,,,,,,,,,,,,,,,,,,,,,,,,,,,,,,,,,,,,,,,,,,,,
date,,FY 2001,,FY 2002,,FY 2003,,FY 2004,,FY 2005,,FY 2006,,FY 2007,,FY 2008,,FY 2009,,FY 2010,,FY 2011,,FY 2012,,FY 2013,,FY 2014,,FY 2015,,FY 2016,,FY 2017,,FY 2018,,FY 2019,,FY 2020,,FY 2021,,FY 2022,,FY 2023,,FY 2024 Est,,FY 2025 Est,
date,,12/30/2001,,12/29/2002,,12/28/2003,,01/02/2005,,01/01/2006,,12/31/2006,,12/30/2007,,12/28/2008,,01/03/2010,,01/02/2011,,01/01/2012,,12/30/2012,,12/29/2013,,12/28/2014,,01/03/2016,,01/01/2017,,12/31/2017,,12/30/2018,,12/29/2019,,01/03/2021,,01/02/2022,,01/01/2023,,12/31/2023,,12/31/2024,,12/31/2025,
Revenue,,32317,1.0,36298,1.0,41862,1.0,47348,1.0,50514,1.0,53324,1.0,61095,1.0,63747,1.0,61897,1.0,61587,1.0,65030,1.0,67224,1.0,71312,1.0,74331,1.0,70074,1.0,71890,1.0,76450,1.0,81581,1.0,82059,1.0,82584,1.0,93775,1.0,79989,1.0,85159,1.0,88754.952,1.0,91264.048,1.0
  Innovative Medicine,,14851,0.459541417829625,17151,0.472505372196815,19517,0.466222349624958,22128,0.467348145645011,22322,0.441897295799184,23267,0.436332608206436,24866,0.40700548326377,24567,0.385382841545485,22520,0.363830234098583,22396,0.363648172503937,24368,0.374719360295248,25351,0.377112340830656,28125,0.394393650437514,32313,0.434717681720951,31430,0.448525844107658,33464,0.465488941438309,36256,0.474244604316547,40734,0.499307436780623,42201,0.514276313384272,45572,0.551826019567955,51680,0.551106371634231,52563,0.657127855080074,54759,0.64302070245071,,,,
    Immunology,,—,,—,,—,,—,,—,,—,,—,,—,,—,,5398,0.0876483673502525,6798,0.104536367830232,7874,0.117130786623825,9190,0.128870316356293,10193,0.137129865063029,10402,0.148443074464138,11968,0.16647656141327,12244,0.160156965336821,13120,0.16082175996862,13955,0.170060566177994,15055,0.18229923471859,16750,0.17861903492402,16935,0.211716611034017,18052,0.211979943399993,,,,
      Stelara,,—,,—,,—,,—,,—,,—,,—,,—,,—,,393,0.00638121681523698,738,0.0113486083346148,1025,0.0152475306438177,1504,0.0210904195647296,2072,0.0278753144717547,2474,0.0353055341496133,3232,0.0449575740714981,4011,0.0524656638325703,5156,0.0632009904266925,6361,0.0775173960199369,7707,0.093323161871549,9134,0.0974033591042389,9723,0.121554213704384,10858,0.127502671473362,8606.5,0.0969692372770367,6788,0.0743775906148717
      Tremfya,,—,,—,,—,,—,,—,,—,,—,,—,,—,,—,,—,,—,,—,,—,,—,,—,,63,0.000824068018312623,544,0.00666821931577205,1012,0.0123325899657563,1347,0.0163106655042139,2127,0.0226819514796054,2668,0.0333545862556101,3147,0.0369544029403821,3036,0.034206542075534,4360.5,0.0477789457684367
      Simponi/Simponi Aria,,—,,—,,—,,—,,—,,—,,—,,—,,—,,226,0.00366960559858412,410,0.00630478240811933,607,0.00902951326907057,932,0.0130693291451649,1187,0.0159691111380178,1328,0.0189513942403745,1745,0.0242731951592711,1833,0.0239764551994768,2084,0.0255451637023326,2188,0.0266637419417736,2243,0.0271602247408699,2276,0.0242708611037057,2184,0.0273037542662116,2197,0.0257987998919668,1567.5,0.0176609863976942,1104,0.0120967678312932
      Remicade,,—,,—,,—,,2145,0.0453028639013263,2535,0.0501841073761729,3013,0.0565036381366739,3327,0.0544561748097226,3748,0.0587949236826831,4304,0.0695348724493917,4610,0.0748534593339504,5492,0.0844533292326618,6139,0.0913215518267286,6673,0.0935747139331389,6868,0.0923975192046387,6561,0.0936295915746211,6966,0.0968980386701906,6315,0.0826030085022891,5326,0.0652848089628713,4384,0.053424974713316,3747,0.0453719848881139,3190,0.0340175953079179,2343,0.0292915275850429,1839,0.0215948989537219,779.5,0.00878260854673213,694,0.00760430876351222
      Other Immunology,,—,,—,,—,,—,,—,,—,,—,,—,,—,,169,0.00274408560248104,158,0.00242964785483623,103,0.00153219088420802,81,0.00113585371326004,66,0.00088792024861767,39,0.000556554499529069,25,0.000347753512310474,22,0.000287769784172662,10,0.000122577560951692,10,0.000121863537211031,11,0.000133197713842875,23,0.000245267928552386,17,0.000212529222768131,11,0.000129170140560598,,,,
    Oncology,,—,,—,,—,,—,,—,,—,,—,,—,,—,,1465,0.0237874876191404,2048,0.0314931570044595,2629,0.0391080566464358,3773,0.0529083464213597,4457,0.0599615234558932,4695,0.0670005993663841,5807,0.080776185839477,7258,0.0949378678875082,9844,0.120665351000846,10692,0.130296493986034,12369,0.149774774774775,14548,0.155137296720874,15983,0.199814974559002,17661,0.207388532040066,,,,
      Darzalex,,—,,—,,—,,—,,—,,—,,—,,—,,—,,—,,—,,—,,—,,0,,20,0.000285412563861061,572,0.00795660036166365,1242,0.0162459123610203,2025,0.0248219560927177,2998,0.0365346884558671,4190,0.0507362200910588,6023,0.0642282058117835,7977,0.0997262123541987,9744,0.114421259056588,8977,0.101143652243764,13369,0.146487037261376
      Imbruvica,,—,,—,,—,,—,,—,,—,,—,,—,,—,,—,,—,,—,,—,,200,0.00269066742005354,689,0.00983246282501356,1251,0.0174015857560161,1893,0.024761281883584,2615,0.0320540321888675,3411,0.0415676525426827,4128,0.0499854693403081,4369,0.0465902426019728,3784,0.0473065046443886,3264,0.0383283035263448,2619.5,0.0295138461682679,2512.5,0.0275300083117067
      Erleada,,—,,—,,—,,—,,—,,—,,—,,—,,—,,—,,—,,—,,—,,—,,—,,—,,—,,—,,332,0.00404586943540623,760,0.00920275113823501,1291,0.0137669954678752,1881,0.0235157334133443,2387,0.0280299205016499,2158.5,0.0243197697859157,3704,0.0405855326513678
      Zytiga / Abiraterone Acetate,,—,,—,,—,,—,,—,,—,,—,,—,,—,,0,,301,0.0046286329386437,961,0.0142954897060574,1698,0.0238108593224142,2237,0.0300951150932989,2231,0.0318377714987014,2260,0.0314369175128669,2505,0.0327665140614781,3498,0.0428776308209019,2795,0.0340608586504832,2470,0.0299089411992638,2297,0.024494801386297,1770,0.0221280426058583,887,0.0104158104252046,341,0.00384203914616505,439.5,0.00481569697631646
      Other Oncology,,—,,—,,—,,—,,—,,—,,—,,—,,—,,65,0.00105541753941579,473,0.00727356604644011,85,0.00126442937046293,415,0.0058194974197891,402,0.00540824151430762,422,0.00602220509746839,500,0.00695507024620949,504,0.00659254414650098,590,0.00723207609614984,407,0.00495984596448897,821,0.00994139300590914,568,0.00605705145294588,438,0.00547575291602595,879,0.0103218685047969,,,,
      Carvykti,,—,,—,,—,,—,,—,,—,,—,,—,,—,,—,,—,,—,,—,,—,,—,,—,,—,,—,,—,,—,,—,,133,0.00166272862518596,500,0.00587137002548175,,,,
       Doxil/Caelyx,,—,,—,,—,,—,,—,,—,,—,,—,,—,,320,0.00519590173250848,—,,83,0.00123467809115792,—,,—,,—,,—,,—,,—,,—,,—,,—,,—,,—,,,,,
      Velcade,,—,,—,,—,,—,,—,,—,,—,,—,,933,0.0150734284375656,1080,0.0175361683472161,1274,0.0195909580193757,1500,0.0223134594787576,1660,0.0232779896791564,1618,0.0217674994282332,1333,0.0190227473813397,1224,0.0170260119627208,1114,0.0145716154349248,1116,0.0136796558022088,751,0.00915195164454843,408,0.004940424295263,—,,—,,—,,,,,
    Neuroscience,,—,,—,,—,,—,,—,,—,,—,,—,,—,,6644,0.107879909721207,6948,0.10684299554052,6718,0.099934547185529,6667,0.0934905766210455,6487,0.0872717977694367,6259,0.0893198618603191,5774,0.0803171512032272,5986,0.0782995421844343,6077,0.0744903837903433,6328,0.0771152463471405,6548,0.0792889663857406,6988,0.0745187949880032,6892,0.0861618472539974,7140,0.0838431639638793,,,,
      Invega Sustenna,,—,,—,,—,,—,,—,,—,,—,,—,,—,,152,0.00246805332294153,378,0.00581270182992465,796,0.011841009163394,1248,0.017500560915414,1588,0.0213638993152251,1830,0.0261152495932871,2214,0.0307970510502156,2569,0.0336036625245258,2928,0.0358907098466555,3330,0.0405805578912734,3653,0.0442337498789112,4022,0.0428898960277259,4140,0.051757116603533,4115,0.0483213753097148,3644,0.0410568640722154,4227,0.0463161572670982
      Other Neuroscience,,—,,—,,—,,—,,—,,—,,—,,—,,—,,3249,0.0527546397778752,3220,0.0495156081808396,2874,0.0427525883612995,2736,0.0383666143145614,2470,0.0332297426376613,2065,0.0294688472186546,1804,0.0250938934483238,1821,0.0238194898626553,1749,0.021438815410451,1614,0.0196687749058604,1632,0.019761697181052,1707,0.0182031458277793,1734,0.0216779807223493,1553,0.0182364752991463,,,,
      Concerta/Methylphenidate,,—,,—,,—,,—,,774,0.0153224848556836,930,0.0174405520966169,1028,0.0168262541942876,1247,0.0195617048645426,1326,0.0214226860752541,1319,0.0214168574536834,1268,0.0194986929109642,1073,0.0159615613471379,782,0.0109658963428315,599,0.00805854892306036,821,0.0117161857464966,863,0.0120044512449576,791,0.0103466317854807,663,0.00812689229109719,696,0.00848170218988776,621,0.00751961639058413,667,0.0071127699280192,644,0.00805110702721624,783,0.00919456545990441,,,,
      Spravato,,—,,—,,—,,—,,—,,—,,—,,—,,—,,—,,—,,—,,—,,—,,—,,—,,—,,—,,—,,—,,—,,374,0.00467564290089887,689,0.00809074789511385,,,,
      Invega/Paliperidone,,—,,—,,—,,—,,—,,—,,—,,—,,—,,424,0.00688456979557374,499,0.00767338151622328,550,0.00818160180887778,583,0.00817534215840251,640,0.00861013574417134,573,0.0081770699546194,—,,—,,—,,—,,—,,—,,—,,—,,,,,
      Risperdal Consta,,—,,—,,—,,—,,—,,—,,1128,0.0184630493493739,1309,0.020534299653317,1425,0.0230221173885649,1500,0.0243557893711335,1583,0.024342611102568,1425,0.0211977865048197,1318,0.0184821628898362,1190,0.0160094711493186,970,0.0138425093472615,893,0.0124217554597301,805,0.0105297580117724,737,0.00903396624213971,688,0.00838421136011894,642,0.00777390293519326,592,0.00631298320447881,—,,—,,,,220,0.00247873493300971
    Infectious Diseases,,—,,—,,—,,—,,—,,—,,—,,—,,—,,3033,0.049247406108432,3189,0.0490389051207135,3194,0.0475127930501012,3550,0.0497812429885573,5599,0.075325234424399,3656,0.052173416673802,3208,0.0446237306996801,3154,0.0412557226945716,3304,0.0404996261384391,3412,0.0415798388964038,3574,0.0432771481158578,5825,0.0621167688616369,5449,0.068121866756679,4418,0.0518794255451567,,,,
      Prezista,,—,,—,,—,,—,,—,,—,,—,,—,,592,0.00956427613616169,857,0.0139152743273743,1211,0.0186221743810549,1414,0.0210341544686421,1673,0.0234602871886919,1831,0.0246330602305902,1810,0.025829837029426,1851,0.0257476700514675,1821,0.0238194898626553,1955,0.0239639131660558,2110,0.0257132063515276,2184,0.026445800639349,2083,0.0222127432684617,1943,0.0242908399904987,1854,0.0217710400544863,1748,0.019694675740459,1319.5,0.0144580481461879
      Edurant,,—,,—,,—,,—,,—,,—,,—,,—,,—,,—,,—,,—,,—,,365,0.00491046804159772,410,0.00585095755915175,573,0.00797051050215607,714,0.00933943754087639,816,0.0100023289736581,861,0.0104924505538698,963,0.0116608544027899,994,0.0105998400426553,1008,0.0126017327382515,1150,0.013504151058608,1286,0.0144893323811386,1306.5,0.0143156043220875
      Covid-19 Vaccine,,—,,—,,—,,—,,—,,—,,—,,—,,—,,—,,—,,—,,—,,—,,—,,—,,—,,—,,—,,0,,2385,0.0254332178085844,2179,0.0272412456712798,1117,0.0131166406369262,,,,
      Other Infectious Diseases,,—,,—,,—,,—,,—,,—,,—,,—,,—,,576,0.00935262311851527,1582,0.0243272335844995,1356,0.0201713673687969,981,0.0137564505272605,1101,0.0148121241473948,815,0.0116305619773382,678,0.00943107525386006,619,0.0080967952910399,533,0.00653338399872519,441,0.00537418199100647,427,0.00517049307371888,363,0.00387096774193548,319,0.00398804835664904,297,0.00348759379513616,,,,
      Levaquin/Floxin,,—,,—,,—,,1296,0.0273718002872349,1492,0.0295363661559172,1530,0.0286925211912085,1646,0.0269416482527212,1591,0.0249580372409682,1550,0.0250416013700179,1357,0.0220338707844188,—,,75,0.00111567297393788,—,,—,,—,,—,,—,,—,,—,,—,,—,,—,,—,,,,,
      Intelence,,—,,—,,—,,—,,—,,—,,—,,—,,—,,243,0.00394563787812363,314,0.00482854067353529,349,0.00519159823872427,379,0.00531467354722908,—,,—,,—,,—,,—,,—,,—,,—,,—,,—,,,,,
       Olysio/Sovriad,,—,,—,,—,,—,,—,,—,,—,,—,,—,,—,,—,,—,,—,,2302,0.0309695820048163,621,0.00886206010788595,—,,—,,—,,—,,—,,—,,—,,—,,,,,
      Incivo,,—,,—,,—,,—,,—,,—,,—,,—,,—,,—,,82,0.00126095648162387,—,,517,0.00724983172537581,—,,—,,—,,—,,—,,—,,—,,—,,—,,—,,,,,
    Pulmonary Hypertension,,—,,—,,—,,—,,—,,—,,—,,—,,—,,—,,—,,—,,—,,—,,—,,0,,1327,0.0173577501635056,2573,0.0315392064328704,2623,0.0319648058104535,3148,0.0381187639252155,3450,0.0367901892828579,3417,0.0427183737763943,3815,0.0447985532944257,,,,
      Opsumit,,—,,—,,—,,—,,—,,—,,—,,—,,—,,—,,—,,—,,—,,—,,—,,0,,573,0.00749509483322433,1215,0.0148931736556306,1327,0.0161712913879038,1639,0.0198464593625884,1819,0.0193974940015996,1783,0.022290564952681,1973,0.023168426120551,1516,0.0170807370838305,2232,0.0244565088763102
      Uptravi,,—,,—,,—,,—,,—,,—,,—,,—,,—,,—,,—,,—,,—,,—,,—,,0,,263,0.00344015696533682,663,0.00812689229109719,819,0.00998062369758345,1093,0.0132350092027511,1237,0.0131911490269262,1322,0.0165272724999687,1582,0.0185770147606242,1500,0.0169004654523389,1868,0.0204680818014998
      Other,,—,,—,,—,,—,,—,,—,,—,,—,,—,,—,,—,,—,,—,,—,,—,,0,,88,0.00115107913669065,149,0.00182640565818021,476,0.00580070437124508,416,0.005037295359876,394,0.00420154625433218,312,0.00390053632374451,260,0.00305311241325051,,,,
      Tracleer,,—,,—,,—,,—,,—,,—,,—,,—,,—,,—,,—,,—,,—,,—,,—,,0,,403,0.00527141922825376,546,0.00669273482796239,—,,—,,—,,—,,—,,,,,
    Cardiovascular / Metabolism / Other,,—,,—,,—,,—,,—,,—,,—,,—,,—,,5856,0.0950850017049053,5385,0.0828079347993234,4936,0.073426157324765,4945,0.069343168050258,5577,0.0750292610081931,6418,0.0915888917430145,6396,0.0889692585895117,6287,0.0822367560497057,5816,0.0712911094495042,5191,0.0632593621662462,4878,0.0590671316477768,4461,0.0475713143161824,3887,0.0485941816999837,3671,0.043107598727087,,,,
      Xarelto,,—,,—,,—,,—,,—,,—,,—,,—,,—,,—,,25,0.000384437951714593,—,,864,0.0121157729414404,1522,0.0204759790666075,1868,0.0266575334646231,2288,0.0318264014466546,2500,0.0327011118378025,2477,0.0303624618477342,2313,0.0281870361569115,2345,0.0283953308146857,2438,0.0259984004265529,2473,0.0309167510532698,2365,0.0277715802205287,2171,0.0244606069980185,2348.5,0.0257330246845943
      Other Pharmaceuticals,,—,,—,,—,,—,,—,,—,,—,,—,,—,,2916,0.0473476545374836,2762,0.0424727049054283,2639,0.0392568130429608,2247,0.0315094233789545,2231,0.0300143950706973,2174,0.0310243456916973,1596,0.0222005842259007,1704,0.0222890778286462,1470,0.0180189014598988,1353,0.0164881365846525,1186,0.0143611353288773,1118,0.0119221540922421,1414,0.0176774306467139,1306,0.0153360185065583,,,,
      Aciphex/Pariet,,—,,—,,—,,1116,0.0235701613584523,1169,0.0231420992200182,1239,0.0232353161803316,1357,0.0222113102545217,1158,0.0181655607322698,1096,0.0177068355493804,1006,0.0163346160715735,975,0.0149930801168691,835,0.0124211591098417,470,0.00659075611397801,—,,—,,—,,—,,—,,—,,—,,—,,—,,—,,,,,
      Procrit / Eprex / Epoetin Alfa,,—,,—,,—,,3589,0.0758004561966715,3324,0.0658035396127806,3180,0.0596354362013352,2885,0.0472215402242409,2460,0.0385900512965316,2245,0.0362699323068969,1934,0.0314027310958482,1623,0.0249577118253114,1462,0.0217481851719624,1364,0.0191272156158851,1238,0.0166552313301314,1068,0.0152410309101807,1105,0.015370705244123,972,0.0127141922825376,988,0.0121106630220272,790,0.00962721943967146,552,0.00668410345829701,479,0.00510797120767795,—,,—,,,,,
      Invokana/Invokamet,,—,,—,,—,,—,,—,,—,,—,,—,,—,,—,,—,,—,,—,,586,0.00788365554075689,1308,0.0186659816765134,1407,0.0195715676728335,1111,0.0145323741007194,881,0.0107990831198441,735,0.00895696998501079,795,0.00962656204591688,563,0.00600373233804319,—,,—,,,,309,0.00348149588318182
    Anti-Psychotics,,—,,—,,—,,—,,3552,0.0703171398028269,4183,0.0784449778711274,—,,—,,—,,—,,—,,—,,—,,—,,—,,—,,—,,—,,—,,—,,—,,—,,—,,,,,
    Topamax,,—,,—,,—,,1410,0.0297795049421306,1680,0.0332581066634992,2027,0.0380129022578951,2453,0.0401505851542679,2731,0.0428412317442389,—,,—,,—,,—,,—,,—,,—,,—,,—,,—,,—,,—,,—,,—,,—,,,,,
    Duragesic,,—,,—,,—,,2083,0.0439934104925234,1585,0.0313774399176466,1295,0.0242854999624934,1164,0.019052295605205,1036,0.0162517451801653,—,,—,,—,,—,,—,,—,,—,,—,,—,,—,,—,,—,,—,,—,,—,,,,,
    Risperdal/Risperidone,,—,,—,,—,,3050,0.0644166596265946,—,,—,,3420,0.0559783943039529,2126,0.0333505890473277,—,,—,,—,,—,,—,,—,,—,,—,,—,,—,,—,,—,,—,,—,,—,,,,,
    Other,,—,,—,,—,,6161,0.130121652445721,5075,0.100467197212654,4854,0.0910284299752457,6458,0.105704231115476,7161,0.11233469810344,9049,0.14619448438535,—,,—,,—,,—,,—,,—,,—,,—,,—,,—,,—,,—,,—,,—,,,,,
    Hormonal Contraceptives,,—,,—,,—,,1278,0.0269916363943567,1136,0.0224888149819852,1016,0.0190533343335084,—,,—,,—,,—,,—,,—,,—,,—,,—,,—,,—,,—,,—,,—,,—,,—,,—,,,,,
  Med Tech,,11146,0.344895875235944,12583,0.346658218083641,14914,0.356265825808609,16887,0.356657092168624,19096,0.378033812408441,20283,0.380372815242667,21736,0.355773794909567,23126,0.362777856212841,23574,0.380858523030195,24601,0.399451182879504,25779,0.39641703829002,27426,0.407979293109604,28490,0.399512003589859,27522,0.370262743673568,25137,0.358720780888775,25119,0.349408819029072,26592,0.347835186396337,26994,0.330885868032998,25961,0.316369928953558,22959,0.278007846556234,27060,0.288563049853372,27426,0.342872144919927,30400,0.35697929754929,,,,
    Surgery,,—,,—,,—,,—,,—,,—,,—,,—,,—,,—,,—,,—,,—,,9717,0.130726076603301,9217,0.13153238005537,9296,0.129308666017527,9559,0.125035971223022,9901,0.12136404309827,9501,0.115782546704201,8231,0.0996682166037005,9812,0.104633431085044,9690,0.121141656977834,10037,0.117861881891521,,,,
      General,,—,,—,,—,,—,,—,,—,,—,,—,,—,,6272,0.101839673957166,6637,0.10206058742119,6483,0.0964387718671903,6269,0.0879094682521876,4970,0.0668630853883306,4482,0.0639609555612638,4362,0.0606760328279316,4463,0.058378024852845,4557,0.0558585945256861,5406,0.0658794282162834,4392,0.0531822144725371,5190,0.0553452412689949,5121,0.0640213029291528,5366,0.0630115431134701,,,,
      Advanced,,—,,—,,—,,—,,—,,—,,—,,—,,—,,—,,—,,—,,—,,3237,0.0435484521935666,3275,0.0467363073322488,3517,0.0489219641118375,3756,0.0491301504251145,4002,0.0490555398928672,4095,0.0499031184879172,3839,0.0464860021311634,4622,0.0492881898160491,4569,0.0571203540486817,4671,0.0548503387780505,,,,
      Specialty,,—,,—,,—,,—,,—,,—,,—,,—,,—,,—,,—,,—,,—,,1510,0.0203145390214043,1460,0.0208351171618575,1417,0.0197106690777577,1340,0.0175277959450621,1342,0.0164499086797171,—,,—,,—,,—,,—,,,,,
    Orthopaedics,,—,,—,,—,,—,,—,,—,,—,,—,,—,,5585,0.0906847224251871,5809,0.0893280024604029,7799,0.116015113649887,9509,0.133343616782589,9675,0.13016103644509,9262,0.132174558324057,9334,0.129837251356239,9058,0.118482668410726,8885,0.108910162905579,8839,0.10771518054083,7763,0.09400125932384,8588,0.0915809117568648,8587,0.107352260935879,8942,0.105003581535716,,,,
      Trauma,,—,,—,,—,,—,,—,,—,,—,,—,,—,,—,,—,,—,,—,,2640,0.0355168099447068,2528,0.0360761480720381,2569,0.0357351509250243,2616,0.0342184434270765,2699,0.0330836837008617,2720,0.0331468821214005,2614,0.0316526203622978,2885,0.0307651292988536,2871,0.0358924352098414,2979,0.0349816226118202,,,,
"      Spine, Sports & Other",,—,,—,,—,,—,,—,,—,,—,,—,,—,,—,,—,,—,,—,,4134,0.0556160955725068,3906,0.0557410737220652,3880,0.0539713451105856,3525,0.0461085676913015,3266,0.0400338314068227,3201,0.0390085182612511,2699,0.0326818754238109,2898,0.0309037589976006,2843,0.0355423870782233,2947,0.0346058549301894,,,,
      Hips,,—,,—,,—,,—,,—,,—,,—,,—,,—,,—,,—,,—,,—,,1368,0.0184041651531662,1332,0.0190084767531467,1361,0.0189317012101822,1394,0.0182341399607587,1418,0.01738149814295,1438,0.0175239766509463,1280,0.01549937033808,1480,0.015782458011197,1514,0.01892760254535,1560,0.018318674479503,,,,
      Knees,,—,,—,,—,,—,,—,,—,,—,,—,,—,,—,,—,,—,,—,,1533,0.0206239657747104,1496,0.0213488597768074,1524,0.0211990541104465,1523,0.0199215173315893,1502,0.0184111496549442,1480,0.0180358035072326,1170,0.0141673931996513,1325,0.0141295654492135,1359,0.0169898361024641,1456,0.0170974295142028,,,,
    Interventonal Solutions,,—,,—,,—,,—,,—,,—,,—,,—,,2679,0.043281580690502,2552,0.0414373163167552,2288,0.0351837613409196,1985,0.0295281447102225,2077,0.0291255328696433,2208,0.0297049683173911,2036,0.029054999001056,1849,0.0257198497704827,2296,0.0300327011118378,2646,0.0324340226278177,2997,0.036522502102146,3046,0.0368836578513998,3972,0.042356704878699,4300,0.0537573916413507,6350,0.0745663993236182,,,,
      Electrophysiology,,—,,—,,—,,—,,—,,—,,—,,—,,—,,—,,—,,—,,—,,—,,—,,—,,—,,—,,—,,—,,—,,3937,0.0492192676493018,4688,0.0550499653589168,,,,
      Abiomed,,—,,—,,—,,—,,—,,—,,—,,—,,—,,—,,—,,—,,—,,—,,—,,—,,—,,—,,—,,—,,—,,31,0.000387553288577179,1306,0.0153360185065583,,,,
      Other Interventional Solutions,,—,,—,,—,,—,,—,,—,,—,,—,,—,,—,,—,,—,,—,,—,,—,,—,,—,,—,,—,,—,,—,,332,0.00415057070347173,356,0.004180415458143,,,,
    Vision Care,,—,,—,,—,,1530,0.0323139308946524,1694,0.0335352575523617,1879,0.0352374165478959,2209,0.0361568049758573,2500,0.0392175318054183,2506,0.0404866148601709,2680,0.0435156770097586,2916,0.0448408426879902,2996,0.0445674163989052,2937,0.0411852142696881,2818,0.0379115039485544,2608,0.0372177983274824,2785,0.0387397412713868,4063,0.0531458469587966,4553,0.0558095635013054,4624,0.0563496996063808,3919,0.0474547127772934,4688,0.0499920021327646,4849,0.0606208353648627,5072,0.0595591775384868,,,,
      Contact Lenses/Other,,—,,—,,—,,—,,—,,—,,—,,—,,—,,—,,—,,—,,—,,—,,—,,2785,0.0387397412713868,3036,0.0397122302158273,3302,0.0404751106262488,3392,0.0413361118219817,2994,0.0362539959314153,3440,0.0366835510530525,3543,0.0442935903686757,3702,0.0434716236686668,,,,
      Surgical,,—,,—,,—,,—,,—,,—,,—,,—,,—,,—,,—,,—,,—,,—,,—,,0,,1027,0.0134336167429693,1251,0.0153344528750567,1232,0.015013587784399,925,0.0112007168458781,1248,0.0133084510797121,1306,0.016327244996187,1370,0.01608755386982,,,,
    Other,,—,,—,,—,,63,0.00133057362507392,59,0.00116799303163479,60,0.00112519690945916,—,,—,,—,,—,,—,,—,,—,,—,,—,,—,,—,,—,,—,,—,,—,,—,,—,,,,,
    Infection Prevention/Other,,—,,—,,—,,—,,—,,—,,—,,—,,—,,803,0.0130384659100135,906,0.0139320313701369,952,0.0141616089491848,912,0.0127888714381871,—,,—,,—,,—,,—,,—,,—,,—,,—,,—,,,,,
    Ethicon Endo-Surgery,,—,,—,,—,,2854,0.0602770972374757,3096,0.0612899394227343,3376,0.0633110794389018,3834,0.0627547262460103,4286,0.0672345365272091,4492,0.0725721763574971,—,,—,,—,,—,,—,,—,,—,,—,,—,,—,,—,,—,,—,,—,,,,,
    Ethicon,,—,,—,,—,,2833,0.0598335726957844,3101,0.0613889218830423,3213,0.0602542945015378,3603,0.0589737294377609,3840,0.0602381288531225,4122,0.0665945037723961,—,,—,,—,,—,,—,,—,,—,,—,,—,,—,,—,,—,,—,,—,,,,,
    Specialty Surgery/Other,,—,,—,,—,,—,,—,,—,,—,,—,,—,,2186,0.0354945037101986,2407,0.037013685991081,2526,0.0375758657622278,2592,0.0363473188243213,—,,—,,—,,—,,—,,—,,—,,—,,—,,—,,,,,
    Lifescan,,—,,—,,—,,1701,0.0359254878769959,1909,0.0377915033456072,2074,0.0388943065036381,—,,—,,—,,—,,—,,—,,—,,—,,—,,—,,—,,—,,—,,—,,—,,—,,—,,,,,
    Ortho-Clinic Diagnostics-Medical Devices and Diagnostics,,—,,—,,—,,1273,0.0268860353130016,1408,0.0278734608227422,1488,0.0279048833545871,1705,0.0279073573942221,1841,0.02887979042151,1963,0.0317139764447388,—,,—,,—,,—,,—,,—,,—,,—,,—,,—,,—,,—,,—,,—,,,,,
    Diagnostics-Medicine,,—,,—,,—,,—,,—,,—,,—,,—,,—,,2053,0.0333349570526247,2164,0.0332769491004152,2069,0.030777698441033,1885,0.0264331388826565,962,0.0129421102904575,86,0.00122727402460256,66,0.000918069272499652,1,1.3080444735121e-05,—,,—,,—,,—,,—,,—,,,,,
    Diabetes Care,,—,,—,,—,,—,,—,,—,,2373,0.0388411490301989,2535,0.0397665772506942,2440,0.0394203273179637,2470,0.0401058664977999,2652,0.0407811779178841,2616,0.0389146733309532,2309,0.0323788422705856,2142,0.0288170480687735,1928,0.0275137711562063,1789,0.0248852413409375,1615,0.0211249182472204,1009,0.0123680759000257,—,,—,,—,,—,,—,,,,,
    Cordis,,—,,—,,—,,3213,0.06785925487877,3982,0.0788296313893178,4088,0.0766634160978171,3425,0.0560602340617072,3135,0.0491787848839945,—,,—,,—,,—,,—,,—,,—,,—,,—,,—,,—,,—,,—,,—,,—,,,,,
    Depuy-Medical Devices & Diagnostic,,—,,—,,—,,3420,0.07223113964687,3847,0.0761571049610009,4105,0.0769822218888305,4587,0.0750797937638105,4989,0.0782625064708928,5372,0.0867893435869267,—,,—,,—,,—,,—,,—,,—,,—,,—,,—,,—,,—,,—,,—,,,,,
  Consumer Health,,6320,0.195562706934431,6564,0.180836409719544,7431,0.177511824566433,8333,0.175994762186365,9096,0.180068891792374,9774,0.183294576550896,14493,0.237220721826663,16054,0.251839302241674,15803,0.255311242871222,14590,0.236900644616559,14883,0.228863601414732,14447,0.214908366059741,14697,0.206094345972627,14496,0.195019574605481,13507,0.192753375003568,13307,0.185102239532619,13602,0.177920209287116,13853,0.169806695186379,13897,0.16935375766217,14053,0.170166133875811,15035,0.160330578512397,—,,—,,,,,
    Women’s Health,,—,,—,,—,,1470,0.0310467179183915,1568,0.0310408995525993,1666,0.0312429675193159,1806,0.0295605205008593,1911,0.0299778813120617,1895,0.0306153771588284,1844,0.0299413837335801,1792,0.027556512378902,1625,0.0241729144353207,1568,0.0219878842270586,1302,0.0175162449045486,1200,0.0171247538316637,1067,0.014842119905411,1050,0.013734466971877,1049,0.0128583861438325,986,0.0120157447690077,901,0.0109101036520391,917,0.00977872567315383,—,,—,,,,,
    Skin Health / Beauty,,—,,—,,—,,2140,0.0451972628199713,2401,0.0475313774399177,2633,0.0493773910434326,3051,0.0499386201816843,3381,0.0530377900136477,3467,0.056012407709582,3452,0.0560507899394353,3715,0.0571274796247886,3618,0.0538200642627633,3704,0.0519407673322863,3873,0.0521047745893369,3633,0.0518451922253618,3897,0.0542078174989567,4200,0.0549378678875082,4382,0.0537134872090315,4593,0.0559719226410266,4450,0.0538845296909813,4541,0.0484244201546254,—,,—,,,,,
    Consumer Health - Baby Care,,—,,—,,—,,1447,0.0305609529441581,1561,0.030902324108168,1740,0.0326307103743155,1982,0.0324412799738113,2214,0.0347310461668784,2115,0.0341696689661858,2209,0.0358679591472226,2340,0.0359833922804859,2254,0.0335296917767464,2295,0.0321825218757011,2346,0.0315615288372281,2157,0.0307817450124154,2001,0.0278341911253304,1916,0.0250621321124918,1858,0.0227749108248244,1675,0.0204121424828477,1517,0.0183691756272401,1566,0.0166995467875233,—,,—,,,,,
    OTC,,—,,—,,—,,2395,0.05058291796908,2678,0.0530150057409827,2742,0.0514214987622834,5142,0.0841640068745396,5894,0.0924592529844542,5630,0.0909575585246458,4549,0.0738629905661909,3740,0.0575119175765032,4354,0.064768535047007,4028,0.0564841821853264,4016,0.0540286017946752,3895,0.0555840968119417,3977,0.0553206287383503,4126,0.0539699149771092,4334,0.0531251149164634,4444,0.0541561559365822,4824,0.0584132519616391,5627,0.0600053319114903,—,,—,,,,,
    Oral Care,,—,,—,,—,,—,,319,0.00631508096765253,406,0.00761383242067362,1488,0.0243555119076848,1624,0.0254757086607997,1569,0.0253485629351988,1526,0.0247779563868998,1624,0.02497308934338,1624,0.0241580387956682,1622,0.0227451200358986,1312,0.0176507782755513,1042,0.0148699945771613,1568,0.021811100292113,1531,0.0200261608894702,1555,0.0190608107279881,1528,0.0186207484858456,1641,0.0198706771287416,1645,0.0175419888029859,—,,—,,,,,
    Wound Care / Other,,—,,—,,—,,881,0.0186069105347639,569,0.0112642039830542,587,0.0110081764308754,1024,0.0167607823880841,1030,0.0161576231038323,1127,0.0182076675767808,1010,0.0163995648432299,1672,0.025711210210672,972,0.0144591217422349,1480,0.0207538703163563,1647,0.0221576462041409,1580,0.0225475925450238,797,0.0110863819724579,779,0.0101896664486593,675,0.00827398536423922,671,0.00817704334686019,720,0.00871839581517001,739,0.00788056518261797,—,,—,,,,,
Net Sales % Increased at Constant Currency,,—,,—,,—,,—,,—,,—,,—,,—,,—,,—,,—,,—,,—,,—,,—,,—,,—,,—,,—,,—,,—,,—,,—,,,,,
  Med Tech,,—,,12.9,,12.8,,—,,12.5,,6.4,,3.9,,3.5,,4.2,,3.4,,1.7,,8.7,,6.1,,-1.6,,-1.4,,0.9,,5.7,,1.1,,-1.7,,-11.4,,16.2,,6.2,,12.4,,,,,
    Interventonal Solutions,,—,,—,,—,,—,,—,,—,,—,,—,,—,,—,,-13.4,,-11.1,,7.2,,8.3,,-0.1,,-9.2,,13.5,,14.1,,15.2,,1.3,,28.2,,13.7,,49.8,,,,,
      Electrophysiology,,—,,—,,—,,—,,—,,—,,—,,—,,—,,—,,—,,—,,—,,—,,—,,—,,—,,—,,—,,—,,—,,—,,21.1,,,,,
      Other Interventional Solutions,,—,,—,,—,,—,,—,,—,,—,,—,,—,,—,,—,,—,,—,,—,,—,,—,,—,,—,,—,,—,,—,,—,,9.9,,,,,
    Vision Care,,—,,—,,—,,—,,—,,—,,—,,8.6,,0.1,,4.1,,4.1,,4.3,,3.3,,-1,,1.7,,6.4,,46,,11.8,,3.3,,-15.1,,19,,9.5,,6.6,,,,,
      Contact Lenses/Other,,—,,—,,—,,—,,—,,—,,—,,—,,—,,—,,—,,—,,—,,—,,—,,—,,9.1,,8.5,,4.6,,-11.5,,14.5,,9.6,,6.9,,,,,
      Surgical,,—,,—,,—,,—,,—,,—,,—,,—,,—,,—,,—,,—,,—,,—,,—,,—,,0,,21.4,,0.1,,-24.7,,33.4,,9.4,,5.8,,,,,
    Surgery,,—,,—,,—,,—,,—,,—,,—,,—,,—,,—,,—,,—,,—,,—,,2.7,,2.3,,2.6,,3.4,,-1.4,,-12.8,,17,,3.8,,5.5,,,,,
      General,,—,,—,,—,,—,,—,,—,,—,,—,,—,,—,,—,,7.2,,-1,,0.5,,-1.5,,-1.2,,2,,1.8,,1,,-18,,16.1,,3.8,,6.8,,,,,
      Advanced,,—,,—,,—,,—,,—,,—,,—,,—,,—,,—,,—,,—,,—,,—,,9.1,,8.9,,6.7,,6.1,,5,,-5.8,,18,,3.8,,4.2,,,,,
      Specialty,,—,,—,,—,,—,,—,,—,,—,,—,,—,,—,,—,,—,,—,,—,,3.1,,-1.9,,-5.8,,0.4,,-29,,—,,—,,—,,—,,,,,
    Orthopaedics,,—,,—,,—,,—,,—,,—,,—,,—,,—,,—,,—,,36.2,,23.4,,2.9,,1.7,,1.8,,-1.1,,-2.5,,1.2,,-12.3,,9.1,,3.7,,4.6,,,,,
      Knees,,—,,—,,—,,—,,—,,—,,—,,—,,—,,—,,—,,—,,—,,—,,2.8,,3.2,,-0.3,,-1.9,,0.2,,-21.1,,11.7,,6.1,,7.5,,,,,
"      Spine, Sports & Other",,—,,—,,—,,—,,—,,—,,—,,—,,—,,—,,—,,—,,—,,—,,0.7,,0.1,,-4.2,,-7.9,,-0.3,,-15.9,,5.6,,1.9,,4.5,,,,,
      Trauma,,—,,—,,—,,—,,—,,—,,—,,—,,—,,—,,—,,—,,—,,—,,2,,2.5,,1.5,,2.5,,2.5,,-3.9,,9.2,,3.1,,4,,,,,
      Hips,,—,,—,,—,,—,,—,,—,,—,,—,,—,,—,,—,,—,,—,,—,,3.2,,3.6,,2.1,,1.2,,3.3,,-11,,14.3,,5.8,,3.5,,,,,
    Infection Prevention/Other,,—,,—,,—,,—,,—,,—,,—,,—,,—,,—,,—,,7.2,,-0.3,,—,,—,,—,,—,,—,,—,,—,,—,,—,,—,,,,,
    Ethicon Endo-Surgery,,—,,—,,—,,—,,—,,—,,—,,8.8,,7.6,,4.7,,3.4,,—,,—,,—,,—,,—,,—,,—,,—,,—,,—,,—,,—,,,,,
    Ethicon,,—,,—,,—,,—,,—,,—,,—,,3.9,,10.7,,8.2,,5.3,,—,,—,,—,,—,,—,,—,,—,,—,,—,,—,,—,,—,,,,,
    Specialty Surgery/Other,,—,,—,,—,,—,,—,,—,,—,,—,,—,,—,,—,,0.6,,4.2,,3,,—,,—,,—,,—,,—,,—,,—,,—,,—,,,,,
    Ortho-Clinic Diagnostics-Medical Devices and Diagnostics,,—,,—,,—,,—,,—,,—,,—,,5.4,,8.6,,3.7,,2.8,,—,,—,,—,,—,,—,,—,,—,,—,,—,,—,,—,,—,,,,,
    Diagnostics-Medicine,,—,,—,,—,,—,,—,,—,,—,,—,,—,,—,,—,,-2.6,,-6.6,,-47.8,,0,,-13.9,,0,,—,,—,,—,,—,,—,,—,,,,,
    Diabetes Care,,—,,—,,—,,—,,—,,—,,—,,3.9,,-1.3,,1.6,,5,,1.4,,-11.2,,-5.3,,-0.7,,-5.9,,-10.5,,-37.7,,0,,—,,—,,—,,—,,,,,
    Cordis,,—,,—,,—,,—,,—,,—,,—,,-12,,—,,—,,—,,—,,—,,—,,—,,—,,—,,—,,—,,—,,—,,—,,—,,,,,
    Depuy-Medical Devices & Diagnostic,,—,,—,,—,,—,,—,,—,,—,,7.1,,7.5,,3.2,,1.2,,—,,—,,—,,—,,—,,—,,—,,—,,—,,—,,—,,—,,,,,
  Innovative Medicine,,—,,14.8,,9.7,,—,,0.4,,3.9,,4.3,,-3.1,,-6.1,,-1,,6.2,,6.8,,12,,16.5,,4.2,,7.4,,8,,11.8,,5.8,,8.2,,13.1,,6.7,,4.8,,,,,
    Pulmonary Hypertension,,—,,—,,—,,—,,—,,—,,—,,—,,—,,—,,—,,—,,—,,—,,—,,—,,0,,93,,3.5,,20,,9.2,,3,,12.9,,,,,
      Uptravi,,—,,—,,—,,—,,—,,—,,—,,—,,—,,—,,—,,—,,—,,—,,—,,—,,0,,0,,24.3,,33.4,,12.6,,8.6,,20.4,,,,,
      Opsumit,,—,,—,,—,,—,,—,,—,,—,,—,,—,,—,,—,,—,,—,,—,,—,,—,,0,,0,,11.4,,23.5,,10.4,,2.6,,11.6,,,,,
      Other,,—,,—,,—,,—,,—,,—,,—,,—,,—,,—,,—,,—,,—,,—,,—,,—,,0,,69.6,,-6.4,,-12.9,,-4.7,,-13.1,,-12,,,,,
      Tracleer,,—,,—,,—,,—,,—,,—,,—,,—,,—,,—,,—,,—,,—,,—,,—,,—,,0,,34.5,,-36.6,,—,,—,,—,,—,,,,,
    Oncology,,—,,—,,—,,—,,—,,—,,—,,—,,—,,—,,—,,33.3,,45,,20.6,,17.7,,25.2,,19.1,,34.4,,11.9,,15.8,,16,,16.9,,11.2,,,,,
      Erleada,,—,,—,,—,,—,,—,,—,,—,,—,,—,,—,,—,,—,,—,,—,,—,,—,,—,,—,,—,,—,,68.7,,53,,27.5,,,,,
      Darzalex,,—,,—,,—,,—,,—,,—,,—,,—,,—,,—,,—,,—,,—,,—,,—,,0,,0,,62.4,,52.2,,40.3,,42.3,,39.5,,22.9,,,,,
      Other Oncology,,—,,—,,—,,—,,—,,—,,—,,—,,—,,—,,—,,25.5,,0,,47.4,,25.2,,20.6,,0.4,,16.4,,28.6,,2.2,,-31.5,,6,,0,,,,,
      Imbruvica,,—,,—,,—,,—,,—,,—,,—,,—,,—,,—,,—,,—,,—,,—,,0,,84.5,,50.4,,37.3,,34.5,,21.5,,4.1,,-7.6,,-13.2,,,,,
      Zytiga / Abiraterone Acetate,,—,,—,,—,,—,,—,,—,,—,,—,,—,,—,,—,,—,,75.6,,33.1,,9.5,,1.8,,10.5,,38.1,,-17.7,,-12.3,,-9,,-13.6,,-48.4,,,,,
       Doxil/Caelyx,,—,,—,,—,,—,,—,,—,,—,,—,,—,,—,,22.1,,-78.6,,—,,—,,—,,—,,—,,—,,—,,—,,—,,—,,—,,,,,
      Velcade,,—,,—,,—,,—,,—,,—,,—,,40.7,,26,,15.5,,12.7,,24.5,,13.6,,1.1,,-4.2,,-5.9,,-8.8,,-2,,-30.1,,-45.8,,—,,—,,—,,,,,
    Immunology,,—,,—,,—,,—,,—,,—,,—,,—,,—,,—,,—,,16.9,,17.5,,12.2,,-7.5,,-12.5,,2,,6.9,,7.9,,8.2,,10.2,,4.8,,7.1,,,,,
      Tremfya,,—,,—,,—,,—,,—,,—,,—,,—,,—,,—,,—,,—,,—,,—,,—,,—,,—,,0,,87.7,,32.7,,56.5,,30.1,,18.3,,,,,
      Stelara,,—,,—,,—,,—,,—,,—,,—,,—,,—,,—,,—,,41.9,,47,,38.7,,26.2,,31.4,,23.7,,27.6,,25.2,,21.1,,17.3,,10.4,,11.9,,,,,
      Simponi/Simponi Aria,,—,,—,,—,,—,,—,,—,,—,,—,,—,,—,,—,,51.2,,57.4,,30,,21.2,,31.5,,4.6,,13.3,,7.3,,3.1,,0.8,,1,,2.4,,,,,
      Remicade,,—,,—,,—,,—,,—,,—,,—,,12.7,,14.8,,7.1,,18.7,,12.6,,9.3,,4.1,,-1.1,,7,,-9.6,,-15.6,,-16.8,,-13.8,,-15.9,,-25.3,,-20.7,,,,,
      Other Immunology,,—,,—,,—,,—,,—,,—,,—,,—,,—,,—,,—,,-33,,-18.5,,-14.3,,-30.6,,-30.1,,0,,-54,,4.7,,12.8,,—,,-28.2,,-33.8,,,,,
    Neuroscience,,—,,—,,—,,—,,—,,—,,—,,—,,—,,—,,—,,-0.5,,1.6,,-0.6,,5,,-2.3,,-1.6,,0.9,,6.6,,3.9,,5.9,,3.4,,5.4,,,,,
      Spravato,,—,,—,,—,,—,,—,,—,,—,,—,,—,,—,,—,,—,,—,,—,,—,,—,,—,,—,,—,,—,,—,,—,,84,,,,,
      Concerta/Methylphenidate,,—,,—,,—,,—,,—,,—,,—,,20.4,,8.5,,-1.3,,-5.6,,-13.7,,-25.9,,-20.9,,46.9,,6.4,,-8.4,,-16.2,,7.3,,-10.2,,5.4,,4.1,,24.9,,,,,
      Invega Sustenna,,—,,—,,—,,—,,—,,—,,—,,—,,—,,—,,—,,—,,8.7,,28.3,,23.5,,21.7,,15.7,,13.1,,15.8,,9.6,,9,,6.9,,0,,,,,
      Other Neuroscience,,—,,—,,—,,—,,—,,—,,—,,—,,—,,—,,—,,-8,,-0.7,,-6.9,,-7.5,,-12.5,,-13.5,,-4.5,,-4.9,,2.6,,5,,0.4,,-5.9,,,,,
      Invega/ Paliperidone,,—,,—,,—,,—,,—,,—,,—,,—,,—,,—,,—,,12.2,,56.4,,11.5,,—,,—,,—,,—,,—,,—,,—,,—,,—,,,,,
      Risperdal Consta,,—,,—,,—,,—,,—,,—,,—,,12.5,,14.3,,5.9,,1.7,,-6.4,,-5.9,,-8.2,,-9.8,,-7.1,,-10.1,,-9.1,,-3.9,,-6.4,,-8.4,,—,,—,,,,,
    Cardiovascular / Metabolism / Other,,—,,—,,—,,—,,—,,—,,—,,—,,—,,—,,—,,-5.8,,0.5,,-18.9,,-17.3,,-15,,-1.6,,-7.7,,-9.7,,-5.7,,-9.6,,-4,,-5.5,,,,,
      Xarelto,,—,,—,,—,,—,,—,,—,,—,,—,,—,,—,,—,,—,,0,,76.2,,22.7,,22.5,,9.3,,-0.9,,-6.6,,1.4,,4,,1.4,,-4.4,,,,,
      Other Pharmaceuticals,,—,,—,,—,,—,,—,,—,,—,,—,,—,,—,,—,,-3.1,,-5.8,,13.8,,4.8,,-24.1,,7.5,,-14.1,,-5.1,,-11.2,,-19.7,,-9.3,,-7.4,,,,,
      Aciphex/Pariet,,—,,—,,—,,—,,—,,—,,—,,-16.6,,-2.3,,-7.9,,-6.1,,-11.1,,-43.6,,—,,—,,—,,—,,—,,—,,—,,—,,—,,—,,,,,
      Procrit / Eprex / Epoetin Alfa,,—,,—,,—,,—,,—,,—,,—,,-16.7,,-6.2,,-13.6,,-18,,-7.4,,-7,,-8.4,,-8.5,,4.4,,-12.3,,1,,-19.2,,-30.1,,-14.9,,—,,—,,,,,
      Invokana/Invokamet,,—,,—,,—,,—,,—,,—,,—,,—,,—,,—,,—,,—,,—,,—,,0,,8.1,,-21.1,,-20.8,,-15.6,,8.6,,-30.6,,—,,—,,,,,
    Infectious Diseases,,—,,—,,—,,—,,—,,—,,—,,—,,—,,—,,—,,4.6,,11.1,,58.6,,-27.6,,-11.2,,-2.7,,3.8,,6.5,,5.2,,62.5,,0.8,,-19.8,,,,,
      Edurant,,—,,—,,—,,—,,—,,—,,—,,—,,—,,—,,—,,—,,—,,54.7,,31.9,,40.4,,22.1,,10.3,,10.8,,10.5,,0,,11.8,,11.5,,,,,
      Other Infectious Diseases,,—,,—,,—,,—,,—,,—,,—,,—,,—,,—,,—,,37.7,,-0.5,,-18.9,,-17.3,,-15,,-21.9,,-13.5,,-13.5,,-1,,-8.9,,-7.2,,-3.6,,,,,
      Prezista,,—,,—,,—,,—,,—,,—,,—,,—,,83.4,,45.7,,38.6,,21,,18.3,,10.4,,6.6,,3.5,,-2.1,,7,,10.2,,4.4,,-5.2,,-4.4,,-4.9,,,,,
      Covid-19 Vaccine,,—,,—,,—,,—,,—,,—,,—,,—,,—,,—,,—,,—,,—,,—,,—,,—,,—,,—,,—,,—,,—,,2,,-50.1,,,,,
      Levaquin/Floxin,,—,,—,,—,,—,,—,,—,,—,,-3.3,,-2,,-12.6,,-54.2,,-87.8,,—,,—,,—,,—,,—,,—,,—,,—,,—,,—,,—,,,,,
      Intelence,,—,,—,,—,,—,,—,,—,,—,,—,,—,,—,,—,,14.8,,8.5,,—,,—,,—,,—,,—,,—,,—,,—,,—,,—,,,,,
       Olysio/Sovriad,,—,,—,,—,,—,,—,,—,,—,,—,,—,,—,,—,,—,,—,,0,,—,,—,,—,,—,,—,,—,,—,,—,,—,,,,,
      Incivo,,—,,—,,—,,—,,—,,—,,—,,—,,—,,—,,—,,—,,17.5,,-55,,—,,—,,—,,—,,—,,—,,—,,—,,—,,,,,
    Razadyne/Reminyl,,—,,—,,—,,—,,—,,—,,—,,-1.7,,—,,—,,—,,—,,—,,—,,—,,—,,—,,—,,—,,—,,—,,—,,—,,,,,
    Topamax,,—,,—,,—,,—,,—,,—,,—,,10.5,,-56.6,,-53.3,,-11.8,,—,,—,,—,,—,,—,,—,,—,,—,,—,,—,,—,,—,,,,,
    Duragesic/Fentanyl,,—,,—,,—,,—,,—,,—,,—,,-14.5,,-11.4,,-16.7,,-25.5,,—,,—,,—,,—,,—,,—,,—,,—,,—,,—,,—,,—,,,,,
    Risperdal/Risperidone,,—,,—,,—,,—,,—,,—,,—,,-39.3,,-57.3,,-42.9,,-3.1,,—,,—,,—,,—,,—,,—,,—,,—,,—,,—,,—,,—,,,,,
    Other,,—,,—,,—,,—,,—,,—,,—,,4.5,,10.8,,12.1,,22.2,,—,,—,,—,,—,,—,,—,,—,,—,,—,,—,,—,,—,,,,,
  Consumer Health,,—,,4.6,,9.4,,—,,7.8,,6.4,,44.2,,8.3,,2,,-8.9,,-0.7,,0.5,,2.8,,1,,2.7,,1.5,,1.3,,2.2,,3,,2,,2.8,,—,,—,,,,,
    Women’s Health,,—,,—,,—,,—,,—,,—,,—,,2.4,,3.6,,-4.1,,-5.5,,-4,,-1.1,,-12.6,,7.6,,-5.1,,-3.7,,3.5,,1,,-2.7,,1.9,,—,,—,,,,,
    Skin Health / Beauty,,—,,—,,—,,—,,—,,—,,—,,8.1,,5.7,,-1.4,,5,,0.1,,2.9,,2.9,,1.3,,9.4,,7.2,,4.4,,6.7,,-2,,1,,—,,—,,,,,
    Consumer Health - Baby Care,,—,,—,,—,,—,,—,,—,,—,,8,,-0.2,,1.9,,3.2,,0.6,,4.7,,1.3,,1.2,,-2.7,,-4.2,,-0.8,,-6.1,,-4.9,,2.9,,—,,—,,,,,
    OTC,,—,,—,,—,,—,,—,,—,,—,,12.6,,-1.1,,-19.8,,-6.2,,2.1,,7.3,,4.2,,8.1,,4.8,,2.6,,4.4,,4.9,,9.4,,6.2,,—,,—,,,,,
    Oral Care,,—,,—,,—,,—,,—,,—,,—,,7.4,,0.5,,-4.8,,3.6,,3.2,,1.1,,3.6,,5.2,,2,,-3.2,,1.7,,0.9,,9.7,,-1.2,,—,,—,,,,,
    Wound Care / Other,,—,,—,,—,,—,,—,,—,,—,,-1.5,,-2.8,,-11.7,,-2.3,,-1.8,,-4.7,,-1.5,,-14.1,,-22.3,,-3,,-13.5,,0.5,,8.3,,1.2,,—,,—,,,,,
Pretax Income,,7898,1.0,9291,1.0,10308,1.0,12601,1.0,13116,1.0,14587,1.0,13283,1.0,16929,1.0,15755,1.0,16947,1.0,12361,1.0,13775,1.0,15471,1.0,20563,1.0,19196,1.0,19803,1.0,17673,1.0,17999,1.0,17328,1.0,16497,1.0,22776,1.0,19359,1.0,15062,1.0,29334.056,1.0,31004.333,1.0
  Innovative Medicine,,4928,0.621202571536619,5787,0.608837453971594,5896,0.553147574819401,7608,0.586313193588163,6365,0.482306584829886,6894,0.478949562317632,6540,0.478665007684989,7605,0.434521768940692,6413,0.386744662887468,7086,0.400338983050847,6406,0.465383218307301,6075,0.406218655967904,9178,0.559224957348282,11696,0.541732283464567,11734,0.576694352975869,12827,0.615321884294349,11083,0.583346491920627,12568,0.651698211044853,8816,0.48538237075373,15250,0.874326338722624,17969,0.751369433409994,15647,0.778690156265552,18246,0.796246999781802,,,,
  Med Tech,,2001,0.252237488970125,2489,0.261862177801157,3370,0.316164743409325,3924,0.302404438964242,5240,0.397059937864666,6126,0.425593997498958,4846,0.354680524043036,7223,0.412695691920923,7694,0.463997105294898,8272,0.467344632768362,5263,0.382346531057029,7187,0.48057505850886,5261,0.320558128198879,7953,0.368364983788791,6826,0.335479431857276,5578,0.267581310563178,5392,0.283804410758461,4397,0.228001037075447,7286,0.401145185266751,3044,0.174521270496503,4373,0.182855948149697,4447,0.221309843734448,4669,0.203753000218198,,,,
  Corporate,,-35,,-214,,-351,,-375,,-81,,193,,-380,,-573,,-827,,-753,,-1404,,-1180,,-941,,-1027,,-1151,,-1043,,-1326,,-1286,,-835,,-945,,-1139,,-735,,-7853,,,,,
  Consumer Health,,1004,0.126559939493256,1229,0.129300368227249,1393,0.130687681771273,1444,0.111282367447596,1592,0.120633477305448,1374,0.0954564401834097,2277,0.166654468271975,2674,0.152782539138384,2475,0.149258231817634,2342,0.132316384180791,2096,0.15227025063567,1693,0.113206285523236,1973,0.120216914452839,1941,0.089902732746642,1787,0.0878262151668551,2441,0.117096805142473,2524,0.132849097320912,2320,0.120300751879699,2061,0.113472443979519,-852,-0.0488476092191262,1573,0.0657746184403094,—,,—,,,,,
Pretax Margin,,—,,—,,—,,—,,—,,—,,—,,—,,—,,—,,—,,—,,—,,—,,—,,—,,—,,—,,—,,—,,—,,—,,—,,,,,
  Innovative Medicine,,—,,—,,—,,—,,—,,—,,—,,—,,—,,31.6,,26.3,,24,,—,,—,,—,,—,,30.6,,30.9,,—,,—,,—,,—,,33.3,,,,,
  Med Tech,,—,,—,,—,,—,,—,,—,,—,,—,,—,,33.6,,20.4,,26.2,,—,,—,,—,,—,,20.3,,16.3,,—,,—,,—,,—,,15.4,,,,,
  Corporate,,—,,—,,—,,—,,—,,—,,—,,—,,—,,—,,—,,—,,—,,—,,—,,—,,—,,—,,—,,—,,—,,—,,-9.2,,,,,
  Consumer Health,,—,,—,,—,,—,,—,,—,,—,,—,,—,,16.1,,14.1,,11.7,,—,,—,,—,,—,,18.6,,16.7,,—,,—,,—,,—,,—,,,,,
Revenue Growth %,,—,,—,,—,,—,,—,,—,,—,,—,,—,,—,,—,,—,,—,,—,,—,,—,,—,,—,,—,,—,,—,,—,,—,,4.22263295717423,1.0,2.82699268430678,1.0
  Med Tech,,—,,12.9,,18.5,,13.2,,13.1,,6.2,,7.2,,6.4,,1.9,,4.4,,4.8,,6.4,,3.9,,-3.4,,-8.7,,-0.1,,5.9,,1.5,,-3.8,,-11.6,,17.9,,1.4,,10.8,,,,,
    Interventonal Solutions,,—,,—,,—,,—,,—,,—,,—,,—,,—,,-4.7,,-10.3,,-13.2,,4.6,,6.3,,-7.8,,-9.2,,11.7,,15.2,,13.3,,1.6,,30.4,,8.3,,47.7,,,,,
      Electrophysiology,,—,,—,,—,,—,,—,,—,,—,,—,,—,,—,,—,,—,,—,,—,,—,,—,,—,,—,,—,,—,,—,,—,,19.1,,,,,
      Other Interventional Solutions,,—,,—,,—,,—,,—,,—,,—,,—,,—,,—,,—,,—,,—,,—,,—,,—,,—,,—,,—,,—,,—,,—,,7.1,,,,,
      Abiomed,,—,,—,,—,,—,,—,,—,,—,,—,,—,,—,,—,,—,,—,,—,,—,,—,,—,,—,,—,,—,,—,,—,,0,,,,,
    Vision Care,,—,,—,,—,,18,,10.7,,10.9,,17.6,,13.2,,0.2,,1.2,,8.8,,2.7,,-2,,-4.1,,-7.5,,6.8,,45.9,,12.1,,1.6,,-15.2,,19.6,,3.4,,4.6,,,,,
      Surgical,,—,,—,,—,,—,,—,,—,,—,,—,,—,,—,,—,,—,,—,,—,,—,,—,,0,,21.8,,-1.6,,-24.9,,34.9,,4.6,,4.9,,,,,
      Contact Lenses/Other,,—,,—,,—,,—,,—,,—,,—,,—,,—,,—,,—,,—,,—,,—,,—,,—,,9,,8.8,,2.7,,-11.7,,14.9,,3,,4.5,,,,,
    Orthopaedics,,—,,—,,—,,—,,—,,—,,—,,—,,—,,—,,4,,34.3,,21.9,,1.7,,-4.3,,0.8,,-0.8,,-1.9,,-0.5,,-12.2,,10.6,,0,,4.1,,,,,
      Knees,,—,,—,,—,,—,,—,,—,,—,,—,,—,,—,,—,,—,,—,,—,,-2.4,,1.9,,-0.1,,-1.4,,-1.4,,-21,,13.3,,2.6,,7.1,,,,,
      Trauma,,—,,—,,—,,—,,—,,—,,—,,—,,—,,—,,—,,—,,—,,—,,-4.2,,1.6,,1.8,,3.2,,0.8,,-3.9,,10.4,,-0.5,,3.8,,,,,
"      Spine, Sports & Other",,—,,—,,—,,—,,—,,—,,—,,—,,—,,—,,—,,—,,—,,—,,-5.5,,-0.7,,-4.1,,-7.3,,-2,,-15.7,,7.2,,-1.9,,3.7,,,,,
      Hips,,—,,—,,—,,—,,—,,—,,—,,—,,—,,—,,—,,—,,—,,—,,-2.6,,2.2,,2.4,,1.7,,1.4,,-11,,16,,2.3,,3,,,,,
    Surgery,,—,,—,,—,,—,,—,,—,,—,,—,,—,,—,,—,,—,,—,,—,,-5.1,,0.9,,2.8,,3.6,,-4,,-13.4,,19.2,,-1.2,,3.6,,,,,
      General,,—,,—,,—,,—,,—,,—,,—,,—,,—,,—,,5.8,,-2.3,,-3.3,,-1.5,,-9.8,,-2.7,,2.3,,2.1,,-1.7,,-18.8,,18.1,,-1.3,,4.8,,,,,
      Advanced,,—,,—,,—,,—,,—,,—,,—,,—,,—,,—,,—,,—,,—,,—,,1.2,,7.4,,6.8,,6.5,,2.3,,-6.2,,20.4,,-1.1,,2.2,,,,,
      Specialty,,—,,—,,—,,—,,—,,—,,—,,—,,—,,—,,—,,—,,—,,—,,-3.3,,-2.9,,-5.4,,0.1,,-31,,—,,—,,—,,—,,,,,
    Other,,—,,—,,—,,-14.9,,-6.3,,1.7,,25,,—,,—,,—,,—,,—,,—,,—,,—,,—,,—,,—,,—,,—,,—,,—,,—,,,,,
    Infection Prevention/Other,,—,,—,,—,,—,,—,,—,,—,,—,,—,,—,,12.8,,5.1,,-4.2,,—,,—,,—,,—,,—,,—,,—,,—,,—,,—,,,,,
    Ethicon Endo-Surgery,,—,,—,,—,,10.1,,8.7,,8.7,,13.6,,11.8,,4.8,,5.9,,—,,—,,—,,—,,—,,—,,—,,—,,—,,—,,—,,—,,—,,,,,
    Ethicon,,—,,—,,—,,7.5,,9.3,,3.9,,11.8,,6.6,,7.3,,9.2,,—,,—,,—,,—,,—,,—,,—,,—,,—,,—,,—,,—,,—,,,,,
    Specialty Surgery/Other,,—,,—,,—,,—,,—,,—,,—,,—,,—,,—,,10.1,,4.9,,2.6,,1.1,,—,,—,,—,,—,,—,,—,,—,,—,,—,,,,,
    Lifescan,,—,,—,,—,,19.3,,12.3,,8.6,,14.4,,—,,—,,—,,—,,—,,—,,—,,—,,—,,—,,—,,—,,—,,—,,—,,—,,,,,
    Ortho-Clinic Diagnostics-Medical Devices and Diagnostics,,—,,—,,—,,8.2,,10.6,,5.7,,10.3,,8,,6.6,,4.6,,—,,—,,—,,—,,—,,—,,—,,—,,—,,—,,—,,—,,—,,,,,
    Diagnostics-Medicine,,—,,—,,—,,—,,—,,—,,—,,—,,—,,—,,5.4,,-4.4,,-8.9,,-49,,-91.1,,-23.3,,0,,—,,—,,—,,—,,—,,—,,,,,
    Diabetes Care,,—,,—,,—,,—,,—,,—,,—,,6.8,,-3.7,,1.2,,7.4,,-1.4,,-11.7,,-7.2,,-10,,-7.2,,-9.7,,-37.5,,0,,—,,—,,—,,—,,,,,
    Cordis,,—,,—,,—,,18.7,,24,,2.6,,-16.2,,-8.5,,—,,—,,—,,—,,—,,—,,—,,—,,—,,—,,—,,—,,—,,—,,—,,,,,
    Depuy-Medical Devices & Diagnostic,,—,,—,,—,,13.7,,12.5,,6.7,,11.7,,8.8,,4.6,,4,,—,,—,,—,,—,,—,,—,,—,,—,,—,,—,,—,,—,,—,,,,,
  Innovative Medicine,,—,,15.5,,13.8,,13.4,,0.9,,4.2,,6.9,,-1.2,,-8.3,,-0.6,,8.8,,4,,10.9,,14.9,,-2.7,,6.5,,8.3,,12.4,,3.6,,8,,14.3,,1.7,,4.2,,,,,
    Pulmonary Hypertension,,—,,—,,—,,—,,—,,—,,—,,—,,—,,—,,—,,—,,—,,—,,—,,—,,0,,93.9,,1.9,,20,,9.6,,-1,,11.6,,,,,
      Uptravi,,—,,—,,—,,—,,—,,—,,—,,—,,—,,—,,—,,—,,—,,—,,—,,—,,0,,0,,23.5,,33.5,,13.1,,6.9,,19.7,,,,,
      Opsumit,,—,,—,,—,,—,,—,,—,,—,,—,,—,,—,,—,,—,,—,,—,,—,,—,,0,,0,,9.2,,23.5,,11,,-2,,10.6,,,,,
      Other,,—,,—,,—,,—,,—,,—,,—,,—,,—,,—,,—,,—,,—,,—,,—,,—,,0,,69.3,,-9.4,,-12.8,,-5,,-20.8,,-16.7,,,,,
      Tracleer,,—,,—,,—,,—,,—,,—,,—,,—,,—,,—,,—,,—,,—,,—,,—,,—,,0,,35.5,,-37.5,,—,,—,,—,,—,,,,,
    Oncology,,—,,—,,—,,—,,—,,—,,—,,—,,—,,—,,39.8,,28.4,,43.5,,18.1,,5.3,,23.7,,25,,35.6,,8.6,,15.7,,17.6,,9.9,,10.5,,,,,
      Erleada,,—,,—,,—,,—,,—,,—,,—,,—,,—,,—,,—,,—,,—,,—,,—,,—,,—,,—,,—,,—,,70,,45.7,,26.9,,,,,
      Darzalex,,—,,—,,—,,—,,—,,—,,—,,—,,—,,—,,—,,—,,—,,—,,—,,0,,0,,63,,48,,39.8,,43.8,,32.4,,22.2,,,,,
      Carvykti,,—,,—,,—,,—,,—,,—,,—,,—,,—,,—,,—,,—,,—,,—,,—,,—,,—,,—,,—,,—,,—,,—,,0,,,,,
      Other Oncology,,—,,—,,—,,—,,—,,—,,—,,—,,—,,—,,9.2,,0,,0,,45.1,,10,,-0.6,,0.8,,17.1,,25,,1.7,,-30.8,,0.6,,0,,,,,
      Imbruvica,,—,,—,,—,,—,,—,,—,,—,,—,,—,,—,,—,,—,,—,,—,,0,,81.6,,51.3,,38.1,,30.4,,21,,5.8,,-13.4,,-13.7,,,,,
      Zytiga / Abiraterone Acetate,,—,,—,,—,,—,,—,,—,,—,,—,,—,,—,,100,,0,,76.7,,31.7,,-0.3,,1.3,,10.8,,39.6,,-20.1,,-11.6,,-7,,-22.9,,-49.9,,,,,
       Doxil/Caelyx,,—,,—,,—,,—,,—,,—,,—,,—,,—,,—,,—,,-79.4,,—,,—,,—,,—,,—,,—,,—,,—,,—,,—,,—,,,,,
      Velcade,,—,,—,,—,,—,,—,,—,,—,,47.4,,18.6,,15.8,,18,,17.7,,10.7,,-2.5,,-17.6,,-8.2,,-9,,0.2,,-32.7,,-45.7,,—,,—,,—,,,,,
    Immunology,,—,,—,,—,,—,,—,,—,,—,,—,,—,,—,,25.9,,15.8,,16.7,,10.9,,2.1,,15.1,,2.3,,7.2,,6.3,,7.9,,11.3,,1.1,,6.6,,,,,
      Tremfya,,—,,—,,—,,—,,—,,—,,—,,—,,—,,—,,—,,—,,—,,—,,—,,—,,—,,0,,85.9,,33.2,,57.9,,25.4,,17.9,,,,,
      Stelara,,—,,—,,—,,—,,—,,—,,—,,—,,—,,—,,87.8,,38.9,,46.7,,37.8,,19.4,,30.6,,24.1,,28.5,,23.4,,21.1,,18.5,,6.5,,11.7,,,,,
      Simponi/Simponi Aria,,—,,—,,—,,—,,—,,—,,—,,—,,—,,—,,81.4,,48,,53.5,,27.4,,11.9,,31.4,,5,,13.7,,5,,2.6,,1.4,,-4,,0.6,,,,,
      Remicade,,—,,—,,—,,24.1,,18.2,,18.9,,10.4,,12.7,,14.8,,7.1,,19.1,,11.8,,8.7,,2.9,,-4.5,,6.2,,-9.3,,-15.7,,-17.8,,-14.4,,-14.9,,-26.6,,-21.5,,,,,
      Other Immunology,,—,,—,,—,,—,,—,,—,,—,,—,,—,,—,,-6.5,,-34.8,,-21.4,,-18.5,,-40.9,,-35.9,,-12,,-54.5,,4.5,,6.4,,—,,-28.2,,-33.8,,,,,
    Neuroscience,,—,,—,,—,,—,,—,,—,,—,,—,,—,,—,,4.6,,-3.3,,-0.8,,-2.7,,-3.5,,-2.8,,-1.6,,1.5,,4.1,,3.5,,7.1,,-1.4,,3.6,,,,,
      Spravato,,—,,—,,—,,—,,—,,—,,—,,—,,—,,—,,—,,—,,—,,—,,—,,—,,—,,—,,—,,—,,—,,—,,84.1,,,,,
      Concerta/Methylphenidate,,—,,—,,—,,—,,—,,—,,10.5,,21.3,,6.3,,-0.5,,-3.9,,-15.4,,-27.1,,-23.4,,37.1,,5.1,,-8.3,,-16.2,,4.9,,-10.6,,7.3,,-3.5,,21.6,,,,,
      Invega Sustenna,,—,,—,,—,,—,,—,,—,,—,,—,,—,,—,,—,,10.2,,6,,27.2,,15.2,,-45.7,,16,,14,,13.7,,9.7,,10.1,,3,,-0.6,,,,,
      Other Neuroscience,,—,,—,,—,,—,,—,,—,,—,,—,,—,,—,,-0.9,,-10.7,,-4.8,,-9.7,,-16.4,,-12.6,,-13.9,,-4,,-7.7,,1.1,,6,,-4.9,,-10.4,,,,,
      Invega/ Paliperidone,,—,,—,,—,,—,,—,,—,,—,,—,,—,,—,,17.7,,0,,56.8,,9.8,,—,,—,,—,,—,,—,,—,,—,,—,,—,,,,,
      Risperdal Consta,,—,,—,,—,,—,,—,,—,,—,,16,,8.9,,5.3,,5.5,,-10,,-7.5,,-9.7,,-18.5,,-7.9,,-9.9,,-8.4,,-6.7,,-6.8,,-7.7,,—,,—,,,,,
    Cardiovascular / Metabolism / Other,,—,,—,,—,,—,,—,,—,,—,,—,,—,,—,,-8,,-8.3,,0.2,,12.8,,15.1,,-0.3,,-1.7,,-7.5,,-10.7,,-6,,-8.6,,-5.6,,-5.5,,,,,
      Xarelto,,—,,—,,—,,—,,—,,—,,—,,—,,—,,—,,—,,—,,0,,76.2,,22.7,,22.5,,9.3,,-0.9,,-6.6,,1.4,,4,,1.4,,-4.4,,,,,
      Other Pharmaceuticals,,—,,—,,—,,—,,—,,—,,—,,—,,—,,—,,-4.4,,-13.1,,-6.4,,3.7,,-2.6,,-26.6,,6.8,,-13.7,,-8,,-12.4,,-17.3,,-13.6,,-7.6,,,,,
      Aciphex/Pariet,,—,,—,,—,,15.5,,4.7,,6,,9.5,,-14.7,,-5.4,,-8.2,,-3.1,,-14.4,,-43.7,,—,,—,,—,,—,,—,,—,,—,,—,,—,,—,,,,,
      Procrit / Eprex / Epoetin Alfa,,—,,—,,—,,-9.9,,-7.4,,-4.3,,-9.3,,-14.7,,-8.7,,-13.9,,-16.1,,-9.9,,-6.7,,-9.2,,-13.7,,3.5,,-12,,1.6,,-20,,-30.2,,-13.3,,—,,—,,,,,
      Invokana/Invokamet,,—,,—,,—,,—,,—,,—,,—,,—,,—,,—,,—,,—,,—,,—,,0,,7.6,,-21,,-20.7,,-16.5,,8.2,,-29.3,,—,,—,,,,,
    Infectious Diseases,,—,,—,,—,,—,,—,,—,,—,,—,,—,,—,,5.1,,0.2,,11.1,,57.7,,-34.7,,-12.3,,-1.7,,4.8,,3.3,,3.5,,64,,-6.5,,-18.9,,,,,
      Edurant,,—,,—,,—,,—,,—,,—,,—,,—,,—,,—,,—,,—,,—,,54.7,,12.3,,39.8,,24.6,,14.3,,5.6,,11.9,,3.1,,1.5,,14.1,,,,,
      Prezista,,—,,—,,—,,—,,—,,—,,—,,—,,—,,44.8,,41.3,,16.8,,18.3,,9.4,,-1.1,,2.3,,-1.6,,7.4,,8,,3.5,,-4.6,,-6.7,,-4.6,,,,,
      Other Infectious Diseases,,—,,—,,—,,—,,—,,—,,—,,—,,—,,—,,80.7,,-37.5,,-0.7,,-20.5,,-26,,-16.8,,-21,,-13.9,,-17.3,,-3.2,,-6.5,,-12.3,,-6.7,,,,,
      Covid-19 Vaccine,,—,,—,,—,,—,,—,,—,,—,,—,,—,,—,,—,,—,,—,,—,,—,,—,,—,,—,,—,,—,,—,,-8.6,,-48.8,,,,,
      Levaquin/Floxin,,—,,—,,—,,12.8,,15.2,,2.5,,7.6,,-3.3,,-2.6,,-12.5,,—,,-88,,—,,—,,—,,—,,—,,—,,—,,—,,—,,—,,—,,,,,
      Intelence,,—,,—,,—,,—,,—,,—,,—,,—,,—,,—,,29.2,,11.1,,8.6,,—,,—,,—,,—,,—,,—,,—,,—,,—,,—,,,,,
       Olysio/Sovriad,,—,,—,,—,,—,,—,,—,,—,,—,,—,,—,,—,,—,,—,,0,,—,,—,,—,,—,,—,,—,,—,,—,,—,,,,,
      Incivo,,—,,—,,—,,—,,—,,—,,—,,—,,—,,—,,—,,—,,16.7,,-56.3,,—,,—,,—,,—,,—,,—,,—,,—,,—,,,,,
    Razadyne/Reminyl,,—,,—,,—,,—,,—,,—,,—,,1.9,,—,,—,,—,,—,,—,,—,,—,,—,,—,,—,,—,,—,,—,,—,,—,,,,,
    Anti-Psychotics,,—,,—,,—,,—,,—,,—,,12.3,,—,,—,,—,,—,,—,,—,,—,,—,,—,,—,,—,,—,,—,,—,,—,,—,,,,,
    Topamax,,—,,—,,—,,35.2,,19.1,,20.7,,21,,11.3,,-57.9,,—,,—,,—,,—,,—,,—,,—,,—,,—,,—,,—,,—,,—,,—,,,,,
    Duragesic,,—,,—,,—,,27.7,,-23.9,,-18.3,,-10.1,,-11,,—,,—,,—,,—,,—,,—,,—,,—,,—,,—,,—,,—,,—,,—,,—,,,,,
    Risperdal/Risperidone,,—,,—,,—,,21.4,,—,,—,,—,,-37.8,,—,,—,,—,,—,,—,,—,,—,,—,,—,,—,,—,,—,,—,,—,,—,,,,,
    Other,,—,,—,,—,,15.6,,-5.1,,-1.1,,10.9,,8.2,,-11,,-3.5,,—,,—,,—,,—,,—,,—,,—,,—,,—,,—,,—,,—,,—,,,,,
    Hormonal Contraceptives,,—,,—,,—,,8.8,,-11.1,,-10.6,,-9,,—,,—,,—,,—,,—,,—,,—,,—,,—,,—,,—,,—,,—,,—,,—,,—,,,,,
  Consumer Health,,—,,3.9,,13.2,,12.1,,9.2,,7.5,,48.3,,10.8,,-1.6,,-7.7,,2,,-2.9,,1.7,,-1.4,,-6.8,,-1.5,,2.2,,1.8,,0.3,,1.1,,4.1,,—,,—,,,,,
    Women’s Health,,—,,—,,—,,7.4,,6.7,,6.3,,8.4,,5.8,,-0.8,,-2.7,,-2.8,,-9.3,,-3.5,,-17,,-7.8,,-11.1,,-1.6,,-0.1,,-6,,-8.6,,1.8,,—,,—,,,,,
    Skin Health / Beauty,,—,,—,,—,,19.1,,12.2,,9.7,,15.9,,10.8,,2.5,,-0.4,,7.6,,-2.6,,2.4,,1.5,,-6,,7.3,,7.8,,4.3,,4.8,,-3.1,,2,,—,,—,,,,,
    Consumer Health - Baby Care,,—,,—,,—,,10.5,,7.9,,11.5,,13.9,,11.7,,-4.5,,4.4,,5.9,,-3.7,,1.8,,-2.4,,-8.7,,-7.2,,-4.2,,-3,,-9.9,,-9.4,,3.2,,—,,—,,,,,
    OTC,,—,,—,,—,,17.2,,11.8,,2.4,,87.5,,14.6,,-4.5,,-19.2,,-3.2,,0.7,,7,,1.9,,-3.2,,2.1,,3.7,,5,,2.5,,8.5,,8.4,,—,,—,,,,,
    Oral Care,,—,,—,,—,,—,,—,,—,,266.5,,9.1,,9.4,,-2.7,,6.4,,0,,-0.1,,1.5,,-4.1,,-0.8,,-2.4,,1.6,,-1.7,,7.4,,0.2,,—,,—,,,,,
    Wound Care / Other,,—,,—,,—,,-3.4,,0.8,,11.8,,74.4,,0.6,,-3.4,,-10.4,,0,,-6.7,,-5.1,,-2.4,,-18.5,,-23.5,,-2.3,,-13.4,,-0.6,,7.2,,2.6,,—,,—,,,,,
Adjusted Pretax Income,,—,,—,,—,,—,,—,,—,,—,,—,,—,,—,,—,,—,,—,,—,,—,,—,,—,,—,,—,,—,,—,,—,,29811,1.0,,,,
  Innovative Medicine,,—,,—,,—,,—,,—,,—,,—,,—,,—,,—,,—,,—,,—,,—,,—,,—,,—,,—,,—,,—,,—,,—,,23006,0.761460298546983,,,,
  Med Tech,,—,,—,,—,,—,,—,,—,,—,,—,,—,,—,,—,,—,,—,,—,,—,,—,,—,,—,,—,,—,,—,,—,,7207,0.238539701453017,,,,
  Corporate,,—,,—,,—,,—,,—,,—,,—,,—,,—,,—,,—,,—,,—,,—,,—,,—,,—,,—,,—,,—,,—,,—,,-402,,,,,
Goodwill,,4571,1.0,4653,1.0,5390,1.0,5863,1.0,5990,1.0,13340,1.0,14123,1.0,13719,1.0,14862,1.0,15294,1.0,16138,1.0,22424,1.0,22798,1.0,21832,1.0,21629,1.0,22805,1.0,31906,1.0,30453,1.0,33639,1.0,36393,1.0,35246,1.0,36047,1.0,36558,1.0,,,,
  Med Tech,,3533,0.772916210894771,3588,0.771115409413282,3727,0.691465677179963,3871,0.660242196827563,4026,0.67212020033389,4572,0.342728635682159,5034,0.35643984989025,5282,0.385013484947883,5544,0.373031893419459,5925,0.387406826206355,6119,0.379167183046226,12113,0.540180164109882,12199,0.535090797438372,11531,0.52816965921583,11500,0.531693559572796,11702,0.513133084849814,13922,0.436344261267473,12720,0.417692838144025,14734,0.43800350783317,15048,0.413486109966202,14856,0.421494637689383,25863,0.717479956723167,26151,0.715329066141474,,,,
  Innovative Medicine,,232,0.0507547582585867,244,0.0524392864818397,781,0.144897959183673,832,0.141906873614191,874,0.145909849749583,902,0.067616191904048,964,0.0682574523826383,963,0.070194620599169,1244,0.0837034046561701,1225,0.0800967699751537,1721,0.1066427066551,1792,0.0799143774527292,2068,0.0907097113781911,2626,0.120282154635398,2889,0.133570669009201,2840,0.12453409340057,9109,0.285494891243026,9063,0.297606147177618,9169,0.272570528255893,11009,0.302503228642871,10580,0.300175906485842,10184,0.282520043276833,10407,0.284670933858526,,,,
  Consumer Health,,806,0.176329030846642,821,0.176445304104879,882,0.163636363636364,1160,0.197850929558247,1090,0.181969949916528,7866,0.589655172413793,8125,0.575302697727112,7474,0.544791894452949,8074,0.543264701924371,8144,0.532496403818491,8298,0.514190110298674,8519,0.379905458437388,8531,0.374199491183437,7675,0.351548186148772,7240,0.334735771418004,8263,0.362332821749616,8875,0.2781608474895,8670,0.284701014678357,9736,0.289425963910937,10336,0.284010661390927,9810,0.278329455824774,—,,—,,,,,
Assets,,38488,1.0,40556,1.0,48263,1.0,53317,1.0,58864,1.0,70556,1.0,80954,1.0,84912,1.0,94682,1.0,102908,1.0,113644,1.0,121347,1.0,132683,1.0,130358,1.0,133411,1.0,141208,1.0,157303,1.0,152954,1.0,157728,1.0,174894,1.0,182018,1.0,187378,1.0,167558,1.0,,,,
  Med Tech,,13645,0.479697662155036,15052,0.482126841768097,16082,0.436963373546354,15805,0.415866333377187,16540,0.425127229733203,18601,0.296288626951258,19978,0.301290945285637,20779,0.324226064161778,22853,0.331279717035834,23277,0.347464584794972,23609,0.329891289159657,42926,0.475497363640392,44585,0.484203781535421,41445,0.465355205982417,40979,0.466226747824108,39773,0.436007059777902,45413,0.349618532176484,46254,0.359206939666219,49462,0.373659081981084,49578,0.346478814181185,53372,0.373677614490055,70956,0.548380116235934,74710,0.56158576003127,,,,
  Innovative Medicine,,10591,0.37233257162946,11112,0.355925688661115,15351,0.417101402021519,16058,0.422523352190501,16091,0.413586593327507,18799,0.299442497610704,19780,0.298304880255776,19544,0.304955685931844,21460,0.311086628783486,19961,0.29796539833709,23747,0.331819579129754,23219,0.257200141787408,23783,0.258289077857058,25803,0.289722774278304,26144,0.297445816030491,27477,0.30121353635676,59450,0.457684401776847,56636,0.439833187074328,56292,0.425256096455444,66158,0.462349134466878,64376,0.450720791996023,58436,0.451619883764066,58324,0.43841423996873,,,,
  Corporate,,10043,,9336,,11459,,15312,,19958,,7776,,14646,,20824,,25698,,35917,,42078,,31071,,40604,,41297,,45516,,49987,,27410,,24187,,25356,,31803,,39189,,57986,,34524,,,,,
  Consumer Health,,4209,0.147969766215504,5056,0.161947469570788,5371,0.145935224432127,6142,0.161610314432312,6275,0.16128617693929,25380,0.404268875438038,26550,0.400404174458587,23765,0.370818249906379,24671,0.35763365418068,23753,0.354570016867937,24210,0.338289131710589,24131,0.267302494572201,23711,0.257507140607522,21813,0.24492201973928,20772,0.236327436145401,23971,0.262779403865338,25030,0.192697066046669,25877,0.200959873259453,26618,0.201084821563473,27355,0.191172051351937,25081,0.175601593513922,—,,—,,,,,
Sales Change - Currencies %,,—,,—,,—,,—,,—,,—,,—,,—,,—,,—,,—,,—,,—,,—,,—,,—,,—,,—,,—,,—,,—,,—,,—,,,,,
  Innovative Medicine,,—,,0.7,,4.1,,—,,34.4,,0.3,,2.6,,1.9,,-2.2,,0.4,,2.6,,-2.8,,-1.1,,-1.6,,-6.9,,-0.9,,0.3,,0.6,,5.8,,-0.2,,1.2,,-5,,-0.6,,,,,
    Infectious Diseases,,—,,—,,—,,—,,—,,—,,—,,—,,—,,—,,—,,-4.4,,0,,-0.9,,-7.1,,-1.1,,1,,1,,-3.2,,-0.5,,1.5,,-7.3,,0.9,,,,,
      Edurant,,—,,—,,—,,—,,—,,—,,—,,—,,—,,—,,—,,—,,—,,0,,-19.6,,-0.6,,2.5,,4,,-5.2,,1.4,,3.1,,-10.3,,2.6,,,,,
      Covid-19 Vaccine,,—,,—,,—,,—,,—,,—,,—,,—,,—,,—,,—,,—,,—,,—,,—,,—,,—,,—,,—,,—,,—,,-10.6,,1.3,,,,,
      Prezista,,—,,—,,—,,—,,—,,—,,—,,—,,—,,-0.9,,2.7,,-4.2,,0.2,,-1,,-7.7,,-1.2,,0.5,,0.4,,-2.2,,-0.9,,0.6,,-2.3,,0.3,,,,,
      Other Infectious Diseases,,—,,—,,—,,—,,—,,—,,—,,—,,—,,—,,—,,-7.4,,-0.2,,-1.6,,-8.7,,-1.8,,0.9,,-0.4,,-3.8,,-2.2,,2.4,,-5.1,,-3.1,,,,,
      Levaquin/Floxin,,—,,—,,—,,—,,—,,—,,—,,0,,-0.6,,0.1,,0.1,,-0.2,,—,,—,,—,,—,,—,,—,,—,,—,,—,,—,,—,,,,,
      Intelence,,—,,—,,—,,—,,—,,—,,—,,—,,—,,—,,—,,-3.7,,0.1,,—,,—,,—,,—,,—,,—,,—,,—,,—,,—,,,,,
       Olysio/Sovriad,,—,,—,,—,,—,,—,,—,,—,,—,,—,,—,,—,,—,,—,,-0.4,,—,,—,,—,,—,,—,,—,,—,,—,,—,,,,,
      Incivo,,—,,—,,—,,—,,—,,—,,—,,—,,—,,—,,—,,—,,-0.8,,-1.3,,—,,—,,—,,—,,—,,—,,—,,—,,—,,,,,
    Cardiovascular / Metabolism / Other,,—,,—,,—,,—,,—,,—,,—,,—,,—,,—,,—,,-2.5,,-0.3,,-1,,-4.3,,-1.1,,-0.1,,0.2,,-1,,-0.3,,1,,-1.6,,0,,,,,
      Xarelto,,—,,—,,—,,—,,—,,—,,—,,—,,—,,—,,—,,—,,0,,0,,0,,0,,0,,0,,0,,0,,0,,0,,0,,,,,
      Other Pharmaceuticals,,—,,—,,—,,—,,—,,—,,—,,—,,—,,—,,—,,-2.2,,-0.6,,-1.3,,-7.4,,-2.5,,-0.7,,0.4,,-0.8,,-1.2,,2.4,,-4.3,,-0.2,,,,,
      Aciphex/Pariet,,—,,—,,—,,—,,—,,—,,—,,1.9,,-3.1,,-0.3,,3,,-3.3,,-0.1,,—,,—,,—,,—,,—,,—,,—,,—,,—,,—,,,,,
      Procrit / Eprex / Epoetin Alfa,,—,,—,,—,,—,,—,,—,,—,,2,,-2.5,,-0.3,,1.9,,-2.5,,-7,,-0.8,,-5.2,,-0.9,,-12.3,,0.6,,-0.8,,-0.1,,1.6,,—,,—,,,,,
      Invokana/Invokamet,,—,,—,,—,,—,,—,,—,,—,,—,,—,,—,,—,,—,,—,,—,,0,,-0.5,,0.1,,0.1,,-0.9,,-0.4,,1.3,,—,,—,,,,,
    Immunology,,—,,—,,—,,—,,—,,—,,—,,—,,—,,—,,—,,-1.1,,-0.8,,-1.3,,-4.8,,-0.8,,0.3,,0.3,,-1.6,,-0.3,,1.1,,-3.7,,-0.5,,,,,
      Other Immunology,,—,,—,,—,,—,,—,,—,,—,,—,,—,,—,,—,,-1.8,,-2.9,,-4.2,,-10.3,,-5.8,,1.3,,-0.5,,-0.2,,-6.4,,1.4,,0,,0,,,,,
      Stelara,,—,,—,,—,,—,,—,,—,,—,,—,,—,,—,,—,,-3,,-0.3,,-0.9,,-6.8,,-0.8,,0.4,,0.9,,-1.8,,0,,1.2,,-3.9,,-0.2,,,,,
      Tremfya,,—,,—,,—,,—,,—,,—,,—,,—,,—,,—,,—,,—,,—,,—,,—,,—,,—,,0,,-1.8,,0.5,,0,,-4.7,,-0.4,,,,,
      Remicade,,—,,—,,—,,—,,—,,—,,—,,0,,0,,0,,0.4,,-0.8,,-0.6,,-1.2,,-3.4,,-0.8,,0.3,,-0.1,,-1,,-0.6,,1,,-1.3,,-0.8,,,,,
      Simponi/Simponi Aria,,—,,—,,—,,—,,—,,—,,—,,—,,—,,—,,—,,-3.2,,-3.9,,-2.6,,-9.3,,-0.1,,0.4,,0.4,,-2.3,,-0.5,,0.6,,-5,,-1.8,,,,,
    Oncology,,—,,—,,—,,—,,—,,—,,—,,—,,—,,—,,—,,-4.9,,-1.5,,-2.5,,-12.4,,-1.5,,0.4,,1.2,,-3.3,,-0.1,,1.6,,-7,,-0.7,,,,,
      Imbruvica,,—,,—,,—,,—,,—,,—,,—,,—,,—,,—,,—,,—,,—,,—,,0,,-2.9,,0.9,,0.8,,-4.1,,-0.5,,1.7,,-5.8,,-0.5,,,,,
      Erleada,,—,,—,,—,,—,,—,,—,,—,,—,,—,,—,,—,,—,,—,,—,,—,,—,,—,,—,,—,,—,,1.3,,-7.3,,-0.6,,,,,
      Darzalex,,—,,—,,—,,—,,—,,—,,—,,—,,—,,—,,—,,—,,—,,—,,—,,0,,0,,0.6,,-4.2,,-0.5,,1.5,,-7.1,,-0.7,,,,,
      Zytiga / Abiraterone Acetate,,—,,—,,—,,—,,—,,—,,—,,—,,—,,—,,—,,-3.7,,1.1,,-1.4,,-9.8,,-0.5,,0.3,,1.5,,-2.4,,0.7,,2,,-9.3,,-1.5,,,,,
      Other Oncology,,—,,—,,—,,—,,—,,—,,—,,—,,—,,—,,—,,-5.8,,-1.7,,-2.3,,-15.2,,-2.1,,0.4,,0.7,,-3.6,,-0.5,,0.7,,-5.4,,—,,,,,
       Doxil/Caelyx,,—,,—,,—,,—,,—,,—,,—,,—,,—,,—,,3.5,,-0.8,,—,,—,,—,,—,,—,,—,,—,,—,,—,,—,,—,,,,,
      Velcade,,—,,—,,—,,—,,—,,—,,—,,6.7,,-7.4,,0.3,,5.3,,-6.8,,-2.9,,-3.6,,-13.4,,-2.3,,-0.2,,2.2,,-2.6,,0.1,,—,,—,,—,,,,,
    Pulmonary Hypertension,,—,,—,,—,,—,,—,,—,,—,,—,,—,,—,,—,,—,,—,,—,,—,,—,,0,,0.9,,-1.6,,0,,0.4,,-4,,-1.3,,,,,
      Uptravi,,—,,—,,—,,—,,—,,—,,—,,—,,—,,—,,—,,—,,—,,—,,—,,—,,0,,0,,-0.8,,0.1,,0.5,,-1.7,,-0.7,,,,,
      Opsumit,,—,,—,,—,,—,,—,,—,,—,,—,,—,,—,,—,,—,,—,,—,,—,,—,,0,,0,,-2.2,,0,,0.6,,-4.6,,-1,,,,,
      Other,,—,,—,,—,,—,,—,,—,,—,,—,,—,,—,,—,,—,,—,,—,,—,,—,,0,,-0.3,,-3,,0.1,,-0.3,,-7.7,,-4.7,,,,,
      Tracleer,,—,,—,,—,,—,,—,,—,,—,,—,,—,,—,,—,,—,,—,,—,,—,,—,,0,,1,,-0.9,,—,,—,,—,,—,,,,,
    Neuroscience,,—,,—,,—,,—,,—,,—,,—,,—,,—,,—,,—,,-2.8,,-2.4,,-2.1,,-8.5,,-0.5,,0,,0.6,,-2.5,,-0.4,,1.2,,-4.8,,-1.8,,,,,
      Spravato,,—,,—,,—,,—,,—,,—,,—,,—,,—,,—,,—,,—,,—,,—,,—,,—,,—,,—,,—,,—,,—,,—,,0.1,,,,,
      Invega Sustenna,,—,,—,,—,,—,,—,,—,,—,,—,,—,,—,,—,,-2.2,,-2.7,,-1.7,,-8.3,,0.4,,0.3,,0.9,,-2.1,,0.1,,1.1,,-3.9,,-0.6,,,,,
      Concerta/Methylphenidate,,—,,—,,—,,—,,—,,—,,—,,0.9,,-2.2,,0.8,,1.7,,-1.7,,-1.2,,-2.5,,-9.8,,-1.3,,0.1,,0,,-2.4,,-0.4,,1.9,,-7.6,,-3.3,,,,,
      Other Neuroscience,,—,,—,,—,,—,,—,,—,,—,,—,,—,,—,,—,,-2.7,,-4.1,,-2.8,,-8.9,,-0.1,,-0.4,,0.5,,-2.8,,-1.5,,1,,-5.3,,-4.5,,,,,
      Invega/ Paliperidone,,—,,—,,—,,—,,—,,—,,—,,—,,—,,—,,—,,-2,,0.4,,-1.1,,—,,—,,—,,—,,—,,—,,—,,—,,—,,,,,
      Risperdal Consta,,—,,—,,—,,—,,—,,—,,—,,3.5,,-5.4,,-0.6,,3.8,,-3.6,,-1.6,,-1.5,,-8.7,,-0.8,,0.2,,0.7,,-2.8,,-0.4,,0.7,,—,,—,,,,,
    Razadyne/Reminyl,,—,,—,,—,,—,,—,,—,,—,,3.6,,—,,—,,—,,—,,—,,—,,—,,—,,—,,—,,—,,—,,—,,—,,—,,,,,
    Topamax,,—,,—,,—,,—,,—,,—,,—,,0.8,,-1.3,,0,,2.5,,—,,—,,—,,—,,—,,—,,—,,—,,—,,—,,—,,—,,,,,
    Duragesic/Fentanyl,,—,,—,,—,,—,,—,,—,,—,,3.5,,-2.9,,0.9,,4.2,,—,,—,,—,,—,,—,,—,,—,,—,,—,,—,,—,,—,,,,,
    Risperdal/Risperidone,,—,,—,,—,,—,,—,,—,,—,,1.5,,-0.4,,1.5,,5.9,,—,,—,,—,,—,,—,,—,,—,,—,,—,,—,,—,,—,,,,,
    Other,,—,,—,,—,,—,,—,,—,,—,,3.7,,-3,,1.1,,3.5,,—,,—,,—,,—,,—,,—,,—,,—,,—,,—,,—,,—,,,,,
  Med Tech,,—,,0,,5.7,,—,,24.2,,-0.2,,3.3,,2.9,,-2.3,,1,,3.1,,-2.3,,-2.2,,-1.8,,-7.3,,-1,,0.2,,0.4,,-2.1,,-0.2,,1.7,,-4.8,,-1.6,,,,,
    Orthopaedics,,—,,—,,—,,—,,—,,—,,—,,—,,—,,—,,—,,-1.9,,-1.5,,-3.4,,-6,,-1,,0.3,,0.6,,-1.7,,0.1,,1.5,,-3.7,,-0.5,,,,,
      Trauma,,—,,—,,—,,—,,—,,—,,—,,—,,—,,—,,—,,—,,—,,—,,-6.2,,-0.9,,0.3,,0.7,,-1.7,,0,,1.2,,-3.6,,-0.2,,,,,
      Knees,,—,,—,,—,,—,,—,,—,,—,,—,,—,,—,,—,,—,,—,,—,,-5.2,,-1.3,,0.2,,0.5,,-1.6,,0.1,,1.6,,-3.5,,-0.4,,,,,
      Hips,,—,,—,,—,,—,,—,,—,,—,,—,,—,,—,,—,,—,,—,,—,,-5.8,,-1.4,,0.3,,0.5,,-1.9,,0,,1.7,,-3.5,,-0.5,,,,,
"      Spine, Sports & Other",,—,,—,,—,,—,,—,,—,,—,,—,,—,,—,,—,,—,,—,,—,,-6.2,,-0.8,,0.2,,0.6,,-1.7,,0.2,,1.6,,-3.8,,-0.8,,,,,
    Surgery,,—,,—,,—,,—,,—,,—,,—,,—,,—,,—,,—,,—,,—,,—,,-7.8,,-1.4,,0.2,,0.2,,-2.6,,-0.6,,2.2,,-5,,-1.9,,,,,
      General,,—,,—,,—,,—,,—,,—,,—,,—,,—,,—,,—,,-2.9,,-2.3,,-2,,-6.4,,-1.5,,0.3,,0.3,,-2.7,,-0.8,,2,,-5.1,,-2,,,,,
      Advanced,,—,,—,,—,,—,,—,,—,,—,,—,,—,,—,,—,,—,,—,,—,,-7.9,,-1.5,,0.1,,0.4,,-2.7,,-0.4,,2.4,,-4.9,,-2,,,,,
      Specialty,,—,,—,,—,,—,,—,,—,,—,,—,,—,,—,,—,,—,,—,,—,,-8.3,,-1,,0.4,,-0.3,,-2,,—,,—,,—,,—,,,,,
    Vision Care,,—,,—,,—,,—,,—,,—,,—,,4.6,,0.1,,2.8,,4.7,,-1.6,,-5.3,,-3.1,,-9.2,,0.4,,-0.1,,0.3,,-1.7,,-0.1,,0.6,,-6.1,,-2,,,,,
      Surgical,,—,,—,,—,,—,,—,,—,,—,,—,,—,,—,,—,,—,,—,,—,,—,,—,,0,,0.4,,-1.7,,-0.2,,1.5,,-4.8,,-0.9,,,,,
      Contact Lenses/Other,,—,,—,,—,,—,,—,,—,,—,,—,,—,,—,,—,,—,,—,,—,,—,,—,,-0.1,,0.3,,-1.9,,-0.2,,0.4,,-6.6,,-2.4,,,,,
    Interventonal Solutions,,—,,—,,—,,—,,—,,—,,—,,—,,—,,—,,3.1,,-2.1,,-2.6,,-2,,-7.7,,0,,-0.1,,1.1,,-1.9,,0.3,,2.2,,-5.4,,-2.1,,,,,
      Abiomed,,—,,—,,—,,—,,—,,—,,—,,—,,—,,—,,—,,—,,—,,—,,—,,—,,—,,—,,—,,—,,—,,—,,0,,,,,
      Electrophysiology,,—,,—,,—,,—,,—,,—,,—,,—,,—,,—,,—,,—,,—,,—,,—,,—,,—,,—,,—,,—,,—,,—,,-2,,,,,
      Other Interventional Solutions,,—,,—,,—,,—,,—,,—,,—,,—,,—,,—,,—,,—,,—,,—,,—,,—,,—,,—,,—,,—,,—,,—,,-2.8,,,,,
    Infection Prevention/Other,,—,,—,,—,,—,,—,,—,,—,,—,,—,,—,,—,,-2.1,,-3.9,,—,,—,,—,,—,,—,,—,,—,,—,,—,,—,,,,,
    Ethicon Endo-Surgery,,—,,—,,—,,—,,—,,—,,—,,3,,-2.8,,1.2,,3.4,,—,,—,,—,,—,,—,,—,,—,,—,,—,,—,,—,,—,,,,,
    Ethicon,,—,,—,,—,,—,,—,,—,,—,,2.7,,-3.4,,1,,2.9,,—,,—,,—,,—,,—,,—,,—,,—,,—,,—,,—,,—,,,,,
    Specialty Surgery/Other,,—,,—,,—,,—,,—,,—,,—,,—,,—,,—,,—,,-2.3,,-1.6,,-4.2,,—,,—,,—,,—,,—,,—,,—,,—,,—,,,,,
    Ortho-Clinic Diagnostics-Medical Devices and Diagnostics,,—,,—,,—,,—,,—,,—,,—,,2.6,,-2,,0.9,,2.6,,—,,—,,—,,—,,—,,—,,—,,—,,—,,—,,—,,—,,,,,
    Diagnostics-Medicine,,—,,—,,—,,—,,—,,—,,—,,—,,—,,—,,—,,-1.8,,-2.3,,-1.2,,0,,-9.4,,0,,—,,—,,—,,—,,—,,—,,,,,
    Diabetes Care,,—,,—,,—,,—,,—,,—,,—,,2.9,,-2.4,,-0.4,,2.4,,-2.8,,-0.5,,-1.9,,-9.3,,-1.3,,0.8,,0.2,,—,,—,,—,,—,,—,,,,,
    Cordis,,—,,—,,—,,—,,—,,—,,—,,3.5,,—,,—,,—,,—,,—,,—,,—,,—,,—,,—,,—,,—,,—,,—,,—,,,,,
    Depuy-Medical Devices & Diagnostic,,—,,—,,—,,—,,—,,—,,—,,1.7,,-2.9,,0.8,,2.8,,—,,—,,—,,—,,—,,—,,—,,—,,—,,—,,—,,—,,,,,
  Consumer Health,,—,,-0.7,,3.8,,—,,18.2,,1.1,,4.1,,2.5,,-3.6,,1.2,,2.7,,-3.4,,-1.1,,-2.4,,-9.5,,-3,,0.9,,-0.4,,-2.7,,-1.9,,1.3,,—,,—,,,,,
    Women’s Health,,—,,—,,—,,—,,—,,—,,—,,3.4,,-4.4,,1.4,,2.7,,-5.3,,-2.4,,-4.4,,-15.4,,-6,,2.1,,-3.6,,-7,,-5.9,,-0.1,,—,,—,,,,,
    Skin Health / Beauty,,—,,—,,—,,—,,—,,—,,—,,2.7,,-3.2,,1,,2.6,,-2.7,,-0.5,,-1.4,,-7.3,,-2.1,,0.6,,-0.1,,-1.9,,-1.1,,1,,—,,—,,,,,
    Consumer Health - Baby Care,,—,,—,,—,,—,,—,,—,,—,,3.7,,-4.3,,2.5,,2.7,,-4.3,,-2.9,,-3.7,,-9.9,,-4.5,,0.5,,-2.2,,-3.8,,-4.5,,0.3,,—,,—,,,,,
    OTC,,—,,—,,—,,—,,—,,—,,—,,2,,-3.4,,0.6,,3,,-3.2,,-0.3,,-2.3,,-11.3,,-2.7,,1.1,,0.6,,-2.4,,-0.9,,2.2,,—,,—,,,,,
    Oral Care,,—,,—,,—,,—,,—,,—,,—,,1.7,,-3.9,,2.1,,2.8,,-3.2,,-1.2,,-2.1,,-9.3,,-2.8,,0.8,,-0.1,,-2.6,,-2.3,,1.4,,—,,—,,,,,
    Wound Care / Other,,—,,—,,—,,—,,—,,—,,—,,2.1,,-2.8,,1.3,,2.3,,-2,,-0.4,,-0.9,,-4.4,,-1.2,,0.7,,0.1,,-1.1,,-1.1,,1.4,,—,,—,,,,,
Depreciation and Amortization,,1605,1.0,1662,1.0,1869,1.0,2124,1.0,2093,1.0,2177,1.0,2777,1.0,2832,1.0,2774,1.0,2939,1.0,3158,1.0,3666,1.0,4104,1.0,3895,1.0,3746,1.0,3754,1.0,5642,1.0,6929,1.0,7009,1.0,7231,1.0,7390,1.0,6312,1.0,7486,1.0,,,,
  Innovative Medicine,,492,0.316195372750643,557,0.353202282815472,765,0.431715575620768,1008,0.504252126063031,918,0.465753424657534,929,0.454278728606357,1033,0.399613152804642,986,0.376192293017932,922,0.360296991012114,912,0.336035372144436,958,0.328082191780822,1010,0.293434049970947,1075,0.28009379885357,1053,0.292175360710322,929,0.27060879697058,886,0.258912916423144,2416,0.455333584621184,3802,0.576672228120734,3910,0.584541785020182,4006,0.577982975039677,4029,0.569550466497031,3687,0.615628652529638,3847,0.566568483063328,,,,
  Med Tech,,801,0.514781491002571,776,0.492073557387445,761,0.429458239277652,769,0.384692346173087,821,0.416539827498732,861,0.421026894865526,1080,0.41779497098646,1146,0.437237695536055,1124,0.439234075810864,1270,0.467943994104643,1331,0.455821917808219,1857,0.539511911679256,2224,0.579468473163106,1974,0.547724750277469,1945,0.5665598601806,1928,0.563413208649912,2216,0.417640407086317,2103,0.318974670104656,2014,0.301091343997608,2140,0.308757755013707,2286,0.323155216284987,2302,0.384371347470362,2943,0.433431516936672,,,,
  Corporate,,49,,85,,97,,125,,122,,132,,192,,211,,215,,225,,238,,224,,266,,291,,313,,332,,336,,336,,320,,300,,316,,323,,696,,,,,
  Consumer Health,,263,0.169023136246787,244,0.154724159797083,246,0.13882618510158,222,0.111055527763882,232,0.117706747843734,255,0.124694376528117,472,0.182591876208897,489,0.186570011446013,513,0.200468933177022,532,0.196020633750921,631,0.216095890410959,575,0.167054038349797,539,0.140437727983325,577,0.160099889012209,559,0.16283134284882,608,0.177673874926943,674,0.127026008292499,688,0.104353101774609,765,0.11436687098221,785,0.113259269946617,759,0.107294317217981,—,,—,,,,,
R&D Expenses,,—,,—,,—,,—,,—,,—,,—,,—,,6986,1.0,6844,1.0,7548,1.0,7665,1.0,8183,1.0,8490,1.0,9046,1.0,9095,1.0,10594,1.0,10775,1.0,11355,1.0,12159,1.0,14714,1.0,14135,1.0,15085,1.0,,,,
  Innovative Medicine,,—,,—,,—,,—,,—,,—,,—,,—,,4591,0.6571714858288,4432,0.647574517825833,5138,0.680710121886593,5362,0.699543378995434,5810,0.710008554319932,6213,0.731802120141343,6821,0.75403493256688,6967,0.766025288620121,8392,0.792146498017746,8446,0.78385150812065,8834,0.777983267283135,9563,0.786495599967103,11878,0.807258393366861,11642,0.823629288998939,11963,0.793039443155452,,,,
  Med Tech,,—,,—,,—,,—,,—,,—,,—,,—,,1763,0.252361866590324,1803,0.26344243132671,1751,0.231981981981982,1681,0.219308545335943,1783,0.217890749114017,1652,0.194581861012956,1600,0.176873756356401,1548,0.17020340846619,1616,0.152539173116859,1764,0.163712296983759,2028,0.178599735799207,2174,0.178797598486718,2377,0.161546826151964,2493,0.176370711001061,3122,0.206960556844548,,,,
  Consumer Health,,—,,—,,—,,—,,—,,—,,—,,—,,632,0.090466647580876,609,0.0889830508474576,659,0.0873078961314255,622,0.0811480756686236,590,0.0721006965660516,625,0.0736160188457008,625,0.069091311076719,580,0.0637713029136888,586,0.0553143288653955,565,0.0524361948955916,493,0.0434169969176574,422,0.0347068015461798,459,0.0311947804811744,—,,—,,,,,
Capital Expenditures,,-1731,,-2099,,-2262,,-2175,,-2632,,-2666,,-2942,,-3066,,-2365,,-2384,,-2893,,-2934,,-3595,,-3714,,-3463,,-3226,,-3232,,-3670,,-3498,,-3347,,-3652,,-3686,,-4543,,,,,
  Corporate,,-131,,-152,,-158,,-121,,-138,,-253,,-382,,-396,,-277,,-237,,-399,,-499,,-482,,-349,,-225,,-341,,-292,,-377,,-308,,-256,,-190,,-192,,-518,,,,,
  Innovative Medicine,,-749,0.468125,-1012,0.519774011299435,-1236,0.58745247148289,-1197,0.582765335929893,-1388,0.556535685645549,-1246,0.516369664318276,-1137,0.444140625,-920,0.344569288389513,-535,0.256226053639847,-508,0.23660922217047,-729,0.292301523656776,-737,0.302669404517454,-856,0.274975907484741,-977,0.290341753343239,-1063,0.32828906732551,-927,0.321317157712305,-936,0.318367346938775,-1012,0.307318554509566,-950,0.297805642633229,-863,0.279197670656745,-1198,0.346042749855575,-1374,0.393245563823698,-1653,0.410683229813665,,,,
  Med Tech,,-621,0.388125,-713,0.366204417051875,-639,0.303707224334601,-630,0.306718597857838,-785,0.314755412991179,-823,0.341069208454206,-919,0.358984375,-1251,0.468539325842697,-1114,0.533524904214559,-1113,0.51839776432231,-1095,0.439053728949479,-1230,0.505133470225873,-1724,0.553806617410858,-1807,0.536998514115899,-1631,0.503705991352687,-1472,0.510225303292894,-1566,0.53265306122449,-1843,0.559672031582144,-1912,0.599373040752351,-1980,0.640569395017794,-1933,0.558347775852109,-2120,0.606754436176302,-2372,0.589316770186335,,,,
  Consumer Health,,-230,0.14375,-222,0.11402157164869,-229,0.10884030418251,-227,0.110516066212269,-321,0.128708901363272,-344,0.142561127227518,-504,0.196875,-499,0.18689138576779,-439,0.210249042145594,-526,0.244993013507219,-670,0.268644747393745,-468,0.192197125256674,-533,0.171217475104401,-581,0.172659732540862,-544,0.168004941321804,-486,0.168457538994801,-438,0.148979591836735,-438,0.13300941390829,-328,0.10282131661442,-248,0.080232934325461,-331,0.0956094742923166,—,,—,,,,,
Estimated Market Size,,—,,—,,—,,—,,—,,—,,—,,—,,38600,1.0,—,,38100,1.0,—,,29400,1.0,9675,1.0,9262,1.0,9334,1.0,9058,1.0,—,,8839,1.0,—,,—,,8587,1.0,8942,1.0,,,,
  Trauma,,—,,—,,—,,—,,—,,—,,—,,—,,4500,0.116580310880829,—,,5000,0.131233595800525,—,,1200,0.0408163265306122,2640,0.272868217054264,2528,0.272943208810192,2569,0.275230340689951,2616,0.288805475822477,—,,2720,0.307727118452314,—,,—,,2871,0.334342610923489,2979,0.333146946991724,,,,
  Spine,,—,,—,,—,,—,,—,,—,,—,,—,,8700,0.225388601036269,—,,8700,0.228346456692913,—,,9000,0.306122448979592,4134,0.427286821705426,3906,0.421723169941697,3880,0.415684593957574,3525,0.389158754691985,—,,3201,0.362145039031565,—,,—,,2843,0.331081867939909,2947,0.329568329232834,,,,
  Hips,,—,,—,,—,,—,,—,,—,,—,,—,,6400,0.16580310880829,—,,6800,0.178477690288714,—,,0,,1368,0.141395348837209,1332,0.143813431224358,1361,0.145811013499036,1394,0.153897107529256,—,,1438,0.162688086887657,—,,—,,1514,0.176313031326424,1560,0.174457615745918,,,,
  Knees,,—,,—,,—,,—,,—,,—,,—,,—,,7200,0.186528497409326,—,,7500,0.196850393700787,—,,7600,0.258503401360544,1533,0.158449612403101,1496,0.161520190023753,1524,0.163274051853439,1523,0.168138661956282,—,,1480,0.167439755628465,—,,—,,1359,0.158262489810178,1456,0.162827108029524,,,,
  CMF,,—,,—,,—,,—,,—,,—,,—,,—,,—,,—,,700,0.0183727034120735,—,,1200,0.0408163265306122,—,,—,,—,,—,,—,,—,,—,,—,,—,,—,,,,,
"  Extremities, Biologics, & Bone Cement",,—,,—,,—,,—,,—,,—,,—,,—,,3100,0.0803108808290156,—,,900,0.0236220472440945,—,,1100,0.0374149659863946,—,,—,,—,,—,,—,,—,,—,,—,,—,,—,,,,,
  Power Tools,,—,,—,,—,,—,,—,,—,,—,,—,,—,,—,,1000,0.026246719160105,—,,1500,0.0510204081632653,—,,—,,—,,—,,—,,—,,—,,—,,—,,—,,,,,
  Neuro,,—,,—,,—,,—,,—,,—,,—,,—,,4800,0.124352331606218,—,,3000,0.078740157480315,—,,2700,0.0918367346938776,—,,—,,—,,—,,—,,—,,—,,—,,—,,—,,,,,
  Sports Medicine,,—,,—,,—,,—,,—,,—,,—,,—,,3900,0.101036269430052,—,,4500,0.118110236220472,—,,5100,0.173469387755102,—,,—,,—,,—,,—,,—,,—,,—,,—,,—,,,,,
Source: Bloomberg,,,,,,,,,,,,,,,,,,,,,,,,,,,,,,,,,,,,,,,,,,,,,,,,,,,
