DUK US Equity,"""=BDH($A$1, $B7, ""19900101"","""",""sort=a"",""dir=h"",""per=cq"")",Unnamed: 2,Unnamed: 3,Unnamed: 4,Unnamed: 5,Unnamed: 6,Unnamed: 7,Unnamed: 8,Unnamed: 9,Unnamed: 10,Unnamed: 11,Unnamed: 12,Unnamed: 13,Unnamed: 14,Unnamed: 15,Unnamed: 16,Unnamed: 17,Unnamed: 18,Unnamed: 19,Unnamed: 20,Unnamed: 21,Unnamed: 22,Unnamed: 23,Unnamed: 24,Unnamed: 25,Unnamed: 26,Unnamed: 27,Unnamed: 28,Unnamed: 29,Unnamed: 30,Unnamed: 31,Unnamed: 32,Unnamed: 33,Unnamed: 34,Unnamed: 35,Unnamed: 36,Unnamed: 37,Unnamed: 38,Unnamed: 39,Unnamed: 40,Unnamed: 41,Unnamed: 42,Unnamed: 43,Unnamed: 44,Unnamed: 45,Unnamed: 46,Unnamed: 47,Unnamed: 48,Unnamed: 49,Unnamed: 50,Unnamed: 51,Unnamed: 52,Unnamed: 53,Unnamed: 54,Unnamed: 55,Unnamed: 56,Unnamed: 57,Unnamed: 58,Unnamed: 59,Unnamed: 60,Unnamed: 61,Unnamed: 62,Unnamed: 63,Unnamed: 64,Unnamed: 65,Unnamed: 66,Unnamed: 67,Unnamed: 68,Unnamed: 69,Unnamed: 70,Unnamed: 71,Unnamed: 72,Unnamed: 73,Unnamed: 74,Unnamed: 75,Unnamed: 76,Unnamed: 77,Unnamed: 78,Unnamed: 79,Unnamed: 80,Unnamed: 81,Unnamed: 82,Unnamed: 83,Unnamed: 84,Unnamed: 85,Unnamed: 86,Unnamed: 87,Unnamed: 88,Unnamed: 89,Unnamed: 90,Unnamed: 91,Unnamed: 92,Unnamed: 93,Unnamed: 94,Unnamed: 95,Unnamed: 96,Unnamed: 97,Unnamed: 98,Unnamed: 99,Unnamed: 100,Unnamed: 101,Unnamed: 102,Unnamed: 103,Unnamed: 104,Unnamed: 105,Unnamed: 106,Unnamed: 107,Unnamed: 108,Unnamed: 109,Unnamed: 110,Unnamed: 111,Unnamed: 112,Unnamed: 113,Unnamed: 114,Unnamed: 115,Unnamed: 116,Unnamed: 117,Unnamed: 118,Unnamed: 119,Unnamed: 120,Unnamed: 121,Unnamed: 122,Unnamed: 123,Unnamed: 124,Unnamed: 125,Unnamed: 126,Unnamed: 127,Unnamed: 128,Unnamed: 129,Unnamed: 130,Unnamed: 131,Unnamed: 132,Unnamed: 133,Unnamed: 134,Unnamed: 135,Unnamed: 136,Unnamed: 137,Unnamed: 138,Unnamed: 139,Unnamed: 140
,"""=""=BDH($A$1, B"" & ROW() & "", """"19900101"""","""""""",""""sort=a"""",""""dates=h"""",""""dir=h"""",""""per=cq"""")""",,,,,,,,,,,,,,,,,,,,,,,,,,,,,,,,,,,,,,,,,,,,,,,,,,,,,,,,,,,,,,,,,,,,,,,,,,,,,,,,,,,,,,,,,,,,,,,,,,,,,,,,,,,,,,,,,,,,,,,,,,,,,,,,,,,,,,,,,,,
,,,,,,,,,,,,,,,,,,,,,,,,,,,,,,,,,,,,,,,,,,,,,,,,,,,,,,,,,,,,,,,,,,,,,,,,,,,,,,,,,,,,,,,,,,,,,,,,,,,,,,,,,,,,,,,,,,,,,,,,,,,,,,,,,,,,,,,,,,,,
,,,,,,,,,,,,,,,,,,,,,,,,,,,,,,,,,,,,,,,,,,,,,,,,,,,,,,,,,,,,,,,,,,,,,,,,,,,,,,,,,,,,,,,,,,,,,,,,,,,,,,,,,,,,,,,,,,,,,,,,,,,,,,,,,,,,,,,,,,,,
,,,,,,,,,,,,,,,,,,,,,,,,,,,,,,,,,,,,,,,,,,,,,,,,,,,,,,,,,,,,,,,,,,,,,,,,,,,,,,,,,,,,,,,,,,,,,,,,,,,,,,,,,,,,,,,,,,,,,,,,,,,,,,,,,,,,,,,,,,,,
Total Assets,,1990-03-30 00:00:00,1990-06-29 00:00:00,1990-09-28 00:00:00,1990-12-31 00:00:00,1991-03-28 00:00:00,1991-06-28 00:00:00,1991-09-30 00:00:00,1991-12-31 00:00:00,1992-03-31 00:00:00,1992-06-30 00:00:00,1992-09-30 00:00:00,1992-12-31 00:00:00,1993-03-31 00:00:00,1993-06-30 00:00:00,1993-09-30 00:00:00,1993-12-31 00:00:00,1994-03-31 00:00:00,1994-06-30 00:00:00,1994-09-30 00:00:00,1994-12-30 00:00:00,1995-03-31 00:00:00,1995-06-30 00:00:00,1995-09-29 00:00:00,1995-12-29 00:00:00,1996-03-29 00:00:00,1996-06-28 00:00:00,1996-09-30 00:00:00,1996-12-31 00:00:00,1997-03-31 00:00:00,1997-06-30 00:00:00,1997-09-30 00:00:00,1997-12-31 00:00:00,1998-03-31 00:00:00,1998-06-30 00:00:00,1998-09-30 00:00:00,1998-12-31 00:00:00,1999-03-31 00:00:00,1999-06-30 00:00:00,1999-09-30 00:00:00,1999-12-31 00:00:00,2000-03-31 00:00:00,2000-06-30 00:00:00,2000-09-29 00:00:00,2000-12-29 00:00:00,2001-03-30 00:00:00,2001-06-29 00:00:00,2001-09-28 00:00:00,2001-12-31 00:00:00,2002-03-28 00:00:00,2002-06-28 00:00:00,2002-09-30 00:00:00,2002-12-31 00:00:00,2003-03-31 00:00:00,2003-06-30 00:00:00,2003-09-30 00:00:00,2003-12-31 00:00:00,2004-03-31 00:00:00,2004-06-30 00:00:00,2004-09-30 00:00:00,2004-12-31 00:00:00,2005-03-31 00:00:00,2005-06-30 00:00:00,2005-09-30 00:00:00,2005-12-30 00:00:00,2006-03-31 00:00:00,2006-06-30 00:00:00,2006-09-29 00:00:00,2006-12-29 00:00:00,2007-03-30 00:00:00,2007-06-29 00:00:00,2007-09-28 00:00:00,2007-12-31 00:00:00,2008-03-31 00:00:00,2008-06-30 00:00:00,2008-09-30 00:00:00,2008-12-31 00:00:00,2009-03-31 00:00:00,2009-06-30 00:00:00,2009-09-30 00:00:00,2009-12-31 00:00:00,2010-03-31 00:00:00,2010-06-30 00:00:00,2010-09-30 00:00:00,2010-12-31 00:00:00,2011-03-31 00:00:00,2011-06-30 00:00:00,2011-09-30 00:00:00,2011-12-30 00:00:00,2012-03-30 00:00:00,2012-06-29 00:00:00,2012-09-28 00:00:00,2012-12-31 00:00:00,2013-03-28 00:00:00,2013-06-28 00:00:00,2013-09-30 00:00:00,2013-12-31 00:00:00,2014-03-31 00:00:00,2014-06-30 00:00:00,2014-09-30 00:00:00,2014-12-31 00:00:00,2015-03-31 00:00:00,2015-06-30 00:00:00,2015-09-30 00:00:00,2015-12-31 00:00:00,2016-03-31 00:00:00,2016-06-30 00:00:00,2016-09-30 00:00:00,2016-12-30 00:00:00,2017-03-31 00:00:00,2017-06-30 00:00:00,2017-09-29 00:00:00,2017-12-29 00:00:00,2018-03-29 00:00:00,2018-06-29 00:00:00,2018-09-28 00:00:00,2018-12-31 00:00:00,2019-03-29 00:00:00,2019-06-28 00:00:00,2019-09-30 00:00:00,2019-12-31 00:00:00,2020-03-31 00:00:00,2020-06-30 00:00:00,2020-09-30 00:00:00,2020-12-31 00:00:00,2021-03-31 00:00:00,2021-06-30 00:00:00,2021-09-30 00:00:00,2021-12-31 00:00:00,2022-03-31 00:00:00,2022-06-30 00:00:00,2022-09-30 00:00:00,2022-12-30 00:00:00,2023-03-31 00:00:00,2023-06-30 00:00:00,2023-09-29 00:00:00,2023-12-29 00:00:00,2024-03-28 00:00:00,2024-06-28 00:00:00,2024-09-30
"  + Cash, Cash Equivalents & STI",CASH_CASH_EQTY_STI_DETAILED,68.827,98.529,65.241,63.045,23.003,26.394,32.718,102.284,98.023,96.702,342.989,150.578,315.283,114.225,157.195,136.227,137.112,124.61,166.481,170.122,156.764,112.833,136.074,121.71,124.04,98.872,115.573,166,93.583,113.9,52.1,109.4,56.9,63.7,448.2,80,583,300,1060,613,375,415,761,622,489,1241,617,290,151,87,473,874,1109,1482,1751,1160,1500,2696,2858,1852,2065,2049,1439,1143,817,1006,2917,2462,1826,1633,1584,1115,642,1177,2056,1037,1252,710,1607,1542,1080,1010,1808,1670,1428,1371,2178,2300,1309,1760,2096,1757,1584,1851,2284,1545,1537,2008,1931,2036,2821,960,1370,383,778,676,6179,392,878,298,282,358,421,304,303,442,377,336,379,311,1450,341,308,259,379,367,548,341,853,428,453,409,451,377,324,253,459,390,
    + Cash & Cash Equivalents,BS_CASH_NEAR_CASH_ITEM,7.416,3.885,8.582,8.21,10.931,10.942,16.159,10.281,11.36,10.197,10.421,9.293,13.438,12.174,12.585,15.576,20.726,9.668,9.981,37.43,33.01,29.892,35.652,45.41,36.253,32.679,38.229,166,23.131,113.9,52.1,109.4,56.9,63.7,448.2,80,583,300,1060,613,375,415,761,622,489,1241,617,290,151,87,473,874,1109,1482,1751,397,1500,2696,2858,533,1001,1009,377,511,785,752,820,948,570,611,675,678,642,717,1876,986,1201,706,1606,1542,1080,1010,1808,1670,1419,1362,2032,2110,1071,1526,1761,1424,1296,1571,2166,1501,1531,2008,1931,2036,2821,960,1370,383,778,676,6179,392,878,298,282,358,421,304,303,442,377,336,379,311,1450,341,308,259,379,367,548,341,853,428,453,409,451,377,324,253,459,390,
    + ST Investments,BS_MKT_SEC_OTHER_ST_INVEST,61.411,94.644,56.659,54.835,12.072,15.452,16.559,92.003,86.663,86.505,332.568,141.285,301.845,102.051,144.61,120.651,116.386,114.942,156.5,132.692,123.754,82.941,100.422,76.3,87.787,66.193,77.344,0,70.452,0,0,0,0,0,0,0,0,0,0,0,0,0,0,0,0,0,0,0,0,0,0,0,0,0,0,763,0,0,0,1319,1064,1040,1062,632,32,254,2097,1514,1256,1022,909,437,0,460,180,51,51,4,1,0,0,0,0,0,9,9,146,190,238,234,335,333,288,280,118,44,6,0,0,0,0,0,0,0,0,0,0,0,0,0,0,0,0,0,0,0,0,0,0,0,0,0,0,0,0,0,0,0,0,0,0,0,0,0,0,0,0,0,
  + Accounts & Notes Receiv,BS_ACCT_NOTE_RCV,447.255,475.943,563.02,463.486,487.014,523.829,536.359,508.898,479.004,514.503,536.288,494.644,547.016,513.131,568.572,531.592,482.551,572.154,579.521,552.865,569.383,546.031,623.853,500.275,633.349,646.673,667.933,1888,673.353,1718.5,2371,2280.8,1995.9,1993.3,2585.8,2318,2323,2427,3580,3248,3516,5595,8375,8648,8194,8310,8447,5301,5647,6597,5958,4861,7422,6111,3102,2953,2689,2982,2720,3184,3202,2905,2131,2580,2071,2253,1969,2256,1466,1486,1778,1767,1652,1845,1656,1653,1465,1511,1489,1741,724,756,769,764,744,1173,764,784,613,610,1596,1516,1503,1593,1585,1286,597,877,854,791,750,650,722,515,609,575,583,751,623,498,528,779,759,612,682,962,775,646,755,1066,809,753,719,1009,950,868,998,1085,1148,907,1092,1309,1035,1016,831,1112,1646,2127,
"    + Accounts Receivable, Net",BS_ACCTS_REC_EXCL_NOTES_REC,,,,,,,,,,,,,,,,,,,,,,,,,,,,,,,,,,,,,,,,,3516,5595,8375,,,,,,,6597,5958,4861,,6111,3102,2888,2689,2982,2720,3184,3202,2905,2131,2580,2071,2253,1969,2256,1466,1486,1778,1767,1652,1845,1656,1653,1465,1511,1489,1741,724,756,769,764,744,1173,764,784,613,610,1596,1516,1503,1593,1585,1286,597,877,854,791,750,650,722,515,609,575,583,751,623,498,528,779,759,612,682,962,775,646,755,1066,809,753,719,1009,950,868,998,1085,1148,907,1092,1309,1035,1016,831,1112,1646,2127,
"    + Notes Receivable, Net",NOTES_RECEIVABLE,,,,,,,,,,,,,,,,,,,,,,,,,,,,,,,,,,,,,,,,,,,,,,,,,,,,,,,,,,,,,,,,,,,,,,,,,,,,,,,,,,,,,,,,,,,,,,,,,,,,,,,,,,,,,,,,,,,,,,,,,,,,,,,,,,,,,,,,,,,
  + Unbilled Revenues,BS_UNBILLED_REVENUES,,,,,,,,,,,,,,,,,,,,,,,,,,,,,,,,,,,,,,,,,,,,,,,,,,,,,,,,,,,,,,,,,,,,,,,,,,,,,,,,,,,,,,,,,,,,,,,,,,,,,,,,,,,,,,,,,,,,,,,,,,,,,,,,,,,,,,,,,,,
  + Inventories,BS_INVENTORIES,301.721,300.258,272.797,295.522,332.974,295.911,287.593,288.656,291.49,308.986,275.411,298.039,282.184,266.844,243.145,268.888,272.511,282.991,288.642,319.385,344.529,354.633,320.277,341.841,332.028,319.88,326.251,433.5,321.341,466.8,469.2,440.1,459.5,521.7,521.2,543,516,548,590,599,616,750,803,739,657,875,872,1017,1149,1174,1166,1134,946,1179,1279,941,878,837,894,942,1494,1914,1758,1726,1598,2402,2486,1358,950,1027,1029,1012,946,1026,1125,1135,1243,1368,1420,1515,1337,1302,1230,1318,1347,1415,1421,1588,1754,1762,3041,3223,3096,3130,3100,3250,2908,3056,3200,3459,3413,3469,3537,3746,3721,3627,3351,3522,3366,3369,3265,3250,3149,3177,3140,3084,3102,3189,3107,3232,3324,3289,3190,3167,3076,3015,2900,3111,3171,3208,3487,3584,3865,4100,4118,4292,4281,4390,
    + Raw Materials,INVTRY_RAW_MATERIALS,,,,,,,,,,,,,,,,,,,,,,,,,,,,,,,,,,,,,,,,,,,,,,,,,,,,,,1179,,,,,,,,,,,,,,,,,,,,,,,,670,674,,,,,,,,,,,,,3223,,,,,,,,3459,,,,3810,,,3351,3522,3366,3369,3265,3250,3149,3177,3140,3084,3102,3189,3107,3232,3324,3289,3190,3167,3076,3015,2900,3111,3171,3208,3487,3584,3865,4100,4118,4292,4281,4390,
    + Work In Process,INVTRY_IN_PROGRESS,,,,,,,,,,,,,,,,,,,,,,,,,,,,,,,,,,,,,,,,,,,,,,,,,,,,,,,,,,,,,,,,,,,,,,,,,,,,,,,,,,,,,,,,,,,,,,,,,,,,,,,,,,,,,,,,,,,,,,,,,,,,,,,,,,,,,,,,,,,
    + Finished Goods,INVTRY_FINISHED_GOODS,,,,,,,,,,,,,,,,,,,,,,,,,,,,,,,,,,,,,,,,,,,,,,,,,,,,,,,,,,,,,,,,,,,,,,,,,,,,,,,,,,,,,,,,,,,,,,,,,,,,,,,,,,,,,,,,,,,,0,,,,0,,,,0,,,,0,,,,0,,,,,,,
    + Other Inventory,BS_OTHER_INV,,,,,,,,,,,,,,,,,,,,,,,,,,,,,,,,,,,,,,,,,,,,,,,,,,,,,,,,,,,,,,,,,,,,,,,,,,,,,,,,,,,,,,,,,,,,,,,,,,,,,,,,,,,,,,,,,,,,,,,,,,,,,,,,,,,,,,,,,,,
  + Other ST Assets,OTHER_CURRENT_ASSETS_DETAILED,14.724,10.941,9.115,10.853,14.061,10.392,9.965,10.672,13.636,10.81,9.844,11.61,14.399,10.938,11.105,12.062,15.018,9.898,11.186,15.722,20.691,15.543,18,212.328,21.809,20.962,21.816,658.5,28.105,489,1186,854.9,984.7,2107.1001,1132.1,1884,1621,2121,1042,1711,1956,6014,6103,12504,5752,4132,3189,2993,4747,4245,3940,3031,3411,3763,3139,2621,2673,2063,2176,1940,2263,2051,3660,3371,1523,2355,2053,971,890,883,879,1031,967,1236,1015,1448,1360,1802,1299,968,2350,2375,2230,2471,2026,1675,1910,2208,2248,2355,3373,3626,3366,3301,3449,4435,5523,5574,5590,5289,5338,4519,4566,3678,2835,3219,3421,3374,3138,3508,3631,4066,3950,4383,5395,5226,4914,5338,5378,4554,4598,4854,4462,4247,4103,4735,4990,5403,5870,7018,7940,7920,6963,7595,7775,7112,5705,5650,
    + Prepaid Expenses,BS_PREPAY,14.724,10.941,9.115,10.853,14.061,10.392,9.965,10.672,13.636,10.81,9.844,11.61,14.399,10.938,11.105,12.062,15.018,9.898,11.186,15.722,20.691,15.543,18,22.9,21.809,20.962,21.816,23.931,28.105,130.1,136.8,,,,,,,,,,,,,,,,,,,,0,,0,0,0,0,0,0,0,0,0,0,0,0,0,0,0,0,0,0,0,0,0,0,0,0,0,,0,0,0,0,0,0,0,,,0,0,,,0,0,,0,0,0,,0,0,0,,0,0,0,0,0,0,0,0,0,0,0,0,0,0,0,0,0,0,0,0,0,0,0,0,0,0,0,0,0,0,0,0,0,0,0,0,
    + Derivative & Hedging Assets,BS_DERIV_HEDGING_ASST_ST,,,,,,,,,,,,,,,,,,,,,,,,,,,,,,,,,,,,,,,,,,,,,,,,,,,,,,,,,,,,,,,,,,,,,,,,,,,,,,,,,,,,,,,,,,,,,,,,,,,,,,,,,,,,,,,,,,,,,,,,,,,,,,,,,,,,,,,,,,,
    + Taxes Receivable,BS_TAXES_RECEIVABLE_SHORT_TERM,,,,,,,,,,,,,,,,,,,,,,,,,,,,,,,,,,,,,,,,,,,,,,,,,,,,,,,,,,,,,,,,,,,,,,,,,,,,,,,,,,,,,,,,,,,,,,,,,,,,,,,,,,,,,,,,,,,,,,,,,,,,,,,,,,,,,,,,,,,
    + Misc ST Assets,BS_OTHER_CUR_ASSET_LESS_PREPAY,0,0,0,0,0,0,0,0,0,0,0,0,0,0,0,0,0,0,0,0,0,0,0,189.428,0,0,,634.569,,358.9,1049.2,854.9,984.7,2107.1001,1132.1,1884,1621,2121,1042,1711,1956,6014,6103,12504,5752,4132,3189,2993,4747,4245,3940,3031,3411,3763,3139,2621,2673,2063,2176,1940,2263,2051,3660,3371,1523,2355,2053,971,890,883,879,1031,967,1236,1015,1448,1360,1802,1299,968,2350,2375,2230,2471,2026,1675,1910,2208,2248,2355,3373,3626,3366,3301,3449,4435,5523,5574,5590,5289,5338,4519,4566,3678,2835,3219,3421,3374,3138,3508,3631,4066,3950,4383,5395,5226,4914,5338,5378,4554,4598,4854,4462,4247,4103,4735,4990,5403,5870,7018,7940,7920,6963,7595,7775,7112,5705,5650,
Total Current Assets,BS_CUR_ASSET_REPORT,832.527,885.671,910.173,832.906,857.052,856.526,866.635,910.51,882.153,931.001,1164.532,954.871,1158.882,905.138,980.017,948.769,907.192,989.653,1045.83,1058.094,1091.3669,1029.04,1098.204,1176.1541,1111.226,1086.387,1131.573,3146,1116.382,2788.2,4078.3,3685.2,3497,4685.7998,4687.2998,4825,5043,5396,6272,6171,6463,12774,16042,22513,15092,14558,13125,9601,11694,12103,11537,9900,12888,12535,9271,7675,7740,8578,8648,7918,8277,7962,8109,7957,5210,6815,8182,7047,5132,5029,5270,4925,4207,5284,5852,5273,5320,5391,5815,5766,5491,5443,6037,6223,5545,5634,6273,6880,5924,6487,10106,10122,9549,9875,10418,10516,10565,11515,11575,11575,12322,9598,10195,8322,7943,8097,13534,8039,8005,7673,7706,8453,8279,8476,9520,9714,9168,9509,9619,9163,10181,9237,8679,8682,8508,8985,9436,9940,11042,11561,12972,13222,12314,13088,13048,12769,12091,12557,
"  + Property, Plant & Equip, Net",BS_NET_FIX_ASSET,8173.5679,8331.9736,8492.0127,8639.8154,8725.6318,8781.585,8833.1465,8886.4287,8891.1885,8899.084,8937.6553,9121.4932,9104.4365,9170.458,9105.9648,9235.3496,9290.0869,9339.1367,9406.9326,9565.9492,9582.2607,9603.2676,9639.458,9715.2461,9715.9707,9761.7744,9760.4541,15269.0996,9855.376,15409.4004,15538.2002,15735.9004,15813.4004,15901.5,16635.9004,16875,17542,17736,20173,20995,23091,23386,24046,24452,24434,25561,26827,28415,35304,36384,36331,37379,36930,37734,37497,33848,34078,32730,32856,33806,33391,33390,28600,29200,29459,40895,40803,41447,29378,29799,30134,31110,31692,32465,33248,34036,34505,35429,36425,37950,38706,39060,39724,40344,40944,41610,41877,42661,42971,43787,69031,68558,68813,68877,69284,69490,66355,66908,69595,70046,70301,71759,73776,73779,76432,77329,78216,82520,83516,84404,84862,86391,87373,88495,89865,91694,97419,98933,100615,103785,104741,105905,107337,108306,109169,110136,111523,106672,113571,115073,117106,112790,113961,115489,117020,116407,117983,121208,
"    + Property, Plant & Equip",BS_GROSS_FIX_ASSET,11687.4531,11922.0215,12153.3262,12327.7197,12487.5391,12626.7012,12761.126,12879.4502,12962.1445,13051.377,13172.29,13402.1104,13470.1475,13593.9121,13602.4658,13757,13870.4287,14007.1328,14160.3467,14400.0898,14506.6035,14624.9688,14730.1162,14867.3896,14965.4316,15074.5664,15170.6367,24104.9004,15413.1094,24907.4004,25185.5,25078.0996,25774.4004,26057.1992,26885.0996,26803,25932,26362,29413,29992,32359,32978,33954,34095,34860,36137,37729,38918,46921,48219,48455,48677,49815,50953,50921,45383,46719,45530,45908,46806,46648,46894,40022,40574,41414,57340,57538,58330,43257,43908,44533,46056,47318,48489,49584,50304,51095,52356,53660,55362,56493,56687,57793,58539,59435,60217,60782,61450,62057,62888,101349,100527,101314,101388,102420,103115,99874,100885,104140,104870,105701,107585,111255,,114586,115741,117028,121926,123809,124926,126023,127928,129680,130994,133065,134820,,,,,,,,,,,,,,,,,,,,,,,
    - Accumulated Depreciation,BS_ACCUM_DEPR,3513.885,3590.0471,3661.313,3687.905,3761.907,3845.116,3927.98,3993.022,4070.957,4152.293,4234.6348,4280.6128,4365.71,4423.4541,4496.501,4521.6499,4580.3418,4667.9961,4753.4141,4834.1411,4924.3428,5021.7012,5090.6582,5152.1479,5249.4609,5312.792,5410.1831,8835.7998,5557.7329,9498,9647.2998,9342.2002,9961,10155.7002,10249.2002,9928,8390,8626,9240,8997,9268,9592,9908,9643,10426,10576,10902,10503,11617,11835,12124,11298,12885,13219,13424,11535,12641,12800,13052,13000,13257,13504,11422,11374,11955,16445,16735,16883,13879,14109,14399,14946,15626,16024,16336,16268,16590,,17235,17412,17787,17627,18069,,18491,18607,18905,18789,19086,19101,32318,31969,32501,32511,33136,33625,33519,33977,34545,34824,35400,35826,37479,,38154,38412,38812,39406,40293,40522,41161,41537,42307,42499,43200,43126,43992,44482,45149,45773,46599,47295,48185,48827,49772,49752,50543,49104,51517,52252,53241,52100,53162,54030,54994,56038,57035,57874,
  + LT Investments & Receivables,BS_LT_INVEST,115.226,117,100.859,100.366,95.201,94.483,95.848,99.005,99.306,100.031,95.848,65.82,140.745,143.061,149.409,90.301,90.041,68.718,70.951,83.226,93.292,117.514,89.871,85.194,163.664,88.885,100.542,63.5,117.407,,,239.6,240.4,235.7,236.1,244,242,224,573,0,0,353,408,0,0,0,0,0,0,0,0,0,0,0,0,1353,0,1228,0,1128,1232,1354,1374,1281,1326,3898,0,0,663,0,0,0,710,0,0,0,0,,0,0,0,0,0,0,0,0,0,0,0,0,0,0,0,0,0,0,0,0,0,0,0,0,0,0,0,0,0,0,0,0,0,0,0,0,0,0,0,0,0,0,0,0,0,0,0,0,0,0,0,0,0,0,0,0,0,0,0,0,
    + LT Investments,BS_LONG_TERM_INVESTMENTS,,,,,,,,,,,,,,,,,,,,,,,,,,,,,,,,,,,,,,,,,,,,,,,,,,,,,,,,,,,,,,,,,,,,,,,,,,,,,,,,,,,,,,,,,,,,,,,,,,,,,,,,,,,,,,,,,,,,,,,,,,,,,,,,,,,,,,,,,,,
    + LT Receivables,BS_LT_RECEIVABLES,,,,,,,,,,,,,,,,,,,,,,,,,,,,,,,,,,,,,,,,,,,,,,,,,,,,,,,,,,,,,,,,,,,,,,,,,,,,,,,,,,,,,,,,,,,,,,,,,,,,,,,,,,,,,,,,,,,,,,,,,,,,,,,,,,,,,,,,,,,
  + Other LT Assets,BS_OTHER_ASSETS_DEF_CHRG_OTHER,505.485,513.66,511.419,510.42,511.198,529.237,551.232,574.671,584.376,586.934,592.863,597.798,1273.114,1272.385,1537.125,1800.231,1803.854,1908.9611,1933.564,1982.569,2017.219,2059.519,2101.072,2108.4241,1994.958,2055.134,2041.244,3525,2004.499,3691.3999,3694.6001,3897,3928.6001,4054.8,4125.5,4282,5275,5537,4677,4241,4899,5844,7253,9163,9429,7934,8575,8319,12785,13769,12100,10120,10604,11481,10952,12026,11208,9717,10679,10252,10347,10561,11303,12848,11800,17172,17119,16126,11245,11040,10988,11044,11220,11379,11287,11859,11953,11910,11368,11123,11227,11539,9861,10065,9948,9954,10243,10465,10178,10103,28174,30451,30290,30273,29572,29251,31255,30952,32762,33032,33600,31314,30995,32731,30907,30649,31220,35072,35017,35059,35577,34798,34676,34988,35031,35855,35573,35671,36124,35814,36031,36046,36106,35325,35459,35440,35236,42117,35804,36192,37188,42982,42969,41455,41342,37082,37319,36383,
    + Total Intangible Assets,BS_DISCLOSED_INTANGIBLES,,,,,,,,,,,,,,,,,,,,,,,,,,,,,,,,503.6,516.5,506.1,504.3,495,641,628,1047,844,1383,1213,1195,1870,1821,1907,1935,1730,4419,4125,3942,3747,3730,3747,3870,3962,3932,3855,4002,4148,4141,4106,3773,3775,3782,9090,9193,9080,5487,5463,5403,5362,5353,5348,5380,5400,5360,5362,4989,4943,4920,4355,4346,4325,4325,4336,4218,4212,4210,4199,16539,16737,16727,16695,16696,16340,16342,16343,16331,16321,16329,16328,16312,16072,16349,16357,16354,19425,19425,19425,19418,19396,19396,19396,19303,19303,19303,19303,19303,19303,19303,19303,19303,19303,19303,19303,19303,19303,19303,19303,19303,19303,19303,19303,19303,19303,19303,19303,
    + Goodwill,BS_GOODWILL,,,,,,,,,,,,,,,,,,,,,,,,,,,,,,,,,,,,,,,,,1065,1213,1195,1566,,,1625,1730,4085,4125,3942,3747,3730,3747,3870,3962,3932,3855,4002,4148,4141,4106,3773,3775,3782,8042,8212,8175,4659,4642,4647,4642,4650,4654,4705,4720,4721,4741,4383,4350,4349,3848,3857,3858,3862,3868,3847,3849,3853,3842,16180,16365,16371,16345,16345,16340,16342,16343,16331,16321,16329,16328,16312,16072,16349,16357,16354,19425,19425,19425,19418,19396,19396,19396,19303,19303,19303,19303,19303,19303,19303,19303,19303,19303,19303,19303,19303,19303,19303,19303,19303,19303,19303,19303,19303,19303,19303,19303,
    + Other Intangible Assets,OTHER_INTANGIBLE_ASSETS_DETAILED,,,,,,,,,,,,,,,,,,,,,,,,,,,,,,,,,,,,,,,,,,,,,,,,,,,,,,,,,,,,,,,,,,,,,,,,,,,,,,621,,593,,507,489,,463,468,371,363,357,357,359,372,356,350,351,,,,,,,,,,,,,,,,,,,,,,,,,,,,,,,,,,,,,,,,,,,,
    + Prepaid Expense,BS_PREPAID_EXPENSE_LT,,,,,,,,,,,,,,,,,,,,,,,,,,,,,,,,,,,,,,,,,,,,,,,,,,,,,,,,,,,,,,,,,,,,,,,,,,,,,,,,,,,,,,,,,,,,,,,,,,,,,,,,,,,,,,,,,,,,,,,,,,,,,,,,,,,,,,,,,,,
    + Deferred Tax Assets,BS_DEFERRED_TAX_ASSETS_LT,,,,,,,,,,,,,,,,,,,,,,,,,,,,,,,,,,,,,,,,,,,,,,,,,,,,,,,,,,,,,,,,,,,,,,,,,,,,,,,,,,,,,,,,67,,,,85,,,,,,,,5277,,,,5662,,,,6712,,,,5104,,,,5175,,,,4714,,,,4894,,,,4591,,,,5259,,,,5117,,,
    + Derivative & Hedging Assets,BS_DERIV_HEDGING_ASST_LT,,,,,,,,,,,,,,,,,,,,,,,,,,,,,,,,,,,,,,,,,,,,,,,,,,,,,,,,,,,,,,,,,,,,,,,,,,,,,,,,,,,,,,,,,,,,,,,,,,,,,,,,,,,,,,,,,,,,,,,,,,,,,,,,,,,,,,,,,,,
    + Investments in Affiliates,BS_INVEST_IN_ASSOC_CO,,,,,,,,,,,,,,,,,,,,,,,,,,,,,,,,,,,,,,,,1299,1316,1375,1370,1387,1341,1477,1293,1480,2067,2256,2196,2015,2110,1625,1490,1398,1365,1331,1294,1292,1282,1318,2474,1933,2037,0,2512,2305,0,683,686,696,0,666,707,473,460,466,458,436,363,358,351,444,445,457,459,460,479,450,542,483,478,508,511,390,386,381,350,358,343,375,501,499,547,613,604,925,1122,1267,1366,1175,1189,1168,1328,1409,1602,1715,1864,1936,2067,861,924,961,919,938,951,457,976,983,951,455,465,479,505,492,502,483,
    + Misc LT Assets,OTHER_NONCURRENT_ASSETS_DETAILED,,,,,,,,,,,,,,,,,,,,,,,,,,,,,,,,,,,,,,,,,,,,,,,,,,,,,,,,,,,,,,,,,,,,,,,,,,,,,,,,,,,,,,,,,,,,,,,,,,,,,,,,,,,,,,,,,,,,,,,,,,,,,,,,,,,,,,,,,,,
Total Noncurrent Assets,BS_TOT_NON_CUR_ASSET,8794.2791,8962.6338,9104.2913,9250.6012,9332.0309,9405.3054,9480.2257,9560.1048,9574.8699,9586.0494,9626.3657,9846.9225,10518.2962,10585.9038,10792.4986,11244.3376,11316.5974,11463.0467,11571.9782,11804.1344,11890.3369,12004.2808,12078.7469,12182.3297,12166.1166,12216.0286,12233.19,19220.2,12358.839,19526.0003,19697.7003,20343.5996,20477.6005,20743.3,21496.6004,21981,23668,24160,26077,27238,30018,31661,33779,35719,35873,35661,37338,38930,50852,53089,51310,50222,50357,51643,50777,49550,47611,46249,46091,47852,47631,48033,45224,46766,46207,63553,62100,61653,43097,43419,43757,44779,45440,46314,46917,47804,48264,49318,49959,51274,52142,50957,51820,52867,53441,54158,54503,55646,55875,56544,101902,103734,104117,104225,104172,104263,103227,103658,108081,108982,109820,108977,110838,112834,113766,114557,116152,124722,126103,127331,128619,129461,130262,131783,133645,135678,141968,143940,146298,149675,149891,150812,152730,153706,154957,156400,157571,159647,160178,160822,163368,164864,166519,166988,168112,164124,166579,169018,
Total Assets,BS_TOT_ASSET,9626.8057,9848.3047,10014.4639,10083.5098,10189.083,10261.8311,10346.8613,10470.6201,10457.0234,10517.0498,10790.8984,10801.79,11677.1777,11491.042,11772.5156,12193.1104,12223.7891,12452.7002,12617.8076,12862.2305,12981.7041,13033.3213,13176.9512,13358.4805,13277.3428,13302.416,13364.7627,22366.1992,13475.2207,22314.1992,23776,24028.8008,23974.5996,25429.0996,26183.9004,26806,28711,29556,32349,33409,36481,44435,49821,58232,50965,50219,50463,48531,62546,65192,62847,60122,63245,64178,60048,57225,55351,54827,54739,55770,55908,55995,53333,54723,51417,70368,70282,68700,48229,48448,49027,49704,49647,51598,52769,53077,53584,54709,55774,57040,57633,56400,57857,59090,58986,59792,60776,62526,61799,63031,112008,113856,113666,114100,114590,114779,113792,115173,119656,120557,122142,118575,121033,121156,121709,122654,129686,132761,134108,135004,136325,137914,138541,140259,143165,145392,151136,153449,155917,158838,160072,160049,161409,162388,163465,165385,167007,169587,171220,172383,176340,178086,178833,180076,181160,176893,178670,181575,
,,#N/A Mandatory parameter [FIELDS] cannot be empty,,,,,,,,,,,,,,,,,,,,,,,,,,,,,,,,,,,,,,,,,,,,,,,,,,,,,,,,,,,,,,,,,,,,,,,,,,,,,,,,,,,,,,,,,,,,,,,,,,,,,,,,,,,,,,,,,,,,,,,,,,,,,,,,,,,,,,,,,,
Cash from Operating Activities,,#N/A Mandatory parameter [FIELDS] cannot be empty,,,,,,,,,,,,,,,,,,,,,,,,,,,,,,,,,,,,,,,,,,,,,,,,,,,,,,,,,,,,,,,,,,,,,,,,,,,,,,,,,,,,,,,,,,,,,,,,,,,,,,,,,,,,,,,,,,,,,,,,,,,,,,,,,,,,,,,,,,
  + Net Income,CF_NET_INC,127.045,116.936,213.765,80.442,137.399,138.394,207.807,100.023,106.365,86.938,190.519,124.261,141.684,122.47,241.409,120.852,173.617,128.002,243.741,93.516,201.276,137.523,285.2,90.539,293.1,237.1,351.2,192.9,311.7,168.6,309.5,184.6,320.1,279.5,428.7,223.7,967,288,441,-189,393,329,770,284,458,419,796,225,382,474,230,-52,225,424,49,-2021,311,432,389,358,868,309,41,606,358,355,763,387,357,293,607,243,465,351,215,331,344,276,109,346,445,-222,670,427,511,435,472,288,295,444,594,435,634,339,1004,688,-97,609,1274,97,864,543,932,477,694,509,1176,-227,716,686,954,703,620,500,1082,464,900,832,1342,674,938,-802,1304,-63,992,765,1405,746,857,907,1422,-517,804,-220,1252,1005,1138,900,
Cash from Operating Activities,CF_CASH_FROM_OPER,208.365,159.469,363.263,205.379,157.001,281.326,415.313,234.915,225.308,226.613,508.368,195.492,253.166,232.463,471.62,366.527,272.94,116.507,405.878,155.949,313.598,239.295,487.25,271.515,480.661,493.639,807.1,545.212,341.35,534.05,677.7,587,514.4,453.6,788.2,574.8,547,575,667,895,188,508,1191,338,19,2192,1712,672,820,726,1719,1265,1504,320,666,1231,1070,1036,1161,716,877,1151,476,314,731,713,1291,1013,907,505,1053,743,1012,683,782,851,190,827,1525,921,1121,1003,1537,850,961,756,1310,645,872,1130,1977,1265,1091,1752,2300,1392,1373,1246,2548,1419,1440,1439,3426,1280,1682,1551,2378,1206,1246,1554,2178,1646,1391,1911,2365,1519,1239,1817,2581,2572,1554,1803,3409,2090,2088,1785,3354,1063,1795,2240,1153,739,1483,2302,3524,2569,2474,2953,
,,#N/A Mandatory parameter [FIELDS] cannot be empty,,,,,,,,,,,,,,,,,,,,,,,,,,,,,,,,,,,,,,,,,,,,,,,,,,,,,,,,,,,,,,,,,,,,,,,,,,,,,,,,,,,,,,,,,,,,,,,,,,,,,,,,,,,,,,,,,,,,,,,,,,,,,,,,,,,,,,,,,,
Cash from Investing Activities,,#N/A Mandatory parameter [FIELDS] cannot be empty,,,,,,,,,,,,,,,,,,,,,,,,,,,,,,,,,,,,,,,,,,,,,,,,,,,,,,,,,,,,,,,,,,,,,,,,,,,,,,,,,,,,,,,,,,,,,,,,,,,,,,,,,,,,,,,,,,,,,,,,,,,,,,,,,,,,,,,,,,
  + Change in Fixed & Intang,FIXED_INTANG_ASST_CHANGE,,,,,,,,,,,,,,,,,,,,,,,,,,,,,,,,,,,,,,,,,,,,,,,,,,,,,,,,,,,,,,,,,,,,,,,,,,,,,,,,,,,,,,,,,,,,,,,,,,,,,,,,,,,,,,,,,,,,,,,,,,,,,,,,,,,,,,,,,,,
    + Disp in Fixed & Intang,DISPOSAL_OF_FIXED_INTANG,,,,,,,,,,,,,,,,,,,,,,,,,,,,,,,,,,,,,,,,,,,,,,,,,,,,,,,,,,,,,,,,,,,,,,,,,,,,,,,,,,,,,,,,,,,,,,,,,,,,,,,,,,,,,,,,,,,,,,,,,,,,,,,,,,,,,,,,,,,
    + Acq of Fixed & Intang,ACQUIS_OF_FIXED_INTANG,,,,,,,,,,,,,,,,,,,,,,,,,,,,,,,,,,,,,,,,,,,,,,,,,,,,,,,,,,,,,,,,,,,,,,,,,,,,,,,,,,,,,,,,,,,,,,,,,,,,,,,,,,,,,,,,,,,,,,,,,,,,,,,,,,,,,,,,,,,
  + Net Change in LT Investment,NET_CHG_IN_LT_INVEST_DETAILED,,,,,,,,,,,,,,,,,,,,,,,,,,,,,,,,,,,,,,,,,,,,,,,,,,,,,,,,,,,,,,,,,,,,,,,,,,,,,,,,,,,,,,,,,,,,,,,,,,,,,,,,,,,,,,,,,,,,,,,,,,,,,,,,,,,,,,,,,,,
    + Dec in LT Investment,CF_DECR_INVEST,,,,,,,,,,,,,,,,,,,,,,,,,,,,,0,0,0,0,0,0,0,0,0,0,0,0,,,0,0,0,0,0,0,0,0,924,0,0,,1540,356,183,1021,1234,1542,1373,0,1028,370,28,1575,446,964,8,21,8,117,15,63,17,0,38,6,13,13,,0,8,0,0,0,13,105,0,4,2,1,0,0,59,0,0,0,0,0,0,0,0,209,0,0,,136,0,0,0,370,0,0,0,298,0,0,0,0,0,0,0,0,0,0,0,0,0,0,0,0,0,0,0,0,0,0,
    + Inc in LT Investment,CF_INCR_INVEST,,,,,,,,,,,,,,,,,,,,,,,,,,,,,0,0,0,0,0,0,0,0,0,0,0,0,,,0,0,-324,-305,-437,-27,-320,-295,,-5,0,,0,-220,0,0,0,-46,-5,-51,0,0,-69,0,-13,-7,-6,-7,-13,-65,-22,0,0,-131,-61,-5,-37,-34,-20,-143,-61,0,-3,-46,0,-1,-13,0,0,0,-3,-46,-4,-28,-36,-2,-1820,0,-14,-84,-195,,-59,-77,,,-175,-112,-83,0,-74,-66,-158,0,-94,-68,-102,-60,-77,-87,-112,-94,0,-21,-9,-51,-17,-15,-5,-21,-6,-16,-8,-4,-7,-1,
  + Net Cash From Acq & Div,CF_NT_CSH_RCVD_PD_FOR_ACQUIS_DIV,,,,,,,,,,,,,,,,,,,,,,,,,,,,,,,,,,,,,,,,,,,,,,,,,,,,,,,,,,,,,,,,,,,,,,,,,,,,,,,,,,,,,,,,,,,,,,,,,,,,,,,,,,,,,,,,,,,,,,,,,,,,,,,,,,,,,,,,,,,
    + Cash from Divestitures,CF_CASH_FOR_DIVESTITURES,,,,,,,,,,,,,,,,,,,,,,,,,,,,,,,,,,,,,,,,,,,,,,,,,,,,,,,,,,,,,,,,,,,,,,,,,,,,,,,,,,,,,,,,,,,,,,,,,,,,,,,,,,,,,,,,,,,,,,,,,,,,,,,,,,,,,,,,,,,
    + Cash for Acq of Subs,CF_CASH_FOR_ACQUIS_SUBSIDIARIES,,,,,,,,,,,,,,,,,,,,,,,,,,,,,,,,,,,,,,,,,,,,,,,,,,,,,,,,,,,,,,,,,,,,,,,,,,,,,,,,,,,,,,,,,,,,,,,,,,,,,,,,,,,,,,,,,,,,,,,,,,,,,,,,,,,,,,,,,,,
    + Cash for JVs,CF_CASH_FOR_JOINT_VENTURES_ASSOC,,,,,,,,,,,,,,,,,,,,,,,,,,,,,,,,,,,,,,,,,,,,,,,,,,,,,,,,,,,,,,,,,,,,,,,,,,,,,,,,,,,,,,,,,,,,,,,,,,,,,,,,,,,,,,,,,,,,,,,,,,,,,,,,,,,,,,,,,,,
  + Other Investing Activities,OTHER_INVESTING_ACT_DETAILED,,,,,,,,,,,,,,,,,,,,,,,,,,,,,5.838,-47.638,-281.682,-380.918,-97.6,-39.7,-98.8,-104.9,1900,50,188,-2,,,,-310,0,720,-260,282,-1690,343,-365,159,24,1251,-1267,-12,83,-263,-2278,-1923,47,-17,-1253,337,407,-302,-1771,541,207,183,111,410,-1,-440,95,176,-26,-185,60,22,-37,17,197,424,91,58,-308,20,-179,49,-36,-524,-107,289,80,347,-18,93,1636,10,-31,2897,414,-71,-54,-25,-88,-3465,-26,-100,6,-270,-103,-27,-90,-451,-83,-78,-124,-226,-113,-91,-76,-47,-922,-35,-124,-58,-131,-212,-102,-103,-133,-199,-79,425,-127,-237,
  + Net Cash From Disc Ops,CF_NET_CASH_DISCONTINUED_OPS_INV,,,,,,,,,,,,,,,,,,,,,,,,,,,,,,,,,,,,,,,,,,,,,,,,,,,,,,,,,,,,,,,,,,,,,,,,,,,,,,,,,,,,,,,,,,,,,,,,,,,,,,,,,,,,,,,,,,,,,,,,,,,,,,,,,,,,,,,,,,,
Cash from Investing Activities,CF_CASH_FROM_INV_ACT,,,,,,,,,,,,,,,,,,,,,,,,,,,,-413.812,-215.445,-397.973,-628.582,-751.7,-387.9,-314.4,-1092.8,-680.9,-186,-654,-1455,-1505,-1547,-1397,-1043,-1043,-930,-1343,-2382,-1626,-3276,-1371,-1142,-1020,-475,337,-301,-301,-326,60,-1202,-544,912,-550,-717,229,-138,605,-2197,402,-594,-587,-522,-448,-1075,-1452,-957,-1127,-894,-1239,-1088,-1271,-1236,-1272,-1017,-898,-918,-920,-1232,-1364,-1180,-1211,-1598,-2208,-1465,-1097,-1004,-1412,-1286,-1081,-1367,-1639,-1456,1162,-3012,-1986,-1758,-1850,-1947,-5978,-2361,-1983,-1987,-2111,-2264,-2381,-2625,-2790,-2713,-3075,-2845,-3324,-3022,-2449,-2493,-2640,-3137,-2477,-2586,-2735,-2699,-2793,-3138,-3343,-3209,-3299,-3243,-2724,-3342,-3233,
,,#N/A Mandatory parameter [FIELDS] cannot be empty,,,,,,,,,,,,,,,,,,,,,,,,,,,,,,,,,,,,,,,,,,,,,,,,,,,,,,,,,,,,,,,,,,,,,,,,,,,,,,,,,,,,,,,,,,,,,,,,,,,,,,,,,,,,,,,,,,,,,,,,,,,,,,,,,,,,,,,,,,
Cash from Financing Activities,,#N/A Mandatory parameter [FIELDS] cannot be empty,,,,,,,,,,,,,,,,,,,,,,,,,,,,,,,,,,,,,,,,,,,,,,,,,,,,,,,,,,,,,,,,,,,,,,,,,,,,,,,,,,,,,,,,,,,,,,,,,,,,,,,,,,,,,,,,,,,,,,,,,,,,,,,,,,,,,,,,,,
  + Dividends Paid,CF_DVD_PAID,,,,,,,,,,,,,,,,,,,,,,,,,,,,,-117.765,-190.635,-209.1,-208.9,-203.1,-203.2,-203.6,-204.1,-205,-205,-206,-206,-206,-207,-208,-207,-208,-211,-232,-220,-222,-237,-238,-241,-258,-266,-262,-265,-265,-261,-272,-267,-266,-256,-290,-293,-289,-392,-402,-405,-265,-267,-278,-279,-278,-271,-302,-292,-296,-300,-312,-314,-316,-319,-322,-327,-331,-326,-337,-335,-335,-335,-541,-541,-542,-543,-551,-552,-553,-554,-563,-564,-564,-551,-1121,-569,-570,-570,-591,-601,-600,-600,-625,-625,-599,-600,-636,-636,-649,-663,-678,-678,-707,-684,-722,-699,-783,-758,-799,-774,-799,-775,-815,-790,-815,-791,-832,-806,-806,-784,
  + Cash From (Repayment) Debt,PROC_FR_REPAYMNTS_BOR_DETAILED,,,,,,,,,,,,,,,,,,,,,,,,,,,,,-18.05,44.35,66.7,365.9,193.7,-246.4,494.9,-133.2,349,-266,1542,149,1262,2252,-414,399,-140,-74,240,1103,2589,319,9,-707,-365,-315,204,-1316,-216,-513,-755,-2076,-231,-237,-117,-53,34,-519,1265,-923,-45,401,-243,-33,298,1105,1611,-423,1050,137,623,518,-65,464,468,169,40,440,893,1127,-401,875,316,1160,889,168,-33,-91,486,869,-700,910,1365,-2402,-962,768,593,785,5634,-1144,2218,488,350,1175,1544,124,838,1058,1128,1663,-416,860,3231,230,-507,-1449,1719,1321,-1080,2277,2247,878,2807,2120,2440,1700,528,765,1898,1007,
  + Cash (Repurchase) of Equity,PROC_FR_REPURCH_EQTY_DETAILED,0,0,0,0,0,0,0,0,0,0,0,0,0,0,0,0,0,0,0,0,0,0,0,0,0,0,0,0,0,0,0,104.9,-180.2,291.1,381.3,84.8,57,262,251,56,60,27,43,87,1193,145,24,37,77,134,-21,1045,80,70,26,63,59,812,1,656,-820,-61,-16,-129,-55,-416,26,60,9,11,4,26,8,15,5,105,171,115,134,99,31,81,103,87,6,4,3,54,8,6,2,7,-91,2,1,-95,19,4,1,1,15,-1499,-1499,1,7,0,0,724,0,0,0,0,21,799,14,1004,987,13,1004,342,40,17,18,2670,5,0,0,0,0,0,0,9,0,0,0,8,4,16,
    + Increase in Capital Stock,CF_INCR_CAP_STOCK,0,0,0,0,0,0,0,0,0,0,0,0,0,0,0,0,0,0,0,0,0,0,0,0,0,0,0,0,0,0,0,353.9,0,291.3,381.3,84.8,57,262,271,56,60,27,43,100,1193,145,44,50,77,134,54,1058,80,70,64,63,59,888,1,756,14,14,8,5,14,27,26,60,9,11,4,26,8,15,5,105,171,115,134,99,31,81,103,87,6,4,3,54,8,6,2,7,5,2,1,1,19,4,1,1,15,1,1,1,7,0,0,724,0,0,0,0,21,799,14,1004,987,13,1004,342,40,17,18,2670,5,0,0,0,0,0,0,9,0,0,0,8,4,16,
    + Decrease in Capital Stock,CF_DECR_CAP_STOCK,,,,,,,,,,,,,,,,,,,,,,,,,,,,,0,0,0,-249,-180.2,-0.2,0,0,0,0,-20,0,,,,-13,0,0,-20,-13,0,0,-75,-13,0,,-38,0,0,-76,0,-100,-834,-75,-24,-134,-69,-443,0,0,0,0,0,0,0,0,0,0,0,0,0,0,0,0,0,,0,0,0,0,0,0,0,0,-96,0,,-96,0,0,0,0,0,-1500,-1500,0,0,0,0,0,0,0,0,0,0,0,0,0,0,0,0,0,0,0,0,0,0,0,0,0,0,0,0,0,0,0,0,0,0,0,
  + Other Financing Activities,OTHER_FIN_AND_DEC_CAP,,,,,,,,,,,,,,,,,,,,,,,,,,,,,,,,,,,,,,,,,,,,,,,,,,,,,,,,,,,,,,,,,,,,,,,,,,,,,,,,,,,,,,,,,,,,,,,,,,,,,,,,,,,,,,,,,,,,,,,,,,,,,,,,,,,,,,,,,,,
  + Net Cash From Disc Ops,CF_NET_CASH_DISCONTINUED_OPS_FIN,,,,,,,,,,,,,,,,,,,,,,,,,,,,,,,,,,,,,,,,,,,,,,,,,,,,,,,,,,,,,,,,,,,,,,,,,,,,,,,,,,,,,,,,,,,,,,,,,,,,,,,,,,,,,,,,,,,,,,,,,,,,,,,,,,,,,,,,,,,
Cash from Financing Activities,CFF_ACTIVITIES_DETAILED,,,,,,,,,,,,,,,,,,,,,,,,,,,,,,,,,,,,,,,,,,,,,,,,,,,,,,,,,,,,,,,,,,,,,,,,,,,,,,,,,,,,,,,,,,,,,,,,,,,,,,,,,,,,,,,,,,,,,,,,,,,,,,,,,,,,,,,,,,,
,,#N/A Mandatory parameter [FIELDS] cannot be empty,,,,,,,,,,,,,,,,,,,,,,,,,,,,,,,,,,,,,,,,,,,,,,,,,,,,,,,,,,,,,,,,,,,,,,,,,,,,,,,,,,,,,,,,,,,,,,,,,,,,,,,,,,,,,,,,,,,,,,,,,,,,,,,,,,,,,,,,,,
  Effect of Foreign Exchange Rates,CF_EFFECT_FOREIGN_EXCHANGES,,,,,,,,,,,,,,,,,,,,,,,,,,,,,,,,,,,,,,,,,,,,,,,,,,,,,,,,,,,,,,,,,,,,,,,,,,,,,,,,,,,,,,,,,,,,,,,,,,,,,,,,,,,,,,,,,,,,,,,,,,,,,,,,,,,,,,,,,,,
,,#N/A Mandatory parameter [FIELDS] cannot be empty,,,,,,,,,,,,,,,,,,,,,,,,,,,,,,,,,,,,,,,,,,,,,,,,,,,,,,,,,,,,,,,,,,,,,,,,,,,,,,,,,,,,,,,,,,,,,,,,,,,,,,,,,,,,,,,,,,,,,,,,,,,,,,,,,,,,,,,,,,
Net Changes in Cash,CF_NET_CHNG_CASH,,,,,,,,,,,,195.492,,,,366.527,,,,155.949,,,,,,,,131.4,-12.975,-53.243,-47.682,57.3,-87,6.8,381.1,-367.9,503,-283,753,-489,-244,-44,336,-139,-133,752,-624,-327,-139,-64,386,384,252,373,252,-608,237,1196,-1139,-1562,468,8,-632,134,274,-33,68,128,-378,41,64,3,-36,75,1159,-890,215,-495,900,-64,-462,-70,798,-138,-251,-57,670,78,-1039,455,235,-337,-128,275,748,-665,30,477,-77,105,785,-1861,1304,-513,-49,-45,5416,-5787,481,-551,-44,78,74,-152,22,142,-41,-69,101,-9,1125,-1057,-41,-44,136,-127,178,-223,500,-381,-10,-26,21,-57,7,-217,161,-35,
,,#N/A Mandatory parameter [FIELDS] cannot be empty,,,,,,,,,,,,,,,,,,,,,,,,,,,,,,,,,,,,,,,,,,,,,,,,,,,,,,,,,,,,,,,,,,,,,,,,,,,,,,,,,,,,,,,,,,,,,,,,,,,,,,,,,,,,,,,,,,,,,,,,,,,,,,,,,,,,,,,,,,
Cash Paid for Taxes,CF_CASH_PAID_FOR_TAX,,,,,,,,,,,,,,,,,,,,,,,,,,,,,,,,,67,,,,23,241,129,339,568,181,9,419,105,6,4,655,12,-2,,283,-73,,,,,,,-339,,,,546,,,,,,,,,,,,,,,,,,,,,,,,,,,,,,,,,,,,,,,,,,,,,,,,,,,,,,,,,,,,,,,,,,,,,,,,,,,
,,#N/A Requesting Data...,,,,,,,,,,,,,,,,,,,,,,,,,,,,,,,,,,,,,,,,,,,,,,,,,,,,,,,,,,,,,,,,,,,,,,,,,,,,,,,,,,,,,,,,,,,,,,,,,,,,,,,,,,,,,,,,,,,,,,,,,,,,,,,,,,,,,,,,,,
Reference Items,,#N/A Mandatory parameter [FIELDS] cannot be empty,,,,,,,,,,,,,,,,,,,,,,,,,,,,,,,,,,,,,,,,,,,,,,,,,,,,,,,,,,,,,,,,,,,,,,,,,,,,,,,,,,,,,,,,,,,,,,,,,,,,,,,,,,,,,,,,,,,,,,,,,,,,,,,,,,,,,,,,,,
Net Cash Paid for Acquisitions,CF_NET_CASH_PAID_FOR_AQUIS,,,,,,,,,,,,,,,,,,,,,,,,,,,,,,,,,,,,,,,,,,,,,,,0,,1690,0,17,-1707,0,,0,0,0,,0,0,0,0,293,1,90,-1,-147,195,0,54,4,8,0,0,389,0,0,114,10,0,0,,,0,2,2,46,1,42,-6,0,415,32,-32,0,,0,16,0,38,29,0,1288,17,,,,,,,,13,,,,,,,,,,,,,0,,,0,0,0,0,0,0,0,0,0,0,0,
Free Cash Flow,CF_FREE_CASH_FLOW,208.365,159.469,363.263,205.379,157.001,281.326,415.313,234.915,225.308,226.613,508.368,195.492,253.166,232.463,471.62,366.527,272.94,116.507,405.878,155.949,80.619,50.708,289.811,44.148,251.058,200.724,339.918,131.4,120.067,183.715,330.8,216.218,224.1,178.9,-205.8,-1.2,-1539,-129,-976,-372,-1359,-889,-252,-395,-587,434,27,-1209,-446,-693,18,91,699,-594,92,806,478,338,893,,374,592,-124,-351,171,-120,399,-83,104,-279,425,-167,-55,-392,-287,-324,-655,-228,401,-351,-58,-143,376,-480,-45,-176,258,-843,-116,-134,384,-420,-284,412,1161,-339,141,78,1193,-210,29,-212,195,-844,37,-197,519,-1443,-914,-217,268,-565,-696,-377,-12,-1118,-1297,-1112,-38,-466,-1278,-468,1104,-409,-127,-636,901,-1563,-756,-326,-1878,-2480,-1663,-817,368,-725,-734,-43,
Free Cash Flow to Firm,CF_FREE_CASH_FLOW_FIRM,248.7145,202.4579,405.3328,254.471,200.9619,326.8366,460.9571,282.4513,270.2241,274.384,562.2799,237.6204,294.8102,271.2387,511.8863,402.5278,309.2852,156.5243,445.3189,202.1426,124.781,94.9253,333.8412,77.5942,300.9774,276.104,417.7575,223.1665,170.8871,248.0909,403.3816,304.183,286.318,258.0413,-118.9089,100.0689,-1457.069,-43.0179,-894.1033,-208.0811,-1240.7388,-732.5074,-93.5266,-178.8004,-430.6196,577.84,149.4798,-1111.5765,-302.6923,-505.4342,235.6591,-256.5577,925.2041,-367.1037,331.2884,,747.6176,597.5889,1140.0288,,588.4425,804.7353,25.8607,-172.623,238.5732,27.26,510.3867,31.7544,219.6004,-173.469,540.3643,-67.1663,68.102,-262.4095,-178.1445,-185.4354,-533.7352,-113.4143,452.1976,-216.3022,81.2697,-40.6095,515.1231,-343.1573,105.5992,-34.5735,405.5583,-684.1736,50.32,23.1161,666.8907,-133.7179,-42.6328,669.7353,1422.2038,-43.9747,419.2369,368.256,1460.1021,-151.4286,303.3228,47.5011,472.8529,-618.2669,377.3534,143.1049,825.3747,-1086.8281,-582.1932,112.888,628.7767,-149.0012,-297.0834,55.6623,434.3854,-653.3075,-806.2115,-655.964,462.8312,7.7066,-800.5024,57.743,1585.0665,,364.1561,-92.0545,1443.7204,-991.816,-187.3895,232.1609,-1335.7615,-1838.583,-1042.2,-189.4402,1120.5426,-8.9658,-26.1787,673.2876,
Free Cash Flow to Equity,FREE_CASH_FLOW_EQUITY,,,,,,,,,,,,,,,,,,,,,,,,,,,,,91.017,212.865,386.4,690.618,255.2001,169.7,603.3001,-140.2001,-1194,-158,783,-241,-101,1358,-690,-13,-731,356,264,-121,2140,-1810,-51,-596,637,-939,293,-512,260,-178,246,,141,430,-136,-356,261,-474,1697,-1006,59,122,182,-200,243,713,1324,-747,395,,,167,-123,321,,,-5,,,,-517,,,740,532,580,1128,-430,627,947,665,700,1394,-2614,-767,-76,630,588,6153,-2587,1304,271,618,610,848,-253,826,-60,805,538,521,379,1914,-253,558,-1872,1553,671,-218,700,1452,538,890,-374,814,904,857,175,1125,951,
Free Cash Flow per Basic Share,FREE_CASH_FLOW_PER_SH,1.543,1.1809,2.6899,1.5207,1.1625,2.0808,3.0579,1.7222,1.651,1.6593,3.7223,1.4317,1.8537,1.7021,3.4533,2.6838,1.9985,0.8531,2.9719,1.1419,0.5903,0.3713,2.122,0.3233,1.0416,0.8308,1.414,0.5529,0.5008,0.7659,1.3787,0.9177,0.9335,0.7444,-0.8595,-0.005,-6.3595,-0.5312,-4.011,-1.5246,-5.5545,-3.6236,-1.0272,-1.6057,-2.3628,1.6843,0.1045,-4.674,-1.6986,-2.503,0.0647,0.3061,2.3378,-1.9756,0.305,2.663,1.5724,1.095,2.8561,,1.1761,1.9159,-0.4017,-1.1335,0.5528,-0.2908,0.9545,-0.1982,0.2482,-0.6643,1.0119,-0.3967,-0.1306,-0.9304,-0.6806,-0.7684,-1.5328,-0.5311,0.9261,-0.8069,-0.1328,-0.3265,0.8545,-1.0852,-0.1015,-0.3964,0.5811,-1.8958,-0.2601,-0.3004,0.5494,-0.5974,-0.4028,0.5836,1.6445,-0.4802,0.1997,0.1103,1.6874,-0.297,0.041,-0.3064,0.2834,-1.2267,0.0537,-0.2859,0.7533,-2.0703,-1.3057,-0.31,0.3829,-0.8071,-0.9929,-0.5363,-0.0168,-1.5615,-1.784,-1.5275,-0.0521,-0.6384,-1.7411,-0.6367,1.502,-0.5512,-0.1651,-0.827,1.1717,-2.0325,-0.9818,-0.4234,-2.439,-3.2208,-2.1597,-1.0597,0.4773,-0.9403,-0.952,-0.0557,
Price to Free Cash Flow,PX_TO_FREE_CASH_FLOW,,,,3.8568,3.8309,3.2366,3.6147,3.8096,3.2832,3.6971,3.5911,3.7272,3.9549,3.9981,4.4877,3.8179,3.2069,3.4734,4.0035,4.7801,6.011,7.1408,8.9645,12.1439,11.4307,10.3659,11.2803,10.5202,11.6823,12.9465,13.4987,13.5719,13.0176,13.0194,33.2944,68.7824,59.7233,,,,,,,,,,,,,,,,123.5293,47.5384,31.9635,10.7257,15.3909,6.2886,4.8837,5.4597,,,,30.7977,54.5433,55.5538,634.9121,56.9622,85.2861,161.3655,141.028,303.8345,266.7778,,,,,,,,,,,,,,,,,,,,,508.861,54.3913,51.3071,36.5682,50.3205,49.2789,49.1289,49.8032,62.7742,62.872,,,,,,,,,,,,,,,,,,,,,,648.0975,658.7727,,,,,,,,,,,,,
Cash Flow to Net Income,CASH_FLOW_TO_NET_INC,1.6401,1.3637,1.6994,2.5531,1.1427,2.0328,1.9986,2.3486,2.1183,2.6066,2.6683,1.5732,1.7868,1.8981,1.9536,3.0329,1.5721,0.9102,1.6652,1.6676,1.558,1.74,1.7085,2.9989,1.6399,2.082,2.2981,2.8264,1.0951,3.1676,2.1897,3.1798,1.607,1.6229,1.8386,2.5695,0.5657,1.9965,1.5125,,0.4784,1.5441,1.5468,1.1901,0.0415,5.2315,2.1508,2.9867,2.1466,1.5316,7.4739,,6.6844,0.7547,13.5918,,3.4405,2.3981,2.9846,2,1.0104,3.7249,11.6098,0.5182,2.0419,2.0085,1.692,2.6176,2.5406,1.7235,1.7348,3.0576,2.1763,1.9459,3.6372,2.571,0.5523,2.9964,13.9908,2.6618,2.5191,,2.294,1.9906,1.8806,1.7379,2.7754,2.2396,2.9559,2.545,3.3283,2.908,1.7208,5.1681,2.2908,2.0233,,2.046,2,14.6289,1.6667,2.6501,3.676,2.6834,2.4236,3.0472,2.0221,,1.7402,2.2653,2.283,2.3414,2.2435,3.822,2.1858,3.2737,1.3767,2.1839,1.9232,3.816,1.6567,,2.6143,,2.1048,2.3333,2.3872,1.4249,2.0945,2.4697,0.8108,,1.8445,,2.8147,2.5562,2.174,3.2811,
,,#N/A Mandatory parameter [FIELDS] cannot be empty,,,,,,,,,,,,,,,,,,,,,,,,,,,,,,,,,,,,,,,,,,,,,,,,,,,,,,,,,,,,,,,,,,,,,,,,,,,,,,,,,,,,,,,,,,,,,,,,,,,,,,,,,,,,,,,,,,,,,,,,,,,,,,,,,,,,,,,,,,
Revenue,SALES_REV_TURN,855.416,870.315,1105.0229,850.713,886.638,893.638,1096.416,940.268,981.33,899.319,1139.525,941.31,1007.783,987.218,1289.994,996.881,1055.194,1083.3101,1215.808,1185.954,1111.0649,1052.403,1379.978,1133.238,2859.1001,2559.3,3133.3999,3750.6001,3785.8,3112.8,4820.6001,4589.7002,4114.7998,4013.7,5298.2002,4183.2998,4178,4691,6676,6197,7290,10926,15691,14284,5553,4127,4552,3965,3308,3617,3982,4756,6172,5152,5549,5457,5636,5360,5081,6046,5328,5274,3028,2667,1620,2903,3279,2822,3035,2966,3688,2823,3337,3229,3508,3133,3312,2913,3396,3110,3594,3287,3946,3445,3663,3534,3964,3368,3630,3577,6722,5695,5898,5879,6217,4270,6263,5708,6395,5559,6065,5589,6483,4234,5377,5213,6576,5577,5729,5555,6482,5799,6135,5643,6628,6115,6163,5873,6940,6103,5949,5421,6721,5777,6150,5758,6951,6117,7132,6685,7842,7351,7276,6578,7994,7212,7671,7172,
    + Sales & Services Revenue,IS_SALES_AND_SERVICES_REVENUES,,,,,,,,,,,,,,,,,,,,,,,,,,,,,,,,,,,,,,,,,,,,,,,,,,,,,,,,,,,,,,,,,,,,,,,,,,,,,,,,,,,,,,,,,,,,,,,,,,,,,,,,,,,,,,,,,,,,,,,,,,,,,,,,,,,,,,,,,,,
  - Cost of Revenue,IS_COGS_TO_FE_AND_PP_AND_G,283.936,288.417,343.524,285.791,265.719,288.085,329.889,319.872,309.008,275.225,350.071,266.129,292.987,298.68,380.032,295.58,306.205,323.01,343.142,287.317,283.627,289.305,344.976,294.611,1764.5649,1257.9,1641.7,1965.4351,2623.4919,1780.7,3232.2,2771.8081,2633,2474.1001,3478.8,2594.1001,2589,3167,4687,4464,5449,8814,12871,13317,,,,,1317,1423,1788,,4040,3033,3444,3202,3553,3201,2811,3745,3099,3005,804,529,388,1083,1164,1076,1080,1051,1329,820,1231,1126,1411,1252,1219,983,1138,1104,1287,1117,1361,1160,1339,1285,1388,1133,1327,1287,2746,2208,2261,2168,2161,969,2252,1972,2307,1936,2156,1865,2195,1280,1637,1530,2037,1686,1707,1617,1931,1727,1989,1663,1989,1887,1936,1717,2026,1774,1646,1408,1890,1567,1719,1494,1919,1828,2298,2161,2821,2778,2675,2118,2628,2258,2567,2306,
    + Cost of Goods & Services,IS_COG_AND_SERVICES_SOLD,,,,,,,,,,,,,,,,,,,,,,,,,,,,,,,,,,,,,,,,,,,,,,,,,,,,,,,,,,,,,,,,,,,,,,,,,,,,,,,,,,,,,,,,,,,,,,,,,,,,,,,,,,,,,,,,,,,,,,,,,,,,,,,,,,,,,,,,,,,
Gross Profit,GROSS_PROFIT,571.48,581.898,761.499,564.922,620.919,605.553,766.527,620.396,672.322,624.094,789.454,675.181,714.796,688.538,909.962,701.301,748.989,760.3,872.666,898.637,827.4379,763.098,1035.002,838.627,1094.5352,1301.4,1491.7,1785.165,1162.3081,1332.1001,1588.4001,1817.8921,1481.7998,1539.5999,1819.4001,1589.1997,1589,1524,1989,1733,1841,2112,2820,967,,,,,1991,2194,2194,,2132,2119,2105,2255,2083,2159,2270,2301,2229,2269,2224,2138,1232,1820,2115,1746,1955,1915,2359,2003,2106,2103,2097,1881,2093,1930,2258,2006,2307,2170,2585,2285,2324,2249,2576,2235,2303,2290,3976,3487,3637,3711,4056,3301,4011,3736,4088,3623,3909,3724,4288,2954,3740,3683,4539,3891,4022,3938,4551,4072,4146,3980,4639,4228,4227,4156,4914,4329,4303,4013,4831,4210,4431,4264,5032,4289,4834,4524,5021,4573,4601,4460,5366,4954,5104,4866,
  + Other Operating Income,IS_OTHER_OPER_INC,,,,,,,,,,,,,,,,,,,,,,,,,,,,,,,,,,,,,,,,,,,,,,,,,,,,,,,,,,,,,,,,,,,,,,,,,,,,,,,,,,,,,,,,,,,,,,,,,,,,,,,,,,,,,,,,,,,,,,,,,,,,,,,,,,,,,,,,,,,
  - Operating Expenses,IS_OPERATING_EXPN,365.522,388.725,391.429,425.628,385.651,379.294,408.642,439.525,450.211,422.643,434.396,439.473,440.146,444.689,467.793,444.944,436.202,517.881,454.008,679.313,458.024,499.222,530.495,627.373,518.835,822.2,838.6,1334.5649,552.308,980.1,982.1,1416.192,873.4,990.8,993.6,1139.2,944,993,1123,1980,1029,1318,1319,1388,4376,3304,3138,3438,1323,1352,1654,4363,1245,1453,1564,2002,1372,1383,1403,1613,1442,1501,1317,1579,894,1585,1490,1579,1356,1425,1429,1453,1373,1453,1440,1394,1412,1402,1813,1411,1546,2184,1552,1910,1510,1570,1809,1718,1808,1504,2898,2720,2422,2890,2396,2226,2649,2447,2469,2635,2453,2478,2600,2266,2500,2424,2585,3003,2620,2585,2890,2863,2890,3001,3060,3357,2854,2858,2985,3220,2815,2836,3017,4136,2981,3095,3345,3179,3555,3111,2965,3204,2927,3030,3255,3099,3141,3159,
"    + Selling, General & Admin",IS_SGA_EXPENSE,,,,,,,,,,,,,,,,,,,,,,,,,,,,,,,,,,,,,,,,,,,,,,,,,,,,,,,,,,,,,,,,,,,,,,,,,,,,,,,,,,,,,,,,,,,,,,,,,,,,,,,,,,,,,,,,,,,,,,,,,,,,,,,,,,,,,,,,,,,
    + Selling & Marketing,IS_SELLING_EXPENSES,,,,,,,,,,,,,,,,,,,,,,,,,,,,,,,,,,,,,,,,,,,,,,,,,,,,,,,,,,,,,,,,,,,,,,,,,,,,,,,,,,,,,,,,,,,,,,,,,,,,,,,,,,,,,,,,,,,,,,,,,,,,,,,,,,,,,,,,,,,
    + General & Administrative,IS_GENERAL_AND_ADMINISTRATIVE,,,,,,,,,,,,,,,,,,,,,,,,,,,,,,,,,,,,,,,,,,,,,,,,,,,,,,,,,,,,,,,,,,,,,,,,,,,,,,,,,,,,,,,,,,,,,,,,,,,,,,,,,,,,,,,,,,,,,,,,,,,,,,,,,,,,,,,,,,,
    + Research & Development,IS_OPERATING_EXPENSES_RD,,,,,,,,,,,,,,,,,,,,,,,,,,,,,,,,,,,,,,,,,,,,,,,,,,,,,,,,,,,,,,,,,,,,,,,,,,,,,,,,,,,,,,,,,,,,,,,,,,,,,,,,,,,,,,,,,,,,,,,,,,,,,,,,,,,,,,,,,,,
    + Other Operating Expense,IS_OTHER_OPERATING_EXPENSES,,,,,,,,,,,,,,,,,,,,,,,,,,,,,,,,,,,,,,,,,,,,,,,,,,,,,,,,,,,,,,,,,,,,,,,,,,,,,,,,,,,,,,,,,,,,,,,,,,,,,,,,,,,,,,,,,,,,,,,,,,,,,,,,,,,,,,,,,,,
Operating Income (Loss),IS_OPER_INC,205.958,193.173,370.07,139.294,235.268,226.259,357.885,180.871,222.111,201.451,355.058,235.708,274.65,243.849,442.169,256.357,312.787,242.419,418.658,219.324,369.414,263.876,504.507,211.254,575.7,479.2,653.1,450.6,610,352,606.3,401.7,608.4,548.8,825.8,450,645,531,866,-247,812,794,1501,-421,1177,823,1414,527,668,842,540,393,887,666,541,253,711,776,867,688,787,768,907,559,338,235,625,167,599,490,930,550,733,650,657,487,681,528,445,595,761,-14,1033,681,814,679,767,517,495,786,1078,767,1215,821,1660,1075,1362,1289,1619,988,1456,1246,1688,688,1240,1259,1954,888,1402,1353,1661,1209,1256,979,1579,871,1373,1298,1929,1109,1488,1177,1814,74,1450,1169,1687,1110,1279,1413,2056,1369,1674,1430,2111,1855,1963,1707,
  - Non-Operating (Income) Loss,IS_NONOP_INCOME_LOSS,,,,,,,,,,,,,,,,,,,,,,,,,,,,,,,,,,,,,,,,,,,,,,,,,,,,,,,,,,,,,,,,,,,,,,,,,,,,,156,67,111,59,90,88,66,7,68,46,90,108,95,123,236,221,251,311,291,205,273,281,268,302,316,308,328,216,411,382,438,376,341,335,340,343,453,372,349,438,385,409,418,400,461,2385,475,393,425,435,321,409,473,456,488,556,549,560,596,598,631,636,
"    + Interest Expense, Net",IS_NET_INTEREST_EXPENSE,,,,,,,,,,,,,,,,,,,,,,,,,,,,,,,,,,,,,,,,,,,,,,,,,,,,,,,,,,,,,,,,,,,,,,,,,,,,,184,186,190,-39,210,212,202,-85,219,203,213,-89,224,232,401,335,367,381,378,233,404,403,405,410,403,403,402,135,489,478,464,264,491,486,498,511,515,518,517,544,543,542,572,547,551,554,522,535,535,572,581,572,587,607,603,679,720,727,774,793,817,824,
    + Interest Expense,IS_INT_EXPENSE,59.995,62.557,64.038,64.745,64.791,66.43,71.308,71.576,72.006,76.581,85.803,67.229,67.349,63.595,67.274,60.701,59.882,65.692,64.092,71.085,72.523,72.685,72.119,58.086,71.463,123.8,125.9,178.037,70.023,111.6,120.6,169.577,100.4,122.8,138.7,152.1,132,120,131,239,185,228,257,256,228,217,191,134,198,274,314,341,326,325,375,308,356,337,329,314,290,295,228,253,103,185,182,162,163,159,177,184,182,194,176,189,184,186,190,191,210,212,202,216,219,203,213,224,224,232,401,385,367,381,378,416,404,403,405,410,403,403,402,319,489,478,464,485,491,486,498,511,515,518,517,544,543,542,572,547,551,554,522,535,535,572,581,572,587,607,603,679,720,727,774,793,817,824,
    - Interest Income,IS_INT_INC,,,,,,,,,,,,,,,,,,,,,,,,,,,,,,,,,,,,,,,,,,,,,,,,,,,,,,,,,,,,,,,,,,,,,,,,,,,,,,,,,,,,,,,,,,,,,,,,,,,,,,,,,,,,,,,,,,,,,,,,,,,,,,,,,,,,,,,,,,,
    + Other Investment (Inc) Loss,IS_OTHER_INVESTMENT_INCOME_LOSS,,,,,,,,,,,,,,,,,,,,,,,,,,,,,,,,,,,,,,,,,,,,,,,,,,,,,,,,,,,,,,,,,,,,,,,,,,,,,,,,,,,,,,,,,,,,,,,,,,,,,,,,,,,,,,,,,,,,,,,,,,,,,,,,,,,,,,,,,,,
    + (Income) Loss from Affiliates,INCOME_LOSS_FROM_AFFILIATES,,,,,,,,,,,,,,,,,,,,,,,,,,,,,,,,,,,,,,,,,,,,,,,,,,,,,,-16,,,,-43,,,,,,,,,,,,,,,,,,,,-19,3,-58,,-36,-20,,-34,-60,-40,-71,-40,-39,-33,,-36,-22,-32,,-36,-33,-28,-50,-13,-23,-17,,-8,-15,60,-22,-29,-36,-36,-18,24,-36,-37,-34,-43,-44,-50,-25,-44,1968,80,1,17,-9,-22,-16,-25,-36,-28,-21,-20,-20,-45,-28,-17,-21,
    + Other Non-Op (Income) Loss,IS_OTHER_NON_OPERATING_INC_LOSS,,,,,,,,,,,,,,,,,,,,,,,,,,,,,,,,,,,,,,,,,,,,,,,,,,,,,,,,,,,,,,,,,,,,,,,,,,,,,-28,-119,-79,156,-120,-124,-136,92,-151,-157,-123,268,-129,-109,-165,-114,-116,-70,-87,-28,-131,-122,-137,-108,-87,-95,-74,81,-78,-96,-26,134,-150,-151,-158,-168,-62,-146,-168,-106,-158,-133,-154,-147,-90,1831,-47,-142,-110,-137,-260,-163,-114,-151,-115,-123,-171,-167,-178,-195,-186,-188,
"Pretax Income (Loss), Adjusted",PRETAX_INC,188.901,170.164,325.39,106.091,202.503,202.008,324.649,150.606,170.516,139.369,303.219,198.297,229.138,200.86,403.329,203.769,286.05,210.127,396.082,143.907,330.536,226.062,467.142,157.239,419.593,389.4,571.6,414.407,429.479,295.4,511.6,399.821,554.3,459.6,732.2,386.9,551,448,755,-312,693,609,1299,521,1041,700,1338,392,572,783,352,52,637,646,-28,-2922,136,579,590,661,1731,563,1421,634,314,250,799,180,478,452,873,505,686,503,346,356,525,461,334,536,671,-102,967,674,746,633,677,409,400,663,842,546,964,510,1369,870,1089,1008,1351,686,1140,938,1360,472,829,877,1516,512,1061,1018,1321,866,803,607,1230,433,988,889,1511,709,1027,-1208,1339,-319,1025,734,1366,701,806,957,1568,813,1125,870,1515,1257,1332,1071,
  - Abnormal Losses (Gains),IS_ABNORMAL_ITEM,,,,,,,,,,,,,,,,,,,,,,,,,,,,,,,,216.9,,,,,,,,800,0,,,,,,,46.4,,-61,4,434,-14,-1,333,2070,321,11,-15,-132.6,-436,-19,-607,,,101,-114,89,45,0,-6,-52,-23,-1,206,76.2,23,24,412,-10,44,705,80,-253,5,10,318,38,304,9,750,143,128,394,91,44,154,76,71,108,7,9,227,149,136,128,168,227,5,32,236,75,265,368,97,278,3,1,-25,18,99,2057.2278,148.3418,2017.6203,12.3291,320,288,25.9241,470,-16.2532,-10,208.962,1,-49.9873,80,77.9367,-11,68.6456,
    + Abnormal Derivatives,IS_DERIVATIVES_HEDGING,,,,,,,,,,,,,,,,,,,,,,,,,,,,,,,,,,,,,,,,,,,,,,,,,,,,,,,,,,,,,,,,,,,,,,,,,,,,,-11,36,3,32,-29,-33,-33,-4,4,,-1,-2,-2,6,31,-26,75,-69,,13,4,5,,-238,,,-1,1,,,,,,,,,,,,,,,,,,,,,,,,,,,,,,,,,,,
    + Disposal of Assets,IS_GAIN_LOSS_DISPOSAL_ASSETS,,,,,,,,,,,,,,,,,,,,,,,,,,,,,,,,,,,,,,,,,,,,,,,,,,,,,,,,,,,,,,,,,,,,,,,,,,,,,-6,-13,-13,-68,-2,-5,-2,-146,-10,-4,5,1,-3,-4,-14,5,-2,-1,1,-78,-1,-6,14,5,-14,-13,-4,-4,-7,-8,-6,-6,-11,-7,-6,,107,-3,-10,,3,-3,,4,-1,-7,-2,,,-2,-11,-2,-2,-8,-6,-5,-7,-31,-8,-6,-12,-6,
    + Asset Write-Down,IS_IMPAIRMENT_ASSETS,,,,,,,,,,,,,,,,,,,,,,,,,,,,,,,,,,,,,,,,,,,,,,,,,,,,,,,,,,,,,,,,,,,,,,,,,,,82,,,,43,24,,660,44,,,9,301,,400,,266,,,382,2,15,96,16,1,-32,,,111,-30,3,1,71,-4,,9,84,18,55,172,91,60,,4,-25,14,2,6,28,948,,131,211,14,215,-9,-4,57,8,,88,-11,1,43,
    + Impairment of Intangibles,IS_IMPAIR_OF_INTANG_ASSETS,,,,,,,,,,,,,,,,,,,,,,,,,,,,,,,,,,,,,,,,,,,,,,,,,,,,,,,,,,,,,,,,,,,,,,,,,,,,,,,,,,,,,,,,,,,,,,,,,,,,,,,,,,,,,,,,,,,,,,,,,,,,,,,,,,,,,,,,,,,
    + Gain/Loss on Sale/Acquisition of Business,IS_SALE_OF_BUSINESS,,,,,,,,,,,,,,,,,,,,,,,,,,,,,,,,,,,,,,,,,,,,,,,,,,,,,,,,,,,,,,,,,,,,,,,,,,,,,,,,,,,,,,,,,,,,,,,,,,,,,,,,,,,,,,,,,,,,,,,,,,,,,,,,,,,,,,,,,,,
    + Legal Settlement,IS_LEGAL_LITIGATION_SETTLEMENT,,,,,,,,,,,,,,,,,,,,,,,,,,,,,,,,,,,,,,,,,,,,,,,,,,,,,,,,,,,,,,,,,,,,,,,,,,,,,,,,,,,,,,,,,,,,,,,,22,,,,102,,,97,10,,,,,,,135,23,86,179,,,,,,,,,35,1069.6203,,,,6.3291,257,-20.2532,,24.0506,,-18.9873,,-25.3165,,31.6456,
    + Sale of Investments,IS_GAIN_LOSS_ON_INVESTMENTS,,,,,,,,,,,,,,,,,,,,,,,,,,,,,,,,,,,,,,,,,,,,,,,,,,,,,,,,,,,,,,,,,,,,,,,,,,,,,,,,,,,,-139,,,,,,,,,,,,,,,,,,,,,,,,,,,,,,,,,,,,,,,,,,,,,,,,,,,,,,,
    + Other Abnormal Items,IS_OTHER_ONE_TIME_ITEMS,,,,,,,,,,,,,,,,,,,,,,,,,,,,,,,,,,,,,,,,,,,,,,,,,,,,,,,,,,,,,,,,,,,,,,,,,,,,,33,-7,,,,,44,22,,,,,,,10,,,,,,,,,,,,,,,,,,,,,,,,,,,,,,,,,,,175,91,7.5949,,,,132.9114,,,,120.2532,,,
"Pretax Income (Loss), GAAP",PRETAX_INC,188.901,170.164,325.39,106.091,202.503,202.008,324.649,150.606,170.516,139.369,303.219,198.297,229.138,200.86,403.329,203.769,286.05,210.127,396.082,143.907,330.536,226.062,467.142,157.239,419.593,389.4,571.6,414.407,429.479,295.4,511.6,399.821,554.3,459.6,732.2,386.9,551,448,755,-312,693,609,1299,521,1041,700,1338,392,572,783,352,52,637,646,-28,-2922,136,579,590,661,1731,563,1421,634,314,250,799,180,478,452,873,505,686,503,346,356,525,461,334,536,671,-102,967,674,746,633,677,409,400,663,842,546,964,510,1369,870,1089,1008,1351,686,1140,938,1360,472,829,877,1516,512,1061,1018,1321,866,803,607,1230,433,988,889,1511,709,1027,-1208,1339,-319,1025,734,1366,701,806,957,1568,813,1125,870,1515,1257,1332,1071,
  - Income Tax Expense (Benefit),IS_INC_TAX_EXP,61.856,53.228,111.625,25.649,65.104,63.614,116.842,50.583,64.151,52.431,112.7,74.036,87.454,78.39,161.92,82.917,112.433,82.125,152.341,50.391,129.26,88.539,181.942,66.7,126.493,152.3,218.2,200.807,117.779,125,203.7,192.421,210.8,163.4,273.5,129.3,209,127,283,-166,250,191,498,81,327,236,480,107,158,247,108,105,195,195,-22,-1019,33,133,147,245,451,157,487,187,108,51,310,-19,139,152,304,231,222,167,132,95,179,177,244,158,226,116,301,247,233,192,208,119,103,214,248,140,330,165,423,253,339,282,460,588,364,334,420,138,252,253,515,136,344,327,364,161,181,100,168,-1,95,141,188,95,137,-316,105,-162,84,36,90,1,-14,77,158,45,155,119,42,122,178,140,
Income (Loss) from Cont Ops,IS_INC_BEF_XO_ITEM,127.045,116.936,213.765,80.442,137.399,138.394,207.807,100.023,106.365,86.938,190.519,124.261,141.684,122.47,241.409,120.852,173.617,128.002,243.741,93.516,201.276,137.523,285.2,90.539,293.1,237.1,353.4,213.6,311.7,170.4,307.9,207.4,343.5,296.2,458.7,257.6,342,321,472,-146,424,418,801,440,714,464,858,285,414,536,244,-53,442,451,-6,-1903,103,446,443,416,1280,406,934,447,206,199,489,199,339,300,569,274,464,336,214,261,346,284,107,336,445,-218,666,427,513,441,469,290,297,449,594,406,634,345,946,617,750,726,891,98,776,604,940,334,577,624,1001,376,717,691,957,705,622,507,1062,434,893,748,1323,614,890,-892,1234,-157,941,698,1276,700,820,880,1410,768,970,751,1473,1135,1154,931,
  - Net Extraordinary Losses (Gains),XO_GL_NET_OF_TAX,0,0,0,0,0,0,0,0,0,0,0,0,0,0,0,0,0,0,0,0,0,0,0,0,0,0,0,16.7,0,0,0,0,8,0,0,0,-660,0,0,0,0,,,0,96,0,0,0,0,0,0,0,167,-23,-44,156,-246,-27,-8,3,-8,19,883,-189,-155,-159,-282,-187,-20,6,-34,36,-2,-13,1,-69,-3,2,1,-12,0,-1,0,-2,0,0,-1,0,-2,1,-4,-31,0,3,-62,-75,843,113,-378,-2,-91,57,5,-148,-122,112,-180,598,0,2,2,2,0,5,-4,-20,0,0,0,7,0,0,0,-7,0,0,0,-54,0,0,-3,1277,209,955,152,108,3,10,
    + Discontinued Operations,IS_DISCONTINUED_OPERATIONS,,,,,,,,,,,,,,,,,,,,,,,,,,,,,,,,,,,,,,,,,,,,,,,,,,,,,,,,,,,,,,,,,,,,,,,,,,,,,-3,2,1,-12,0,-1,0,-2,0,0,-1,0,-2,1,-4,-31,0,3,-62,-75,843,113,-378,-2,-91,57,5,-148,-122,112,-180,598,0,2,2,2,0,5,-4,-20,0,0,0,7,0,0,0,-7,0,0,0,-54,0,0,-3,1277,209,955,152,108,3,10,
    + XO & Accounting Changes,EXTRAORD_ITEMS_ACCOUNTING_CHANGS,,,,,,,,,,,,,,,,,,,,,,,,,,,,,,,,,,,,,,,,,,,,,,,,,,,,,,,,,,,,,,,,,,,,,,,,,,,,,0,0,0,0,0,0,0,0,0,0,0,0,0,0,0,0,0,0,0,0,0,0,0,0,0,0,0,0,0,0,0,0,0,0,0,0,0,0,0,0,0,0,0,0,0,0,0,0,0,0,0,0,0,0,0,0,0,0,0,0,0,0,
Income (Loss) Incl. MI,NI_INCLUDING_MINORITY_INT_RATIO,127.045,116.936,213.765,80.442,137.399,138.394,207.807,100.023,106.365,86.938,190.519,124.261,141.684,122.47,241.409,120.852,173.617,128.002,243.741,93.516,201.276,137.523,285.2,90.539,293.1,237.1,353.4,196.9,311.7,170.4,307.9,207.4,335.5,296.2,458.7,257.6,1002,321,472,-146,443,418,801,440,618,464,858,285,414,536,244,-53,275,474,38,-2059,349,473,451,413,1288,387,51,636,361,358,771,386,359,294,603,238,466,349,213,330,349,282,106,348,445,-217,666,429,513,441,470,290,299,448,598,437,634,342,1008,692,-93,613,1269,100,867,547,935,482,699,512,1181,-222,717,689,955,703,622,502,1066,454,893,748,1323,607,890,-892,1234,-150,941,698,1276,754,820,880,1413,-509,761,-204,1321,1027,1151,921,
  - Minority Interest,MIN_NONCONTROL_INTEREST_CREDITS,0,0,0,0,0,0,0,0,0,0,0,0,0,0,0,0,0,0,0,0,0,0,0,0,0,0,2.2,4,0,1.8,-1.6,22.8,15.4,16.7,30,33.9,35,33,31,43,31,89,31,156,160,45,62,60,32,62,14,-1,50,50,-11,-38,38,41,62,55,420,78,10,30,3,3,8,-1,2,1,-4,-5,1,-2,-2,-1,5,6,-3,2,,5,-4,2,2,6,-2,2,4,4,4,2,,3,4,4,4,4,-5,3,3,4,3,5,5,3,5,5,1,3,1,0,2,2,-16,-10,-7,-84,-19,-67,-48,-90,-70,-87,-51,-67,-129,8,-37,-27,-9,8,-43,16,69,22,13,21,
"Net Income, GAAP",NET_INCOME,127.045,116.936,213.765,80.442,137.399,138.394,207.807,100.023,106.365,86.938,190.519,124.261,141.684,122.47,241.409,120.852,173.617,128.002,243.741,93.516,201.276,137.523,285.2,90.539,293.1,237.1,351.2,192.9,311.7,168.6,309.5,184.6,320.1,279.5,428.7,223.7,967,288,441,-189,393,329,770,284,458,419,796,225,382,474,230,-52,225,424,49,-2021,311,432,389,358,868,309,41,606,358,355,763,387,357,293,607,243,465,351,215,331,344,276,109,346,445,-222,670,427,511,435,472,288,295,444,594,435,634,339,1004,688,-97,609,1274,97,864,543,932,477,694,509,1176,-227,716,686,954,703,620,500,1082,464,900,832,1342,674,938,-802,1304,-63,992,765,1405,746,857,907,1422,-517,804,-220,1252,1005,1138,900,
  - Preferred Dividends,IS_TOT_CASH_PFD_DVD,12.961,12.979,12.863,13.813,14.009,13.729,13.523,13.422,13.32,14.361,15.297,13.429,13.386,13.542,12.551,12.95,12.322,12.385,12.472,12.545,12.735,12.677,12.409,11.082,11.1,11,11,11.1,11,11,11.1,39.7,6.5,5.1,4.9,4.5,5,5,5,5,5,5,4,5,4,4,4,2,3,4,3,3,3,7,3,2,2,3,2,2,2,2,3,5,0,0,0,0,0,0,0,0,0,0,0,0,0,0,0,0,0,0,,0,0,,,0,0,,,,0,0,0,0,0,0,0,0,0,0,0,0,0,0,0,0,0,0,0,0,0,0,0,0,0,12,15,14,39,15,39,14,39,14,39,14,39,14,39,14,39,14,39,14,39,14,
  - Other Adjustments,OTHER_ADJUSTMENTS,,,,,,,,,,,,,,,,,,,,,,,,,,,,,,,,,,,,,,,,,0,0,0,,0,,,,0,0,0,,,0,0,,0,0,0,,0,0,0,0,0,0,0,0,0,0,0,0,0,0,0,0,0,0,0,0,0,0,0,0,0,0,0,0,0,0,0,0,0,0,0,0,0,0,0,0,0,0,0,0,0,0,0,0,0,0,0,0,0,0,0,0,0,0,0,0,0,0,0,0,0,0,0,0,0,0,0,0,0,0,0,0,0,0,
"Net Income Avail to Common, GAAP",EARN_FOR_COMMON,114.084,103.957,200.902,66.629,123.39,124.665,194.284,86.601,93.045,72.577,175.222,110.832,128.298,108.928,228.858,107.902,161.295,115.617,231.269,80.971,188.541,124.846,272.791,79.457,282,226.1,340.2,181.8,300.7,157.6,298.4,144.9,313.6,274.4,423.8,219.2,962,283,436,-194,388,324,766,279,454,415,792,223,379,470,227,-55,222,417,46,-2023,309,429,387,356,866,307,38,601,358,355,763,387,357,293,607,243,465,351,215,331,344,276,109,346,445,-222,670,427,511,435,472,288,295,444,594,435,634,339,1004,688,-97,609,1274,97,864,543,932,477,694,509,1176,-227,716,686,954,703,620,500,1082,464,900,820,1327,660,899,-817,1265,-77,953,751,1366,732,818,893,1383,-531,765,-234,1213,991,1099,886,
,,#N/A Mandatory parameter [FIELDS] cannot be empty,,,,,,,,,,,,,,,,,,,,,,,,,,,,,,,,,,,,,,,,,,,,,,,,,,,,,,,,,,,,,,,,,,,,,,,,,,,,,,,,,,,,,,,,,,,,,,,,,,,,,,,,,,,,,,,,,,,,,,,,,,,,,,,,,,,,,,,,,,
"Net Income Avail to Common, Adj",EARN_FOR_COMMON,114.084,103.957,200.902,66.629,123.39,124.665,194.284,86.601,93.045,72.577,175.222,110.832,128.298,108.928,228.858,107.902,161.295,115.617,231.269,80.971,188.541,124.846,272.791,79.457,282,226.1,340.2,181.8,300.7,157.6,298.4,144.9,313.6,274.4,423.8,219.2,962,283,436,-194,388,324,766,279,454,415,792,223,379,470,227,-55,222,417,46,-2023,309,429,387,356,866,307,38,601,358,355,763,387,357,293,607,243,465,351,215,331,344,276,109,346,445,-222,670,427,511,435,472,288,295,444,594,435,634,339,1004,688,-97,609,1274,97,864,543,932,477,694,509,1176,-227,716,686,954,703,620,500,1082,464,900,820,1327,660,899,-817,1265,-77,953,751,1366,732,818,893,1383,-531,765,-234,1213,991,1099,886,
  Net Abnormal Losses (Gains),IS_NET_ABNORMAL_ITEMS,,,,,,,,,,,,,,,,,,,,,,,,,,,,,,,,,,,,,,,,,,,,,,,,,,,,,,,,,,,,,,,,,,,,,,,,,,,,,13.1,25.55,397.55,-5.2,41.7,609.19,49.9,-115.57,7,7.25,198.6,39.6,203.05,5.95,481.8,85.6,80.7,243.35,55.95,31.35,95.35,47.5,44.65,488.5,3.9,5.55,143.55,61.35,83.4,79.45,105.1,145.5,2.85,20.3,149.26,-49,279,284.51,93.1,161,2.37,0.79,-19,14.16,75.79,1625.21,116.54,1593.92,10,248.91,227,20.48,341.27,-13.43,-7.9,165.08,0.79,-39.49,63.2,61.57,-8.69,54.23,
  Net Extraordinary Losses (Gains),XO_GL_NET_OF_TAX,0,0,0,0,0,0,0,0,0,0,0,0,0,0,0,0,0,0,0,0,0,0,0,0,0,0,0,16.7,0,0,0,0,8,0,0,0,-660,0,0,0,0,,,0,96,0,0,0,0,0,0,0,167,-23,-44,156,-246,-27,-8,3,-8,19,883,-189,-155,-159,-282,-187,-20,6,-34,36,-2,-13,1,-69,-3,2,1,-12,0,-1,0,-2,0,0,-1,0,-2,1,-4,-31,0,3,-62,-75,843,113,-378,-2,-91,57,5,-148,-122,112,-180,598,0,2,2,2,0,5,-4,-20,0,0,0,7,0,0,0,-7,0,0,0,-54,0,0,-3,1277,209,955,152,108,3,10,
,,#N/A Mandatory parameter [FIELDS] cannot be empty,,,,,,,,,,,,,,,,,,,,,,,,,,,,,,,,,,,,,,,,,,,,,,,,,,,,,,,,,,,,,,,,,,,,,,,,,,,,,,,,,,,,,,,,,,,,,,,,,,,,,,,,,,,,,,,,,,,,,,,,,,,,,,,,,,,,,,,,,,
Basic Weighted Avg Shares,IS_AVG_NUM_SH_FOR_EPS,135.0425,135.0439,135.0479,135.0525,135.0572,135.2032,135.8179,136.4039,136.4679,136.5712,136.5725,136.5459,136.5725,136.5725,136.5725,136.5725,136.5725,136.5725,136.5725,136.5725,136.5725,136.5725,136.5725,136.5725,241.0251,241.5998,240.3998,237.6471,239.7331,239.8664,239.9331,235.5998,240.0664,240.3331,239.4351,241.3331,241.9998,242.8664,243.3331,243.9998,244.6664,245.3331,245.3331,245.9998,248.4331,257.6664,258.3331,258.6664,262.5664,276.8664,277.9997,297.333,298.9997,300.6664,301.6664,302.6664,303.9997,308.6664,312.6664,315.6664,317.9997,308.9997,308.6664,309.6664,309.333,412.6663,417.9996,418.6662,418.9996,419.9996,419.9996,420.9996,420.9996,421.3329,421.6662,421.6662,427.3329,429.3329,432.9996,434.9996,436.6662,437.9996,439.9996,442.3329,443.3329,443.9996,444,444.6662,446,446,699,703,705,706,706,706,706,707,707,707,708,692,688,688,689,689,689,697,700,700,700,700,701,703,713,716,727,728,729,730,734,735,735,742,769,769,769,769,770,770,770,770,770,771,771,771,771,772,
"Basic EPS, GAAP",IS_EPS,0.8475,0.765,1.485,0.495,0.915,0.915,1.44,0.63,0.675,0.54,1.275,0.825,0.945,0.795,1.68,0.78,1.185,0.84,1.695,0.6,1.38,0.915,1.995,0.585,1.17,0.93,1.41,0.765,1.26,0.645,1.245,0.615,1.305,1.14,1.77,0.9,3.975,1.155,1.8,-0.795,1.59,1.32,3.12,1.14,1.83,1.62,3.06,0.87,1.44,1.71,0.81,-0.18,0.75,1.32,0.15,-6.69,1.02,1.38,1.23,1.14,2.73,0.99,0.12,1.98,1.17,0.87,1.83,0.93,0.84,0.69,1.44,0.5772,1.11,0.84,0.51,0.78,0.81,0.63,0.24,0.7954,1.02,-0.51,1.53,0.9653,1.14,0.99,1.06,0.6477,0.66,0.99,0.85,0.6188,0.89,0.48,1.42,0.9745,-0.14,0.86,1.8,0.14,1.22,0.78,1.35,0.6933,1.01,0.74,1.7,-0.3257,1.02,0.98,1.36,1,0.88,0.71,1.51,0.65,1.24,1.12,1.82,0.88,1.24,-1.13,1.74,-0.1038,1.25,0.96,1.79,0.9519,1.08,1.14,1.81,-0.6896,1.01,-0.32,1.59,1.2853,1.44,1.13,
"Basic EPS from Cont Ops, GAAP",IS_EARN_BEF_XO_ITEMS_PER_SH,0.8475,0.765,1.485,0.495,0.915,0.915,1.44,0.63,0.675,0.54,1.275,0.825,0.945,0.795,1.68,0.78,1.185,0.84,1.695,0.6,1.38,0.915,1.995,0.585,1.17,0.93,1.41,0.84,1.26,0.645,1.245,1.155,1.335,1.14,1.77,0.9,1.245,1.155,1.8,-0.795,1.59,1.32,3.12,1.14,2.22,1.62,3.06,0.87,1.44,1.71,0.81,-0.18,1.29,1.32,0,-6.18,0.21,1.29,1.2,0.75,2.7,1.05,2.97,1.35,0.66,0.48,1.14,0.48,0.81,0.72,1.35,0.5772,1.11,0.81,0.51,0.63,0.81,0.66,0.24,0.7678,1.02,-0.51,1.53,0.9608,1.14,0.99,1.06,0.6477,0.65,0.99,0.84,0.5747,0.89,0.48,1.33,0.8683,1.05,1.02,1.25,0.14,1.09,0.87,1.36,0.4782,0.83,0.9,1.44,0.5323,1.02,0.98,1.36,1,0.88,0.7184,1.51,0.6201,1.24,1.12,1.82,0.9137,1.24,-1.13,1.74,-0.1132,1.25,0.96,1.79,0.8817,1.08,1.14,1.7922,0.9688,1.2649,0.9351,1.7704,1.4254,1.4293,1.1606,
"Basic EPS from Cont Ops, Adjusted",IS_BASIC_EPS_CONT_OPS,0.8475,0.765,1.485,0.495,0.915,0.915,1.44,0.63,0.675,0.54,1.275,0.825,0.945,0.795,1.68,0.78,1.185,0.84,1.695,0.6,1.38,0.915,1.995,0.585,1.17,0.93,1.41,0.84,1.26,0.645,1.245,1.155,1.335,1.14,1.77,0.9,1.245,1.155,1.8,1.215,1.59,1.32,3.12,1.41,2.22,1.62,3.06,1.05,1.44,1.56,0.81,0.96,1.26,1.32,0.72,0.66,0.96,1.29,1.11,1.2,1.38,0.99,1.77,1.35,0.66,0.72,0.87,0.69,0.9,0.72,1.35,0.4537,1.05,0.81,0.99,0.81,0.8286,0.707,1.1722,0.7559,1.1146,0.8817,1.6361,0.6995,1.1684,0.9961,1.5081,0.7367,1.1122,1.0111,1.5333,0.6964,1.0138,0.8291,1.4135,0.9127,1.1917,1.0884,1.3305,0.83,1.0973,0.8751,1.5706,0.5674,0.9512,1.0166,1.5981,0.741,1.0269,1.0119,1.5789,0.9371,1.2825,1.1231,1.6425,0.845,1.2412,1.1275,1.7942,0.9331,1.3281,1.0996,1.8796,2.0349,1.2523,1.3003,2.0715,0.9083,1.5055,1.1423,1.7819,1.1832,1.266,0.8839,1.8524,1.5053,1.418,1.2309,
,,#N/A Mandatory parameter [FIELDS] cannot be empty,,,,,,,,,,,,,,,,,,,,,,,,,,,,,,,,,,,,,,,,,,,,,,,,,,,,,,,,,,,,,,,,,,,,,,,,,,,,,,,,,,,,,,,,,,,,,,,,,,,,,,,,,,,,,,,,,,,,,,,,,,,,,,,,,,,,,,,,,,
Diluted Weighted Avg Shares,IS_SH_FOR_DILUTED_EPS,135.0425,135.0439,135.0479,135.0525,135.0572,135.2032,135.8179,136.4039,136.4679,136.5712,136.5725,136.5459,136.5725,136.5725,136.5725,136.5725,136.5725,136.5725,136.5725,136.5725,136.5725,136.5725,136.5725,136.5725,241.0251,241.5998,240.3998,237.6471,241.5258,239.8664,239.9331,241.4998,240.0664,240.3331,241.6664,241.3331,241.9998,243.2664,243.6664,244.6664,244.6664,245.7998,246.9998,248.3331,250.6664,259.6997,260.3331,260.3331,263.8664,278.0664,277.9997,297.6664,298.9997,300.9997,302.333,302.6664,315.6664,309.333,324.333,327.6663,329.9997,321.333,321.333,320.6663,320.9997,419.6662,420.9996,421.6662,422.6662,422.3329,421.6662,421.3329,422.3329,422.6662,422.6662,422.6662,427.6662,429.6662,433.3329,435.3329,436.9996,437.9996,440.6662,442.6662,443.6662,444.3329,444,444.9996,446,446,699,707,705,706,706,706,706,707,707,707,708,692,688,688,689,690,691,697,700,700,700,700,701,704,714,716,727,728,729,731,736,735,735,742,769,769,769,769,770,770,770,770,770,771,771,771,771,772,
"Diluted EPS, GAAP",IS_DILUTED_EPS,0.8475,0.765,1.485,0.495,0.915,0.915,1.44,0.63,0.675,0.54,1.275,0.825,0.945,0.795,1.68,0.78,1.185,0.84,1.695,0.6,1.38,0.915,1.995,0.585,1.17,0.93,1.41,0.765,1.245,0.645,1.245,0.6,1.305,1.14,1.755,0.9,3.96,1.155,1.785,-0.795,1.59,1.32,3.105,1.14,1.8,1.59,3.03,0.84,1.44,1.68,0.81,-0.18,0.75,1.32,0.15,-6.69,0.99,1.38,1.2,1.08,2.64,0.96,0.12,1.92,1.11,0.84,1.8,0.93,0.84,0.69,1.44,0.5767,1.11,0.84,0.51,0.78,0.81,0.63,0.24,0.7948,1.02,-0.51,1.53,0.9646,1.14,0.99,1.06,0.6472,0.66,0.99,0.85,0.6153,0.89,0.48,1.42,0.9745,-0.14,0.86,1.8,0.14,1.22,0.78,1.35,0.6933,1.01,0.74,1.7,-0.3257,1.02,0.98,1.36,1,0.88,0.71,1.51,0.65,1.24,1.12,1.82,0.88,1.24,-1.13,1.74,-0.1038,1.25,0.96,1.79,0.9519,1.08,1.14,1.81,-0.6896,1.01,-0.32,1.59,1.2853,1.44,1.13,
"Diluted EPS from Cont Ops, GAAP",IS_DIL_EPS_BEF_XO,0.8475,0.765,1.485,0.495,0.915,0.915,1.44,0.63,0.675,0.54,1.275,0.825,0.945,0.795,1.68,0.78,1.185,0.84,1.695,0.6,1.38,0.915,1.995,0.585,1.17,0.93,1.41,0.84,1.245,0.645,1.245,1.14,1.335,1.14,1.755,0.9,1.245,1.155,1.785,-0.795,1.59,1.32,3.105,1.14,2.19,1.59,3.03,0.84,1.44,1.68,0.81,-0.18,1.29,1.32,0,-6.18,0.21,1.29,1.17,0.9,2.61,1.02,2.88,1.29,0.63,0.48,1.14,0.48,0.81,0.72,1.35,0.5767,1.11,0.81,0.51,0.63,0.81,0.66,0.24,0.767,1.02,-0.51,1.53,0.9601,1.14,0.99,1.06,0.6472,0.65,0.99,0.84,0.5714,0.89,0.48,1.33,0.8683,1.05,1.02,1.25,0.14,1.09,0.87,1.36,0.4782,0.83,0.9,1.44,0.5323,1.02,0.98,1.36,1,0.88,0.7171,1.51,0.6201,1.24,1.12,1.82,0.8896,1.24,-1.13,1.74,-0.1132,1.25,0.96,1.79,0.8817,1.08,1.14,1.78,0.9688,1.2649,0.9187,1.83,1.4254,1.4293,1.143,
"Diluted EPS from Cont Ops, Adjusted",IS_DIL_EPS_CONT_OPS,0.8475,0.765,1.485,0.495,0.915,0.915,1.44,0.63,0.675,0.54,1.275,0.825,0.945,0.795,1.68,0.78,1.185,0.84,1.695,0.6,1.38,0.915,1.995,0.585,1.17,0.93,1.41,0.84,1.245,0.645,1.245,1.14,1.335,1.14,1.755,0.9,1.245,1.155,1.785,1.215,1.59,1.32,3.105,1.41,2.19,1.59,3.03,1.02,1.44,1.53,0.81,0.96,1.26,1.32,0.72,0.66,0.96,1.29,1.08,0.51,1.29,0.96,1.68,1.29,0.63,0.72,0.87,0.69,0.9,0.72,1.35,0.4537,1.05,0.81,0.99,0.81,0.8286,0.707,1.1574,0.7551,1.1146,0.8808,1.6361,0.699,1.1558,0.9961,1.5073,0.7362,1.1053,1.0033,1.5293,0.6925,1.0045,0.8247,1.4092,0.9127,1.1851,1.0872,1.3132,0.83,1.0955,0.8751,1.5686,0.5674,0.951,1.0151,1.5921,0.741,1.0241,1.009,1.5732,0.93,1.278,1.1212,1.6404,0.845,1.2412,1.1211,1.7939,0.9089,1.3281,1.0812,1.8796,2.0349,1.2523,1.2837,2.0715,0.9083,1.5055,1.1226,1.7697,1.1832,1.266,0.8674,1.8524,1.5053,1.418,1.2132,
,,#N/A Mandatory parameter [FIELDS] cannot be empty,,,,,,,,,,,,,,,,,,,,,,,,,,,,,,,,,,,,,,,,,,,,,,,,,,,,,,,,,,,,,,,,,,,,,,,,,,,,,,,,,,,,,,,,,,,,,,,,,,,,,,,,,,,,,,,,,,,,,,,,,,,,,,,,,,,,,,,,,,
Reference Items,,#N/A Mandatory parameter [FIELDS] cannot be empty,,,,,,,,,,,,,,,,,,,,,,,,,,,,,,,,,,,,,,,,,,,,,,,,,,,,,,,,,,,,,,,,,,,,,,,,,,,,,,,,,,,,,,,,,,,,,,,,,,,,,,,,,,,,,,,,,,,,,,,,,,,,,,,,,,,,,,,,,,
Accounting Standard,ACCOUNTING_STANDARD,US GAAP,US GAAP,US GAAP,US GAAP,US GAAP,US GAAP,US GAAP,US GAAP,US GAAP,US GAAP,US GAAP,US GAAP,US GAAP,US GAAP,US GAAP,US GAAP,US GAAP,US GAAP,US GAAP,US GAAP,US GAAP,US GAAP,US GAAP,US GAAP,US GAAP,US GAAP,US GAAP,US GAAP,US GAAP,US GAAP,US GAAP,US GAAP,US GAAP,US GAAP,US GAAP,US GAAP,US GAAP,US GAAP,US GAAP,US GAAP,US GAAP,US GAAP,US GAAP,US GAAP,US GAAP,US GAAP,US GAAP,US GAAP,US GAAP,US GAAP,US GAAP,US GAAP,US GAAP,US GAAP,US GAAP,US GAAP,US GAAP,US GAAP,US GAAP,US GAAP,US GAAP,US GAAP,US GAAP,US GAAP,US GAAP,US GAAP,US GAAP,US GAAP,US GAAP,US GAAP,US GAAP,US GAAP,US GAAP,US GAAP,US GAAP,US GAAP,US GAAP,US GAAP,US GAAP,US GAAP,US GAAP,US GAAP,US GAAP,US GAAP,US GAAP,US GAAP,US GAAP,US GAAP,US GAAP,US GAAP,US GAAP,US GAAP,US GAAP,US GAAP,US GAAP,US GAAP,US GAAP,US GAAP,US GAAP,US GAAP,US GAAP,US GAAP,US GAAP,US GAAP,US GAAP,US GAAP,US GAAP,US GAAP,US GAAP,US GAAP,US GAAP,US GAAP,US GAAP,US GAAP,US GAAP,US GAAP,US GAAP,US GAAP,US GAAP,US GAAP,US GAAP,US GAAP,US GAAP,US GAAP,US GAAP,US GAAP,US GAAP,US GAAP,US GAAP,US GAAP,US GAAP,US GAAP,US GAAP,US GAAP,US GAAP,US GAAP,US GAAP,US GAAP,
EBITDA,EBITDA,354.043,336.188,518.954,275.578,389.851,387.305,516.545,326.405,379.755,366.882,521.74,406.847,447.639,403.614,609.371,413.469,466.801,392.223,578.792,402.887,538.141,427.44,672.214,386.072,752.605,790.095,900.5,680.3,764.4,672.8,861.8,653.5,871.1,814.7,1105.7,696.5,915,803,1160,68,1115,1145,1844,-70,1534,1108,1789,960,1047,1252,1020,816,1371,1154,1062,747,1187,1243,1448,1201,1337,1299,1289,980,776,839,1235,730,1060,977,1476,944,1185,1106,1136,934,1144,982,923,1046,1267,459,1535,1194,1318,1166,1284,1035,1039,1319,1866,1554,1977,1603,2481,1939,2246,2153,2512,1854,2339,2147,2695,1621,2171,2196,2933,1921,2393,2315,2698,2265,2345,2140,2776,2120,2683,2616,3352,2526,2789,2527,3244,1479,2835,2537,3123,2584,2759,2856,3547,2798,3018,3002,3733,3401,3497,3273,
EBITDA Margin (T12M),EBITDA_MARGIN,,,,40.3307,40.9561,42.0686,42.1011,42.4449,41.1593,40.5783,40.2678,42.2878,43.7095,43.6681,44.1868,43.768,43.7313,42.5244,42.5466,40.5417,41.6011,42.6542,43.1489,43.2757,34.8394,32.7926,29.2128,25.3894,23.7,21.8972,19.2588,18.1036,18.3869,18.2515,19.1215,19.8069,19.9845,19.1831,18.1186,13.5498,12.6579,11.2194,10.403,8.3709,9.5858,11.136,15.2932,29.6258,30.7422,32.6901,28.7722,26.3998,24.0676,21.7376,20.3569,19.4089,19.0419,19.2664,21.4777,22.958,23.9697,24.3223,26.052,30.0976,34.5063,38.0114,36.5842,33.6973,32.0957,33.0689,33.9142,35.6218,35.7578,36.0251,33.8916,33.0204,32.772,32.6131,31.2294,32.1656,32.4137,27.6014,30.9034,31.215,31.4204,35.7349,33.9723,33.058,31.2086,32.1686,30.4041,29.4435,30.6779,28.9328,32.1457,35.9324,36.5416,39.2689,39.097,36.6353,37.333,37.4958,38.1288,39.3456,39.8192,40.7519,41.6869,40.5443,40.8876,40.7987,39.9563,41.0397,40.1443,39.2701,39.3555,38.257,39.5902,41.1437,42.9277,44.5672,45.377,45.8526,45.8213,42.0605,41.9004,41.3628,40.4855,44.3586,42.3877,42.1127,42.2883,41.2272,41.9119,42.5689,42.9843,45.265,46.2842,46.2711,
EBIT,EBIT,205.958,193.173,370.07,139.294,235.268,226.259,357.885,180.871,222.111,201.451,355.058,235.708,274.65,243.849,442.169,256.357,312.787,242.419,418.658,219.324,369.414,263.876,504.507,211.254,575.7,479.2,653.1,450.6,610,352,606.3,401.7,608.4,548.8,825.8,450,645,531,866,-247,812,794,1501,-421,1177,823,1414,527,668,842,540,393,887,666,541,253,711,776,867,688,787,768,907,559,338,235,625,167,599,490,930,550,733,650,657,487,681,528,445,595,761,-14,1033,681,814,679,767,517,495,786,1078,767,1215,821,1660,1075,1362,1289,1619,988,1456,1246,1688,688,1240,1259,1954,888,1402,1353,1661,1209,1256,979,1579,871,1373,1298,1929,1109,1488,1177,1814,74,1450,1169,1687,1110,1279,1413,2056,1369,1674,1430,2111,1855,1963,1707,
Gross Margin,GROSS_MARGIN,66.8073,66.8606,68.9125,66.4057,70.0307,67.7627,69.9121,65.9808,68.5113,69.3963,69.2792,71.7278,70.9276,69.7453,70.54,70.3495,70.9812,70.1831,71.7766,75.7733,74.4725,72.5101,75.0013,74.0027,38.2825,50.8498,47.6064,47.5968,30.7018,42.7943,32.9503,39.6081,36.0115,38.3586,34.34,37.9891,38.0326,32.4877,29.7933,27.9651,25.2538,19.33,17.9721,6.7698,,,,,60.1874,60.658,55.0979,,34.5431,41.1297,37.9348,41.3231,36.9588,40.2799,44.6762,38.0582,41.8356,43.0224,73.4478,80.165,76.0494,62.6938,64.5014,61.871,64.4152,64.5651,63.9642,70.9529,63.1106,65.1285,59.7777,60.0383,63.1944,66.2547,66.49,64.5016,64.1903,66.0176,65.5094,66.328,63.4453,63.6389,64.9849,66.3599,63.4435,64.0201,59.1491,61.2291,61.665,63.123,65.2405,77.3068,64.0428,65.452,63.9249,65.1736,64.4518,66.6309,66.1422,69.7685,69.5555,70.6503,69.0237,69.7687,70.2042,70.8911,70.2098,70.219,67.5795,70.5299,69.9909,69.1415,68.5867,70.7645,70.8069,70.9323,72.3315,74.0269,71.8792,72.8752,72.0488,74.0535,72.3925,70.1161,67.779,67.6739,64.027,62.2092,63.2353,67.8018,67.1253,68.6911,66.5363,67.8472,
Operating Margin,OPER_MARGIN,24.0769,22.1958,33.4898,16.3738,26.5348,25.3189,32.6414,19.2361,22.6337,22.4004,31.1584,25.0404,27.2529,24.7006,34.2768,25.7159,29.6426,22.3776,34.4345,18.4935,33.2486,25.0737,36.5591,18.6416,20.1357,18.7239,20.8432,12.0141,16.1128,11.3081,12.5773,8.7522,14.7857,13.6732,15.5864,10.7571,15.438,11.3195,12.9718,-3.9858,11.1385,7.2671,9.566,-2.9474,21.1958,19.9418,31.0633,13.2913,20.1935,23.279,13.561,8.2632,14.3714,12.927,9.7495,4.6362,12.6153,14.4776,17.0636,11.3794,14.771,14.562,29.9538,20.9599,20.8642,8.0951,19.0607,5.9178,19.7364,16.5206,25.2169,19.4828,21.9658,20.1301,18.7286,15.5442,20.5616,18.1256,13.1037,19.1318,21.1742,-0.4259,26.1784,19.7678,22.2222,19.2134,19.3491,15.3504,13.6364,21.9737,16.0369,13.468,20.6002,13.965,26.701,25.1756,21.7468,22.5823,25.3167,17.773,24.0066,22.2938,26.0373,16.2494,23.0612,24.1512,29.7141,15.9225,24.472,24.3564,25.6248,20.8484,20.4727,17.3489,23.8232,14.2437,22.2781,22.1011,27.7954,18.1714,25.0126,21.7119,26.99,1.2809,23.5772,20.3022,24.2699,18.1462,17.9333,21.1369,26.2178,18.6233,23.0071,21.7391,26.4073,25.721,25.5899,23.8009,
Profit Margin,PROF_MARGIN,14.8518,13.4361,19.3448,9.4558,15.4966,15.4866,18.9533,10.6377,10.8389,9.6671,16.7192,13.2009,14.059,12.4056,18.714,12.123,16.4536,11.8158,20.0477,7.8853,18.1156,13.0675,20.667,7.9894,10.2515,9.2643,11.2083,5.1432,8.2334,5.4163,6.4204,4.022,7.7792,6.9636,8.0914,5.3475,23.145,6.1394,6.6058,-3.0499,5.3909,3.0112,4.9073,1.9882,8.2478,10.1527,17.4868,5.6747,11.5478,13.1048,5.776,-1.0934,3.6455,8.2298,0.883,-37.035,5.5181,8.0597,7.656,5.9213,16.2913,5.8589,1.354,22.7222,22.0988,12.2287,23.2693,13.7137,11.7628,9.8786,16.4588,8.6079,13.9347,10.8702,6.1288,10.565,10.3865,9.4748,3.2097,11.1254,12.3817,-6.7539,16.9792,12.3948,13.9503,12.309,11.9072,8.5511,8.1267,12.4126,8.8367,7.6383,10.7494,5.7663,16.1493,16.1124,-1.5488,10.6692,19.9218,1.7449,14.2457,9.7155,14.3761,11.2659,12.9068,9.7641,17.8832,-4.0703,12.4978,12.3492,14.7177,12.1228,10.1059,8.8605,16.3247,7.5879,14.6033,14.1665,19.3372,11.0437,15.7674,-14.7943,19.4019,-1.0905,16.1301,13.2859,20.2129,12.1955,12.0163,13.5677,18.1331,-7.0331,11.05,-3.3445,15.6617,13.9351,14.8351,12.5488,
Sales per Employee,ACTUAL_SALES_PER_EMPL,,,,43851.1862,,,,51663.0772,,,,50264.8581,,,,54551.8759,,,,,,,,66189.9443,,,,,,,,,,,,190149.9911,,,,295095.2381,,,,,,,,165208.3333,,,,216181.8182,,,,229285.7143,,,,281209.3023,,,,130735.2941,,,,110234.375,,,,,,,,171671.2329,,,,166488.2227,,,,,,,,,,,,,,,,,,,,196126.1643,,,,145059.6135,,,,193659.2819,,,,199552.6497,,,,203270.9504,,,,211961.2406,,,,209805.7018,,,,221590.2916,,,,263864.4603,,,,266745.5709,,,
,,#N/A Mandatory parameter [FIELDS] cannot be empty,,,,,,,,,,,,,,,,,,,,,,,,,,,,,,,,,,,,,,,,,,,,,,,,,,,,,,,,,,,,,,,,,,,,,,,,,,,,,,,,,,,,,,,,,,,,,,,,,,,,,,,,,,,,,,,,,,,,,,,,,,,,,,,,,,,,,,,,,,
Returns,,#N/A Mandatory parameter [FIELDS] cannot be empty,,,,,,,,,,,,,,,,,,,,,,,,,,,,,,,,,,,,,,,,,,,,,,,,,,,,,,,,,,,,,,,,,,,,,,,,,,,,,,,,,,,,,,,,,,,,,,,,,,,,,,,,,,,,,,,,,,,,,,,,,,,,,,,,,,,,,,,,,,
Return on Common Equity,RETURN_COM_EQY,,,,,13.1119,13.494,12.8992,13.4197,12.5758,11.1895,10.4385,10.9939,11.795,12.6818,13.6423,13.5241,14.1378,14.2417,13.8803,13.2833,13.6619,13.8005,14.2518,14.2871,16.0118,18.0215,19.1283,16.9894,21.3905,15.8,15.0305,12.1175,14.5047,13.6727,14.7892,15.6918,22.6008,22.954,21.9046,17.3431,10.0275,10.4743,13.3444,18.4423,18.7455,17.8561,17.2906,16.5663,14.4299,13.8176,9.7559,7.3897,5.7317,5.3015,4.1915,-9.3266,-8.5509,-8.1882,-5.7527,9.8115,13.3806,12.427,10.0442,11.0219,7.8944,6.4456,9.7949,8.7586,10.0145,7.8106,6.9124,6.3424,7.6493,7.9862,6.0093,6.457,5.8231,5.4836,4.9374,5.0307,5.4535,3.2017,5.6805,5.9631,6.2086,9.348,8.235,7.533,6.5473,6.6619,5.0896,5.5567,6.6119,6.4012,5.8779,6.4847,4.7366,5.4463,5.992,4.5812,6.9569,6.9119,5.9968,6.9874,6.5379,6.5731,7.1115,5.3294,5.3632,5.7921,5.1851,7.3914,7.1423,6.6284,6.8655,6.2322,6.8633,7.5299,8.0279,8.3607,8.3267,4.715,4.5346,2.7954,2.9041,6.4487,6.55,8.1469,7.8264,8.1105,7.9935,5.4132,5.2964,2.9385,2.5423,5.7877,6.4687,8.9018,
Return on Assets,RETURN_ON_ASSET,,,,,5.5364,5.6688,5.5403,5.6789,5.353,4.8235,4.578,4.7769,4.9101,5.2611,5.5827,5.4483,5.509,5.5453,5.4629,5.0997,5.2888,5.3053,5.5633,5.4502,6.1416,6.8799,7.3239,6.0143,8.1704,5.7524,5.2918,4.2005,5.2486,4.5816,4.8555,4.9258,7.2084,6.9379,6.5594,5.0054,2.8623,2.6328,3.1715,3.876,4.2106,4.0801,3.9029,3.5555,3.2103,3.2527,2.314,1.9033,1.3944,1.2785,1.0513,-2.2549,-2.0861,-2.0655,-1.549,2.6373,3.6797,3.4722,2.9166,3.3016,2.4486,2.1525,3.3685,3.0189,3.7372,3.0299,2.7559,2.5337,3.2858,3.3305,2.503,2.6503,2.4043,2.1936,1.9531,1.9525,2.1148,1.2204,2.1807,2.2733,2.377,3.5166,3.1104,2.8056,2.4672,2.4409,1.8763,2.0047,2.4016,2.2605,2.1289,2.3312,1.7005,1.9226,2.1123,1.6003,2.4108,2.3769,2.0242,2.33,2.1702,2.1656,2.2782,1.695,1.6997,1.8249,1.6007,2.2603,2.1735,2.0177,2.0788,1.8821,2.034,2.2321,2.3659,2.4639,2.4331,1.3729,1.3324,0.8573,0.8846,1.8425,1.8872,2.3544,2.2547,2.3182,2.2904,1.5354,1.4946,0.8449,0.7379,1.6007,1.7762,2.3752,
Return on Capital,RETURN_ON_CAP,,,,,9.3348,9.472,9.4055,9.5572,9.0742,8.4289,8.2726,8.4864,8.7312,9.0937,9.473,9.3297,9.4766,9.5058,9.478,9.0898,9.3829,9.3796,9.8504,9.5633,10.596,11.8747,12.9724,11.6676,14.9884,10.9778,10.5647,8.6482,10.5153,9.5986,10.2547,10.423,14.2296,14.4025,12.588,10.8756,7.5917,7.9191,8.8466,11.1598,11.7109,10.9033,10.6585,9.4591,7.4005,7.4321,6.0342,5.2252,4.4315,4.2753,3.9069,,,,,7.1017,9.4916,9.217,8.2895,8.8824,5.7614,4.5777,6.4193,5.7877,7.2039,5.6679,5.1745,4.8178,6.2036,6.3183,4.9831,5.4051,4.9251,4.6059,4.0361,4.0923,4.3286,2.7994,4.424,4.5414,4.7646,6.5088,5.8596,5.4216,5.009,4.9995,3.8951,4.1963,4.8942,4.8931,4.2403,4.4981,3.6999,4.0603,4.3625,3.4456,4.5604,4.524,4.1038,4.6348,4.4646,4.6034,4.7057,3.9662,3.947,4.1056,3.7832,4.7622,4.6592,4.5282,4.7176,4.4574,4.7118,4.9021,5.133,5.1438,4.9826,3.6603,3.587,2.4851,2.4664,4.2213,4.3034,4.9667,4.8822,4.9989,5.0185,3.9551,3.9099,3.0807,3.1294,4.3394,4.6712,5.551,
Return on Invested Capital,RETURN_ON_INV_CAPITAL,,,,,7.4969,7.5956,7.3284,7.2712,6.8433,6.4292,6.3197,6.5477,6.5441,6.8039,7.1239,7.1224,6.9905,6.9363,6.8181,6.648,6.8875,6.8943,7.2826,6.9981,8.4549,9.4379,10.2067,8.8194,11.4281,8.3588,8.109,6.5201,7.3082,6.8419,7.3826,7.7275,7.6856,7.8076,7.0718,5.3342,5.5662,6.0142,6.8825,5.9409,6.6923,6.1084,5.8378,7.9493,6.0715,5.7902,4.5291,2.5423,2.5551,2.2206,2.2214,,,,,5.161,5.2527,5.1103,5.2803,5.1646,4.2486,2.8255,2.4907,2.1184,3.3948,3.067,3.5036,3.6242,5.0829,5.2827,4.5042,4.2478,4.5075,4.0938,3.1841,3.1839,3.5415,2.2411,3.6422,3.5487,3.6684,5.2493,4.662,4.0225,4.0018,4.1098,3.2506,3.0541,4.2552,4.305,3.7768,3.4995,4.1375,4.5682,4.4329,3.2377,3.7098,3.622,3.708,3.5702,3.8873,4.0571,4.0051,3.5953,4.1933,4.1767,3.9141,3.7943,4.1599,4.0032,4.099,3.5576,3.985,4.1837,4.4628,4.459,4.4222,4.6973,4.6392,4.0528,3.8371,3.5581,3.4091,4.3454,4.0621,4.1755,4.3282,4.5977,4.5233,4.4352,4.4973,4.9154,4.8817,5.0231,
,,#N/A Mandatory parameter [FIELDS] cannot be empty,,,,,,,,,,,,,,,,,,,,,,,,,,,,,,,,,,,,,,,,,,,,,,,,,,,,,,,,,,,,,,,,,,,,,,,,,,,,,,,,,,,,,,,,,,,,,,,,,,,,,,,,,,,,,,,,,,,,,,,,,,,,,,,,,,,,,,,,,,
Margins,,#N/A Mandatory parameter [FIELDS] cannot be empty,,,,,,,,,,,,,,,,,,,,,,,,,,,,,,,,,,,,,,,,,,,,,,,,,,,,,,,,,,,,,,,,,,,,,,,,,,,,,,,,,,,,,,,,,,,,,,,,,,,,,,,,,,,,,,,,,,,,,,,,,,,,,,,,,,,,,,,,,,
Gross Margin,GROSS_MARGIN,66.8073,66.8606,68.9125,66.4057,70.0307,67.7627,69.9121,65.9808,68.5113,69.3963,69.2792,71.7278,70.9276,69.7453,70.54,70.3495,70.9812,70.1831,71.7766,75.7733,74.4725,72.5101,75.0013,74.0027,38.2825,50.8498,47.6064,47.5968,30.7018,42.7943,32.9503,39.6081,36.0115,38.3586,34.34,37.9891,38.0326,32.4877,29.7933,27.9651,25.2538,19.33,17.9721,6.7698,,,,,60.1874,60.658,55.0979,,34.5431,41.1297,37.9348,41.3231,36.9588,40.2799,44.6762,38.0582,41.8356,43.0224,73.4478,80.165,76.0494,62.6938,64.5014,61.871,64.4152,64.5651,63.9642,70.9529,63.1106,65.1285,59.7777,60.0383,63.1944,66.2547,66.49,64.5016,64.1903,66.0176,65.5094,66.328,63.4453,63.6389,64.9849,66.3599,63.4435,64.0201,59.1491,61.2291,61.665,63.123,65.2405,77.3068,64.0428,65.452,63.9249,65.1736,64.4518,66.6309,66.1422,69.7685,69.5555,70.6503,69.0237,69.7687,70.2042,70.8911,70.2098,70.219,67.5795,70.5299,69.9909,69.1415,68.5867,70.7645,70.8069,70.9323,72.3315,74.0269,71.8792,72.8752,72.0488,74.0535,72.3925,70.1161,67.779,67.6739,64.027,62.2092,63.2353,67.8018,67.1253,68.6911,66.5363,67.8472,
Operating Margin,OPER_MARGIN,24.0769,22.1958,33.4898,16.3738,26.5348,25.3189,32.6414,19.2361,22.6337,22.4004,31.1584,25.0404,27.2529,24.7006,34.2768,25.7159,29.6426,22.3776,34.4345,18.4935,33.2486,25.0737,36.5591,18.6416,20.1357,18.7239,20.8432,12.0141,16.1128,11.3081,12.5773,8.7522,14.7857,13.6732,15.5864,10.7571,15.438,11.3195,12.9718,-3.9858,11.1385,7.2671,9.566,-2.9474,21.1958,19.9418,31.0633,13.2913,20.1935,23.279,13.561,8.2632,14.3714,12.927,9.7495,4.6362,12.6153,14.4776,17.0636,11.3794,14.771,14.562,29.9538,20.9599,20.8642,8.0951,19.0607,5.9178,19.7364,16.5206,25.2169,19.4828,21.9658,20.1301,18.7286,15.5442,20.5616,18.1256,13.1037,19.1318,21.1742,-0.4259,26.1784,19.7678,22.2222,19.2134,19.3491,15.3504,13.6364,21.9737,16.0369,13.468,20.6002,13.965,26.701,25.1756,21.7468,22.5823,25.3167,17.773,24.0066,22.2938,26.0373,16.2494,23.0612,24.1512,29.7141,15.9225,24.472,24.3564,25.6248,20.8484,20.4727,17.3489,23.8232,14.2437,22.2781,22.1011,27.7954,18.1714,25.0126,21.7119,26.99,1.2809,23.5772,20.3022,24.2699,18.1462,17.9333,21.1369,26.2178,18.6233,23.0071,21.7391,26.4073,25.721,25.5899,23.8009,
Incremental Operating Margin,INCREMENTAL_OPERATING_MARGIN,,,,,93.8762,141.86,-141.5719,46.4262,,,,5262.7043,198.6126,48.2349,57.893,37.1579,80.4392,,-31.692,,101.3532,,52.2927,-15.3085,11.801,14.2892,8.4745,9.1446,3.7013,,,,,21.8448,45.959,,57.9112,,2.9177,,5.3663,4.2181,7.0438,,,,-0.781,,-22.6726,,-153.3333,,7.6466,,0.0638,,-32.8358,52.8846,,73.854,,-9.3023,,-3.8177,-12.109,-22.48,,,18.4452,404.7619,74.5721,38300,44.3709,60.8365,-151.6667,,-208,-38.6076,-189.2857,,28.3688,,106.9091,25.6716,76.8116,280.5668,,-212.987,-966.6667,248.8372,11.2763,10.7434,31.746,1.5204,,,40.274,,,,,-36.1345,78.4091,-22.6415,-31.3953,,286.0215,14.892,46.0227,27.4854,-311.7021,144.5946,,,,,417.8571,138.6957,112.1795,,,-26.7699,-52.5114,-317.4847,,,,304.7059,,26.3215,41.4141,20.9887,274.3056,,36.1842,,73.1646,46.633,
Pretax Margin,PRETAX_INC_TO_NET_SALES,22.0829,19.552,29.4464,12.4708,22.8394,22.6051,29.61,16.0173,17.376,15.4972,26.6092,21.0661,22.7368,20.3461,31.266,20.4407,27.1088,19.3968,32.5777,12.1343,29.7495,21.4806,33.8514,13.8752,14.6757,15.2151,18.2422,11.0491,11.3445,9.4898,10.6128,8.7113,13.4709,11.4508,13.8198,9.2487,13.1881,9.5502,11.3092,-5.0347,9.5062,5.5739,8.2786,3.6474,18.7466,16.9615,29.3937,9.8865,17.2914,21.6478,8.8398,1.0934,10.3208,12.5388,-0.5046,-53.5459,2.4131,10.8022,11.6119,10.9328,32.4887,10.675,46.9287,23.772,19.3827,8.6118,24.3672,6.3785,15.7496,15.2394,23.6714,17.8888,20.5574,15.5776,9.8632,11.3629,15.8514,15.8256,9.8351,17.2347,18.67,-3.1031,24.5058,19.5646,20.3658,17.9117,17.0787,12.1437,11.0193,18.5351,12.526,9.5874,16.3445,8.6749,22.0203,20.3747,17.3878,17.6594,21.1259,12.3403,18.7964,16.783,20.9779,11.1479,15.4175,16.8233,23.0535,9.1806,18.5198,18.3258,20.3795,14.9336,13.0888,10.7567,18.5576,7.0809,16.0312,15.1371,21.7723,11.6172,17.2634,-22.2837,19.9226,-5.5219,16.6667,12.7475,19.6518,11.4599,11.3012,14.3156,19.9949,11.0597,15.4618,13.2259,18.9517,17.4293,17.3641,14.9331,
Income before XO Margin,INC_BEF_XO_ITEMS_TO_NET_SALES,14.8518,13.4361,19.3448,9.4558,15.4966,15.4866,18.9533,10.6377,10.8389,9.6671,16.7192,13.2009,14.059,12.4056,18.714,12.123,16.4536,11.8158,20.0477,7.8853,18.1156,13.0675,20.667,7.9894,10.2515,9.2643,11.2785,5.6951,8.2334,5.4742,6.3872,4.5188,8.3479,7.3797,8.6577,6.1578,8.1857,6.8429,7.0701,-2.356,6.0768,3.8257,5.1048,3.0804,12.8579,11.243,18.8489,7.1879,12.5151,14.8189,6.1276,-1.1144,7.1614,8.7539,-0.1081,-34.8726,1.8275,8.3209,8.7188,6.8806,24.024,7.6981,30.8454,16.7604,12.716,6.855,14.9131,7.0517,11.1697,10.1146,15.4284,9.706,13.9047,10.4057,6.1003,8.3307,10.4469,9.7494,3.1508,12.1543,12.3817,-6.6322,16.8779,12.3948,14.0049,12.4788,11.8315,8.6105,8.1818,12.5524,8.8367,7.1291,10.7494,5.8683,15.2163,14.4496,11.9751,12.719,13.9328,1.7629,12.7947,10.8069,14.4995,7.8885,10.7309,11.9701,15.222,6.742,12.5153,12.4392,14.764,12.1573,10.1385,8.9846,16.0229,7.0973,14.4897,12.7363,19.0634,10.0606,14.9605,-16.4545,18.3604,-2.7177,15.3008,12.1223,18.3571,11.4435,11.4975,13.1638,17.9801,10.4476,13.3315,11.4168,18.4263,15.7377,15.0437,12.981,
Net Income Margin,PROF_MARGIN,14.8518,13.4361,19.3448,9.4558,15.4966,15.4866,18.9533,10.6377,10.8389,9.6671,16.7192,13.2009,14.059,12.4056,18.714,12.123,16.4536,11.8158,20.0477,7.8853,18.1156,13.0675,20.667,7.9894,10.2515,9.2643,11.2083,5.1432,8.2334,5.4163,6.4204,4.022,7.7792,6.9636,8.0914,5.3475,23.145,6.1394,6.6058,-3.0499,5.3909,3.0112,4.9073,1.9882,8.2478,10.1527,17.4868,5.6747,11.5478,13.1048,5.776,-1.0934,3.6455,8.2298,0.883,-37.035,5.5181,8.0597,7.656,5.9213,16.2913,5.8589,1.354,22.7222,22.0988,12.2287,23.2693,13.7137,11.7628,9.8786,16.4588,8.6079,13.9347,10.8702,6.1288,10.565,10.3865,9.4748,3.2097,11.1254,12.3817,-6.7539,16.9792,12.3948,13.9503,12.309,11.9072,8.5511,8.1267,12.4126,8.8367,7.6383,10.7494,5.7663,16.1493,16.1124,-1.5488,10.6692,19.9218,1.7449,14.2457,9.7155,14.3761,11.2659,12.9068,9.7641,17.8832,-4.0703,12.4978,12.3492,14.7177,12.1228,10.1059,8.8605,16.3247,7.5879,14.6033,14.1665,19.3372,11.0437,15.7674,-14.7943,19.4019,-1.0905,16.1301,13.2859,20.2129,12.1955,12.0163,13.5677,18.1331,-7.0331,11.05,-3.3445,15.6617,13.9351,14.8351,12.5488,
Net Income to Common Margin,NET_INCOME_TO_COMMON_MARGIN,13.3367,11.9448,18.1808,7.8321,13.9166,13.9503,17.7199,9.2102,9.4815,8.0702,15.3768,11.7742,12.7307,11.0338,17.741,10.824,15.2858,10.6726,19.0218,6.8275,16.9694,11.8629,19.7678,7.0115,9.8632,8.8344,10.8572,4.8472,7.9428,5.063,6.1901,3.1571,7.6213,6.8366,7.9989,5.2399,23.0254,6.0328,6.5309,-3.1305,5.3224,2.9654,4.8818,1.9532,8.1758,10.0557,17.3989,5.6242,11.4571,12.9942,5.7007,-1.1564,3.5969,8.0939,0.829,-37.0717,5.4826,8.0037,7.6166,5.8882,16.2538,5.821,1.255,22.5347,22.0988,12.2287,23.2693,13.7137,11.7628,9.8786,16.4588,8.6079,13.9347,10.8702,6.1288,10.565,10.3865,9.4748,3.2097,11.1254,12.3817,-6.7539,16.9792,12.3948,13.9503,12.309,11.9072,8.5511,8.1267,12.4126,8.8367,7.6383,10.7494,5.7663,16.1493,16.1124,-1.5488,10.6692,19.9218,1.7449,14.2457,9.7155,14.3761,11.2659,12.9068,9.7641,17.8832,-4.0703,12.4978,12.3492,14.7177,12.1228,10.1059,8.8605,16.3247,7.5879,14.6033,13.9622,19.121,10.8144,15.1118,-15.071,18.8216,-1.3329,15.4959,13.0427,19.6518,11.9667,11.4694,13.3583,17.6358,-7.2235,10.514,-3.5573,15.1739,13.741,14.3267,12.3536,
,,#N/A Mandatory parameter [FIELDS] cannot be empty,,,,,,,,,,,,,,,,,,,,,,,,,,,,,,,,,,,,,,,,,,,,,,,,,,,,,,,,,,,,,,,,,,,,,,,,,,,,,,,,,,,,,,,,,,,,,,,,,,,,,,,,,,,,,,,,,,,,,,,,,,,,,,,,,,,,,,,,,,
Additional,,#N/A Mandatory parameter [FIELDS] cannot be empty,,,,,,,,,,,,,,,,,,,,,,,,,,,,,,,,,,,,,,,,,,,,,,,,,,,,,,,,,,,,,,,,,,,,,,,,,,,,,,,,,,,,,,,,,,,,,,,,,,,,,,,,,,,,,,,,,,,,,,,,,,,,,,,,,,,,,,,,,,
Effective Tax Rate,EFF_TAX_RATE,32.7452,31.2804,34.305,24.1764,32.1496,31.4908,35.9903,33.5863,37.6217,37.6203,37.1679,37.3359,38.1665,39.0272,40.1459,40.6917,39.3054,39.0835,38.462,35.0164,39.1062,39.1658,38.9479,42.4195,30.1466,39.1115,38.1735,48.4565,27.4237,42.3155,39.8163,48.1268,38.0299,35.5527,37.3532,33.4195,37.931,28.3482,37.4834,,36.075,31.3629,38.3372,15.547,31.4121,33.7143,35.8744,27.2959,27.6224,31.5453,30.6818,201.9231,30.6122,30.1858,,,24.2647,22.9706,24.9153,37.0651,26.0543,27.8863,34.2716,29.4953,34.3949,20.4,38.7985,,29.0795,33.6283,34.8225,45.7426,32.3615,33.2008,38.1503,26.6854,34.0952,38.3948,73.0539,29.4776,33.6811,,31.1272,36.6469,31.2332,30.3318,30.7238,29.0954,25.75,32.2775,29.4537,25.641,34.2324,32.3529,30.8985,29.0805,31.1295,27.9762,34.0489,85.7143,31.9298,35.6077,30.8824,29.2373,30.3981,28.8483,33.971,26.5625,32.4222,32.1218,27.5549,18.5912,22.5405,16.4745,13.6585,,9.6154,15.8605,12.4421,13.3992,13.3398,,7.8417,,8.1951,4.9046,6.5886,0.1427,,8.046,10.0765,5.5351,13.7778,13.6782,2.7723,9.7056,13.3634,13.0719,
