PCCYF US Equity,"""=BDH($A$1, $B7, ""19900101"","""",""sort=a"",""dir=h"",""per=cq"")",Unnamed: 2,Unnamed: 3,Unnamed: 4,Unnamed: 5,Unnamed: 6,Unnamed: 7,Unnamed: 8,Unnamed: 9,Unnamed: 10,Unnamed: 11,Unnamed: 12,Unnamed: 13,Unnamed: 14,Unnamed: 15,Unnamed: 16,Unnamed: 17,Unnamed: 18,Unnamed: 19,Unnamed: 20,Unnamed: 21,Unnamed: 22,Unnamed: 23,Unnamed: 24,Unnamed: 25,Unnamed: 26,Unnamed: 27,Unnamed: 28,Unnamed: 29,Unnamed: 30,Unnamed: 31,Unnamed: 32,Unnamed: 33,Unnamed: 34,Unnamed: 35,Unnamed: 36,Unnamed: 37,Unnamed: 38,Unnamed: 39,Unnamed: 40,Unnamed: 41,Unnamed: 42,Unnamed: 43,Unnamed: 44,Unnamed: 45,Unnamed: 46,Unnamed: 47,Unnamed: 48,Unnamed: 49,Unnamed: 50,Unnamed: 51,Unnamed: 52,Unnamed: 53,Unnamed: 54,Unnamed: 55,Unnamed: 56,Unnamed: 57,Unnamed: 58,Unnamed: 59,Unnamed: 60,Unnamed: 61,Unnamed: 62,Unnamed: 63,Unnamed: 64,Unnamed: 65,Unnamed: 66,Unnamed: 67,Unnamed: 68,Unnamed: 69,Unnamed: 70,Unnamed: 71,Unnamed: 72,Unnamed: 73,Unnamed: 74,Unnamed: 75,Unnamed: 76,Unnamed: 77,Unnamed: 78,Unnamed: 79,Unnamed: 80,Unnamed: 81,Unnamed: 82,Unnamed: 83,Unnamed: 84,Unnamed: 85,Unnamed: 86,Unnamed: 87,Unnamed: 88,Unnamed: 89,Unnamed: 90,Unnamed: 91,Unnamed: 92,Unnamed: 93,Unnamed: 94,Unnamed: 95,Unnamed: 96,Unnamed: 97,Unnamed: 98,Unnamed: 99,Unnamed: 100,Unnamed: 101,Unnamed: 102,Unnamed: 103,Unnamed: 104,Unnamed: 105,Unnamed: 106,Unnamed: 107,Unnamed: 108,Unnamed: 109,Unnamed: 110,Unnamed: 111,Unnamed: 112,Unnamed: 113,Unnamed: 114,Unnamed: 115,Unnamed: 116,Unnamed: 117,Unnamed: 118,Unnamed: 119,Unnamed: 120,Unnamed: 121,Unnamed: 122,Unnamed: 123,Unnamed: 124,Unnamed: 125,Unnamed: 126,Unnamed: 127,Unnamed: 128,Unnamed: 129,Unnamed: 130,Unnamed: 131,Unnamed: 132,Unnamed: 133,Unnamed: 134,Unnamed: 135,Unnamed: 136,Unnamed: 137,Unnamed: 138,Unnamed: 139,Unnamed: 140
,"""=""=BDH($A$1, B"" & ROW() & "", """"19900101"""","""""""",""""sort=a"""",""""dates=h"""",""""dir=h"""",""""per=cq"""")""",,,,,,,,,,,,,,,,,,,,,,,,,,,,,,,,,,,,,,,,,,,,,,,,,,,,,,,,,,,,,,,,,,,,,,,,,,,,,,,,,,,,,,,,,,,,,,,,,,,,,,,,,,,,,,,,,,,,,,,,,,,,,,,,,,,,,,,,,,,
,,,,,,,,,,,,,,,,,,,,,,,,,,,,,,,,,,,,,,,,,,,,,,,,,,,,,,,,,,,,,,,,,,,,,,,,,,,,,,,,,,,,,,,,,,,,,,,,,,,,,,,,,,,,,,,,,,,,,,,,,,,,,,,,,,,,,,,,,,,,
date,,,,,,,,,,,,,,,,,,,,,,,,,,,,,,,,,,,,,,,,,,,,,,,,,,,,,,,,,,,,,,,,,,,,,,,,,,,,,,,,,,,,,,,,,,,,,,,,,,,,,,,,,,,,,,,,,,,,,,,,,,,,,,,,,,,,,,,,,,,,
,,,,,,,,,,,,,,,,,,,,,,,,,,,,,,,,,,,,,,,,,,,,,,,,,,,,,,,,,,,,,,,,,,,,,,,,,,,,,,,,,,,,,,,,,,,,,,,,,,,,,,,,,,,,,,,,,,,,,,,,,,,,,,,,,,,,,,,,,,,,
date,,1990-03-30 00:00:00,1990-06-29,1990-09-28,1990-12-31,1991-03-28,1991-06-28,1991-09-30,1991-12-31,1992-03-31,1992-06-30,1992-09-30,1992-12-31,1993-03-31,1993-06-30,1993-09-30,1993-12-31,1994-03-31,1994-06-30,1994-09-30,1994-12-30,1995-03-31,1995-06-30,1995-09-29,1995-12-29,1996-03-29,1996-06-28,1996-09-30,1996-12-31,1997-03-31,1997-06-30,1997-09-30,1997-12-31,1998-03-31,1998-06-30,1998-09-30,1998-12-31,1999-03-31,1999-06-30,1999-09-30,1999-12-31,2000-03-31,2000-06-30,2000-09-29,2000-12-29,2001-03-30,2001-06-29,2001-09-28,2001-12-31,2002-03-28,2002-06-28,2002-09-30,2002-12-31,2003-03-31,2003-06-30,2003-09-30,2003-12-31,2004-03-31,2004-06-30,2004-09-30,2004-12-31,2005-03-31,2005-06-30,2005-09-30,2005-12-30,2006-03-31,2006-06-30,2006-09-29,2006-12-29,2007-03-30,2007-06-29,2007-09-28 00:00:00,2007-12-31 00:00:00,2008-03-31 00:00:00,2008-06-30 00:00:00,2008-09-30 00:00:00,2008-12-31 00:00:00,2009-03-31 00:00:00,2009-06-30 00:00:00,2009-09-30 00:00:00,2009-12-31 00:00:00,2010-03-31 00:00:00,2010-06-30 00:00:00,2010-09-30 00:00:00,2010-12-31 00:00:00,2011-03-31 00:00:00,2011-06-30 00:00:00,2011-09-30 00:00:00,2011-12-30 00:00:00,2012-03-30 00:00:00,2012-06-29 00:00:00,2012-09-28 00:00:00,2012-12-31 00:00:00,2013-03-28 00:00:00,2013-06-28 00:00:00,2013-09-30 00:00:00,2013-12-31 00:00:00,2014-03-31 00:00:00,2014-06-30 00:00:00,2014-09-30 00:00:00,2014-12-31 00:00:00,2015-03-31 00:00:00,2015-06-30 00:00:00,2015-09-30 00:00:00,2015-12-31 00:00:00,2016-03-31 00:00:00,2016-06-30 00:00:00,2016-09-30 00:00:00,2016-12-30 00:00:00,2017-03-31 00:00:00,2017-06-30 00:00:00,2017-09-29 00:00:00,2017-12-29 00:00:00,2018-03-29 00:00:00,2018-06-29 00:00:00,2018-09-28 00:00:00,2018-12-31 00:00:00,2019-03-29 00:00:00,2019-06-28 00:00:00,2019-09-30 00:00:00,2019-12-31 00:00:00,2020-03-31 00:00:00,2020-06-30 00:00:00,2020-09-30 00:00:00,2020-12-31 00:00:00,2021-03-31 00:00:00,2021-06-30 00:00:00,2021-09-30 00:00:00,2021-12-31 00:00:00,2022-03-31 00:00:00,2022-06-30 00:00:00,2022-09-30 00:00:00,2022-12-30 00:00:00,2023-03-31 00:00:00,2023-06-30 00:00:00,2023-09-29 00:00:00,2023-12-29 00:00:00,2024-03-28 00:00:00,2024-06-28 00:00:00,2024-09-30
"  + Cash, Cash Equivalents & STI",CASH_CASH_EQTY_STI_DETAILED,,,,,,,,,,,,,,,,,,,,,,,,,,,,,,,,,,,,,,,,,,,,,,,,,,,,,,,,,,,,,,,,,,,,,,,,92649,116504,69772,85726,43575,86954,96395,159115,86954,137555,130295,107690,48722,115713,117161,132945,61590,99691,88819,121236,46245,115390,152790,160045,57250,52841,92213,74274,76021,81896,67444,96773,73692,100450,102154,120822,98617,101037,121052,169469,136121,126419,128549,166887,95489,124081,110172,147692,108662,98722,113749,106311,145950,146179,188033,205006,163536,190417,252426,264728,225049,296060,262554,289187,267417,260516,258833,
    + Cash & Cash Equivalents,BS_CASH_NEAR_CASH_ITEM,,,,,,,,,,,,,,,,,,,,,,,,,,,,,,,,,,,,,,,,,,,,,,,,,,,,,,,,,,,,,,,,,,,,,,,,92590,116465,58840,85701,33150,86925,89232,151744,86925,137524,127267,104639,45709,115002,116125,132349,61172,99241,73351,105536,43395,113456,150092,156686,51407,52451,89475,71764,73778,81613,66113,95441,72773,99610,101322,119947,98617,101037,121052,169469,136121,125570,117477,154460,85954,116014,110172,147692,108662,77305,90335,75523,118631,111798,154394,172580,136789,170528,221155,264728,191190,242243,219173,237505,249001,232017,192104,
    + ST Investments,BS_MKT_SEC_OTHER_ST_INVEST,,,,,,,,,,,,,,,,,,,,,,,,,,,,,,,,,,,,,,,,,,,,,,,,,,,,,,,,,,,,,,,,,,,,,,,,59,39,10932,25,10425,29,7163,7371,29,31,3028,3051,3013,711,1036,596,418,450,15468,15700,2850,1934,2698,3359,5843,390,2738,2510,2243,283,1331,1332,919,840,832,875,0,0,0,0,0,849,11072,12427,9535,8067,0,0,0,21417,23414,30788,27319,34381,33639,32426,26747,19889,31271,0,33859,53817,43381,51682,18416,28499,66729,
  + Accounts & Notes Receiv,BS_ACCT_NOTE_RCV,,,,,,,,,,,,,,,,,,,,,,,,,,,,,,,,,,,,,,,,,,,,,,,,,,,,,,,,,,,,,,,,,,,,,,,,23300,52254,33558,33122,21129,33053,25301,28063,33053,42053,47203,41878,50960,69305,72982,73368,66510,88355,73852,83005,74431,86623,104017,94821,78387,92657,98911,94656,65931,71143,66612,77466,60495,66295,71615,70604,58600,75025,75904,78510,72358,93299,87214,87813,75830,91581,82760,87247,71200,85519,68018,166854,60401,88550,78990,91496,60634,99499,114193,106920,76404,90327,90176,105739,79422,104890,90108,
"    + Accounts Receivable, Net",BS_ACCTS_REC_EXCL_NOTES_REC,,,,,,,,,,,,,,,,,,,,,,,,,,,,,,,,,,,,,,,,,,,,,,,,,,,,,,,,,,,,,,,,,,,,,,,,18565,45643,27726,27489,16810,28785,21136,23424,28785,36909,41461,36125,45005,57726,58033,59251,53822,73330,62304,72684,64450,75344,89718,79172,64027,78029,83371,78295,53104,60393,59211,68548,52262,57807,62675,61933,47315,62465,62529,63786,53143,73286,63897,69874,59522,79903,73738,77689,64184,80089,63550,159664,52325,80752,73280,87366,56659,95100,114193,98557,72028,82578,81361,105739,68761,93244,90108,
"    + Notes Receivable, Net",NOTES_RECEIVABLE,,,,,,,,,,,,,,,,,,,,,,,,,,,,,,,,,,,,,,,,,,,,,,,,,,,,,,,,,,,,,,,,,,,,,,,,,,,,,4268,4165,4639,4268,5144,5742,5753,5955,11579,14949,14117,12688,15025,11548,10321,9981,11279,14299,15649,14360,14628,15540,16361,12827,10750,7401,8918,8233,8488,8940,8671,11285,12560,13375,14724,19215,20013,23317,17939,16308,11678,9022,9558,7016,5430,4468,7190,8076,7798,5710,4130,3975,4399,0,8363,4376,7749,8815,0,10661,11646,0,
  + Unbilled Revenues,BS_UNBILLED_REVENUES,,,,,,,,,,,,,,,,,,,,,,,,,,,,,,,,,,,,,,,,,,,,,,,,,,,,,,,,,,,,,,,,,,,,,,,,,,,,,,,,,,,,,,,,,,,,,,,,,,,,,,,,,,,,,,,,,,,,,,,,,,,,,,,,,,,,,,,,,,,
  + Inventories,BS_INVENTORIES,,,,,,,,,,,,,,,,,,,,,,,,,,,,,,,,,,,,,,,,,,,,,,,,,,,,,,,,,,,,,,,,,,,,,,,,88496,92377,98560,110878,90685,114781,87600,101921,114781,123452,121066,113956,134888,158123,174718,183763,182253,213615,214603,195028,214117,241732,211999,216651,227017,248170,233193,209051,165977,157446,172925,140785,126877,119186,144482,131784,146865,147855,139230,136057,144669,145707,159808,176950,177577,169947,175364,167973,181921,185870,175298,159144,128539,163806,168562,147957,143848,174098,221699,206494,167751,155183,168162,186706,180533,169321,182674,
    + Raw Materials,INVTRY_RAW_MATERIALS,,,,,,,,,,,,,,,,,,,,,,,,,,,,,,,,,,,,,,,,,,,,,,,,,,,,,,,,,,,,,,,,,,,,,,,,29577,,40276,,31319,,31963,,30928,,35435,,39574,,61100,,61601,,70368,,77452,,77531,,94823,,87204,,59870,,55026,,42605,,42955,,52056,,48341,,49106,,58005,,58188,,68784,,56254,,50550,,35855,,63753,,40334,,70548,,56756,,62555,,62784,,68015,
    + Work In Process,INVTRY_IN_PROGRESS,,,,,,,,,,,,,,,,,,,,,,,,,,,,,,,,,,,,,,,,,,,,,,,,,,,,,,,,,,,,,,,,,,,,,,,,6083,,4162,,3472,,5438,,7006,,11159,,13652,,16603,,16924,,16966,,16280,,15266,,17529,,18261,,13165,,9909,,8426,,8202,,10336,,10621,,12811,,13987,,14241,,13013,,15159,,8772,,12387,,13848,,15393,,19646,,14448,,15560,,21386,,19009,
    + Finished Goods,INVTRY_FINISHED_GOODS,,,,,,,,,,,,,,,,,,,,,,,,,,,,,,,,,,,,,,,,,,,,,,,,,,,,,,,,,,,,,,,,,,,,,,,,52804,,56243,,65074,,50987,,77685,,75215,,82353,,97965,,104545,,128354,,120987,,119914,,115247,,127669,,95154,,108838,,79502,,95035,,84473,,80268,,83908,,88660,,110103,,96258,,112003,,118825,,80739,,91255,,88811,,132377,,104722,,96279,,102041,,98663,
    + Other Inventory,BS_OTHER_INV,,,,,,,,,,,,,,,,,,,,,,,,,,,,,,,,,,,,,,,,,,,,,,,,,,,,,,,,,,,,,,,,,,,,,,,,32,,-2121,,-9180,,-788,,-838,,-743,,-691,,-950,,-817,,-1085,,-602,,-712,,-582,,59,,-2212,,-848,,-3656,,-1710,,0,,0,,-1156,,-844,,-4955,,-2691,,-1495,,-2849,,-442,,-294,,-690,,-872,,-8175,,-6232,,-5678,,-3013,
  + Other ST Assets,OTHER_CURRENT_ASSETS_DETAILED,,,,,,,,,,,,,,,,,,,,,,,,,,,,,,,,,,,,,,,,,,,,,,,,,,,,,,,,,,,,,,,,,,,,,,,,36157,42111,68319,80486,69557,59595,74743,79560,59595,63119,77513,66538,51822,66622,66838,74450,72358,90333,99143,104404,79539,102832,120089,124223,68299,91252,85075,87826,83379,94704,99340,94810,88280,92096,88172,91892,77583,87967,94578,96373,72014,83856,88933,103258,89345,113529,113097,117878,105130,117303,115062,119572,151877,149001,111500,103483,112820,138445,164312,191847,144663,135718,139531,143169,131148,136261,140756,
    + Prepaid Expenses,BS_PREPAY,,,,,,,,,,,,,,,,,,,,,,,,,,,,,,,,,,,,,,,,,,,,,,,,,,,,,,,,,,,,,,,,,,,,,,,,,,,,,,,,36430,,,,37949,,,,39308,,,,34056,,,,12407,,,,23966,,,,20290,,,,16479,26607,26934,25776,10191,,,,20582,,29859,27463,17038,,,,28700,,,,20258,,,27385,26782,,,,24798,,,
    + Derivative & Hedging Assets,BS_DERIV_HEDGING_ASST_ST,,,,,,,,,,,,,,,,,,,,,,,,,,,,,,,,,,,,,,,,,,,,,,,,,,,,,,,,,,,,,,,,,,,,,,,,,,,,,,,,0,,,,0,,,,0,,,,0,,,,0,,,,0,,,,0,,,,0,,,,0,,,,0,,,,0,,,,0,,,,0,,36263,41112,0,,15007,12498,0,,11851,
    + Taxes Receivable,BS_TAXES_RECEIVABLE_SHORT_TERM,,,,,,,,,,,,,,,,,,,,,,,,,,,,,,,,,,,,,,,,,,,,,,,,,,,,,,,,,,,,,,,,,,,,,,,,,,,,,,,,15663,,,,7678,,,,21071,,,,29557,,,,33484,,,,37485,,,,37600,,,,,,,,,,,,42153,,,,,,,,44514,,,,42644,,,,34256,,,,33499,,,
    + Misc ST Assets,BS_OTHER_CUR_ASSET_LESS_PREPAY,,,,,,,,,,,,,,,,,,,,,,,,,,,,,,,,,,,,,,,,,,,,,,,,,,,,,,,,,,,,,,,,,,,,,,,,,,,,,59595,74743,79560,7502,63119,77513,66538,6195,66622,66838,74450,11979,90333,99143,104404,15926,102832,120089,124223,22408,91252,85075,87826,21928,94704,99340,94810,30390,92096,88172,91892,61104,61360,67644,70597,61823,83856,88933,103258,26610,113529,83238,90415,88092,117303,115062,119572,78663,105347,111500,103483,49918,138445,128049,123350,83625,135718,124524,130671,72851,136261,128905,
Total Current Assets,BS_CUR_ASSET_REPORT,,,,,,,,,,,,,,,,,,,,,,,,,,,,,,,,,,,,,,,,,,,,,,,,,,,,,,,,,,,,,,,,,,,,,,,,240602,303246,270209,310212,224946,294383,284039,368659,294383,366179,376077,330062,286392,409763,431699,464526,382711,491994,476417,503673,414332,546577,588895,595740,430953,484920,509392,465807,391308,405189,406321,409834,349344,378027,406423,415102,381665,411884,430764,480409,425162,449281,464504,534908,438241,499138,481393,520790,466913,487414,472127,551881,486767,547536,547085,547942,480838,602459,752630,769989,613867,677288,660423,724801,658520,670988,672371,
"  + Property, Plant & Equip, Net",BS_NET_FIX_ASSET,,,,,,,,,,,,,,,,,,,,,,,,,,,,,,,,,,,,,,,,,,,,,,,,,,,,,,,,,,,,,,,,,,,,,,,,375849,684481,807724,411800,926704,1105703,955364,995440,1105703,1116120,1132963,1165866,1274754,1261643,1272633,1296524,1420236,1427451,1454585,1483657,1626050,1619079,1589017,1612215,1711272,1691272,1707986,1717818,1814032,1785059,1777637,1766836,1855456,1823206,1806139,1789604,1792473,1700030,1739771,1681071,1757734,1744070,1732257,1733828,1787628,1916628,1932683,1888898,2038424,2002949,1962948,1673347,1661877,1632070,1627830,1636910,1667902,1643866,1651722,1580369,1695578,1661019,1670224,1665976,1718461,1685647,1685220,
"    + Property, Plant & Equip",BS_GROSS_FIX_ASSET,,,,,,,,,,,,,,,,,,,,,,,,,,,,,,,,,,,,,,,,,,,,,,,,,,,,,,,,,,,,,,,,,,,,,,,,573933,,1313098,,1483081,,1550015,,1739273,,1823619,,2015563,,2074988,,2283088,,2384659,,2621163,,2629625,,2828632,,2900612,,3090252,,3139272,,3316381,,3371520,,2355466,,2332308,,2373093,,3693396,,3819681,,2642065,,2779685,,4267614,,3882144,,3917231,,4034728,,4105845,,4302957,,4345470,,4545985,,4555092,
    - Accumulated Depreciation,BS_ACCUM_DEPR,,,,,,,,,,,,,,,,,,,,,,,,,,,,,,,,,,,,,,,,,,,,,,,,,,,,,,,,,,,,,,,,,,,,,,,,198084,,505374,,556377,,594651,,633570,,690656,,740809,,802355,,862852,,930074,,995113,,1040608,,1117360,,1192626,,1276220,,1361635,,1460925,,1565381,,562993,,592537,,615359,,1961139,,2032053,,709382,,741261,,2304666,,2220267,,2289401,,2366826,,2454123,,2607379,,2675246,,2827524,,2869872,
  + LT Investments & Receivables,BS_LT_INVEST,,,,,,,,,,,,,,,,,,,,,,,,,,,,,,,,,,,,,,,,,,,,,,,,,,,,,,,,,,,,,,,,,,,,,,,,2648,2234,6798,29001,4544,3673,4050,4079,3673,3648,5191,5050,5467,5411,4556,4410,4541,4517,5830,5538,5508,7159,6886,6897,4689,5011,4993,5102,5229,5313,2191,2077,2869,2822,2377,2252,2031,2026,1988,2021,1937,1033,4018,0,738,917,949,867,930,858,818,901,902,863,909,1091,1168,997,936,787,943,901,876,839,832,767,686,
    + LT Investments,BS_LONG_TERM_INVESTMENTS,,,,,,,,,,,,,,,,,,,,,,,,,,,,,,,,,,,,,,,,,,,,,,,,,,,,,,,,,,,,,,,,,,,,,,,,,,,,,3673,4050,4079,3673,3648,5191,5050,5467,5411,4556,4410,4541,4517,5830,5538,5508,7159,6886,6897,4689,5011,4993,5102,5229,5313,2191,2077,2869,2822,2377,2252,2031,2026,1988,2021,1937,1033,4018,0,738,917,949,867,930,858,818,901,902,863,909,1091,1168,997,936,787,943,901,876,839,832,767,686,
    + LT Receivables,BS_LT_RECEIVABLES,,,,,,,,,,,,,,,,,,,,,,,,,,,,,,,,,,,,,,,,,,,,,,,,,,,,,,,,,,,,,,,,,,,,,,,,,,,,,,,,,,,,,,,,,,,,,,,,,,,,,,,,,,,,,,,,,,,,,,,,,,,,,,,,,,,,,,,,,,,
  + Other LT Assets,BS_OTHER_ASSETS_DEF_CHRG_OTHER,,,,,,,,,,,,,,,,,,,,,,,,,,,,,,,,,,,,,,,,,,,,,,,,,,,,,,,,,,,,,,,,,,,,,,,,450036,71396,39089,371638,40041,46529,47136,56273,46529,51004,50230,81806,89874,93870,100487,107609,110098,110311,114662,116797,123006,124366,156676,164165,195196,201273,204019,203372,194904,198695,199183,193696,186175,189172,203304,198746,220781,276213,227461,282610,220077,203209,207259,214529,214270,217477,222754,290658,226923,235807,241454,340515,338580,347285,356027,361717,352354,363480,367081,442438,360012,371400,387754,390204,374635,396520,409762,
    + Total Intangible Assets,BS_DISCLOSED_INTANGIBLES,,,,,,,,,,,,,,,,,,,,,,,,,,,,,,,,,,,,,,,,,,,,,,,,,,,,,,,,,,,,,,,,,,,,,,,,5085,20213,8707,21474,6677,,,,13400,,,,16021,,,,21666,,,,24142,,,,24454,,,70815,25855,62662,65226,66786,63768,98723,100201,99812,64137,117212,63772,116800,59268,,,,60531,,59786,122115,62072,,,,28641,,,,29006,,,99447,29628,,,,28524,,,
    + Goodwill,BS_GOODWILL,,,,,,,,,,,,,,,,,,,,,,,,,,,,,,,,,,,,,,,,,,,,,,,,,,,,,,,,,,,,,,,,,,,,,,,,,148,,148,148,,,,2818,,,,3068,,,,7282,,,,7582,,,,7225,,,,7233,,,,45589,,,,46097,46058,45916,45758,41934,,,,42273,,42294,43013,42808,,,,8125,,,,7987,,,8755,7317,,,,7442,,,
    + Other Intangible Assets,OTHER_INTANGIBLE_ASSETS_DETAILED,,,,,,,,,,,,,,,,,,,,,,,,,,,,,,,,,,,,,,,,,,,,,,,,,,,,,,,,,,,,,,,,,,,,,,,,,20065,,21326,6529,,,,10582,,,,12953,,,,14384,,,,16560,,,,17229,,,,18622,,,,18179,,,,18040,71154,17856,71042,17334,,,,18258,,17492,79102,19264,,,,20516,,,,21019,,,90692,22311,,,,21082,,,
    + Prepaid Expense,BS_PREPAID_EXPENSE_LT,,,,,,,,,,,,,,,,,,,,,,,,,,,,,,,,,,,,,,,,,,,,,,,,,,,,,,,,,,,,,,,,,,,,,,,,,,,,,,,,,,,,,,,,,,,,,,,,,,,,,,,,,,,,,,,,,,,,,,,,,,,,,,,,,,,,,,,,,,,
    + Deferred Tax Assets,BS_DEFERRED_TAX_ASSETS_LT,,,,,,,,,,,,,,,,,,,,,,,,,,,,,,,,,,,,,,,,,,,,,,,,,,,,,,,,,,,,,,,,,,,,,,,,,15754,,19090,497,289,210,254,289,303,242,235,284,289,388,483,505,1105,1783,1421,1443,1561,1452,1495,11226,12202,15111,11600,14995,18448,15019,14527,16927,17112,16593,16910,20360,21430,24285,24082,26724,24927,22345,20859,23498,24967,27018,26125,24259,28901,29391,10359,11364,11896,13599,12206,12161,11847,15984,16167,16614,16531,17561,18092,18127,20021,24707,
    + Derivative & Hedging Assets,BS_DERIV_HEDGING_ASST_LT,,,,,,,,,,,,,,,,,,,,,,,,,,,,,,,,,,,,,,,,,,,,,,,,,,,,,,,,,,,,,,,,,,,,,,,,,,,,,,,,0,,,,0,,,,0,,,,0,,,,0,,,,0,,,,0,,,,0,,,,0,,,,0,,,,0,,,,0,,,,0,,,,0,,,,0,,,
    + Investments in Affiliates,BS_INVEST_IN_ASSOC_CO,,,,,,,,,,,,,,,,,,,,,,,,,,,,,,,,,,,,,,,,,,,,,,,,,,,,,,,,,,,,,,,,,,,,,,,,2007,,30382,,28850,28223,35835,44704,28223,29581,29021,59932,64137,66514,69413,70201,70739,73834,76776,77860,80042,83118,115106,118614,116700,120632,120622,120957,116947,117585,115881,112383,70976,73337,86510,82024,79003,80954,81833,83143,81216,82691,83884,86143,89362,91687,93960,97904,102165,102447,104010,251022,250603,254013,257500,263160,265785,270953,270918,272906,269569,273968,278998,278820,280870,289750,292502,
    + Misc LT Assets,OTHER_NONCURRENT_ASSETS_DETAILED,,,,,,,,,,,,,,,,,,,,,,,,,,,,,,,,,,,,,,,,,,,,,,,,,,,,,,,,,,,,,,,,,,,,,,,,442944,35429,0,331074,4017,18017,11091,11315,4617,21120,20967,21639,9432,27067,30686,36925,17188,35372,36103,37516,17379,39687,40118,44056,42816,68439,68286,0,37107,0,3057,0,34504,0,0,0,57281,56617,57571,58585,52869,95591,101030,107527,40879,100823,41990,44514,38427,104459,108053,79134,47972,81376,84928,86351,45402,80680,80179,53918,44201,80901,91195,93292,47114,86749,92553,
Total Noncurrent Assets,BS_TOT_NON_CUR_ASSET,,,,,,,,,,,,,,,,,,,,,,,,,,,,,,,,,,,,,,,,,,,,,,,,,,,,,,,,,,,,,,,,,,,,,,,,828533,758111,853611,812439,971289,1155905,1006550,1055792,1155905,1170772,1188384,1252722,1370095,1360924,1377676,1408543,1534875,1542279,1575077,1605992,1754564,1750604,1752579,1783277,1911157,1897556,1916998,1926292,2014165,1989067,1979011,1962609,2044500,2015200,2011820,1990602,2015285,1978269,1969220,1965702,1979748,1948312,1943534,1948357,2002636,2135022,2156386,2180423,2266277,2239614,2205220,2014763,2001359,1980218,1984766,1999718,2021424,2008343,2019739,2023594,2056533,2033320,2058854,2057019,2093928,2082934,2095668,
Total Assets,BS_TOT_ASSET,,,,,,,,,,,,,,,,,,,,,,,,,,,,,,,,,,,,,,,,,,,,,,,,,,,,,,,,,,,,,,,,,,,,,,,,1069135,1061357,1123820,1122651,1196235,1450288,1290589,1424451,1450288,1536951,1564461,1582784,1656487,1770687,1809375,1873069,1917586,2034273,2051494,2109665,2168896,2297181,2341474,2379017,2342110,2382476,2426390,2392099,2405473,2394256,2385332,2372443,2393844,2393227,2418243,2405704,2396950,2390153,2399984,2446111,2404910,2397593,2408038,2483265,2440877,2634160,2637779,2701213,2733190,2727028,2677347,2566644,2488126,2527754,2531851,2547660,2502262,2610802,2772369,2793583,2670400,2710608,2719277,2781820,2752448,2753922,2768039,
,,#N/A Mandatory parameter [FIELDS] cannot be empty,,,,,,,,,,,,,,,,,,,,,,,,,,,,,,,,,,,,,,,,,,,,,,,,,,,,,,,,,,,,,,,,,,,,,,,,,,,,,,,,,,,,,,,,,,,,,,,,,,,,,,,,,,,,,,,,,,,,,,,,,,,,,,,,,,,,,,,,,,
Cash from Operating Activities,,#N/A Mandatory parameter [FIELDS] cannot be empty,,,,,,,,,,,,,,,,,,,,,,,,,,,,,,,,,,,,,,,,,,,,,,,,,,,,,,,,,,,,,,,,,,,,,,,,,,,,,,,,,,,,,,,,,,,,,,,,,,,,,,,,,,,,,,,,,,,,,,,,,,,,,,,,,,,,,,,,,,
  + Net Income,CF_NET_INC,,,,,,,,,,,,,,,,,,,,,,,,,,,,,,,,,,,,,,,,,,,,,,,,,,,,,,,,,,,,,,,,,,,,,,,29014,40971,29426,25553,38247,20130,18974,31527,81348,22039,32492,32838,100030,39962,37003,29004,37399,29555,39153,22873,24930,28370,36017,29505,29766,34311,34248,33876,27923,11125,6150,19256,5195,4916,-13785,14316,1200,6176,5699,6975,4688,5431,10153,17288,21220,4375,10249,18175,8862,8395,-16230,-13753,40050,8939,27721,25316,22089,17044,38899,42728,38302,29236,43624,41648,46379,29495,45683,42928,
Cash from Operating Activities,CF_CASH_FROM_OPER,,,,,,,,,,,,,,,,,,,,,,,,,,,,,,,,,,,,,,,,,,,,,,,,,,,,,,,,,,,,,,,,,,,,,,,-4583,67566,33040,51431,43251,24801,61048,69305,190364,68578,73262,73476,245699,67244,63838,60565,87876,76437,18722,24098,117063,69085,13420,81664,100563,83195,15957,110928,117581,104068,24893,79994,87200,59650,56679,47907,84078,66022,67221,75628,89673,123951,56925,81944,109902,95323,56885,86855,86492,120273,-23509,94797,82025,155872,-7001,124598,112569,113592,82722,111342,110266,78984,123796,94942,123554,114523,106868,107374,
,,#N/A Mandatory parameter [FIELDS] cannot be empty,,,,,,,,,,,,,,,,,,,,,,,,,,,,,,,,,,,,,,,,,,,,,,,,,,,,,,,,,,,,,,,,,,,,,,,,,,,,,,,,,,,,,,,,,,,,,,,,,,,,,,,,,,,,,,,,,,,,,,,,,,,,,,,,,,,,,,,,,,
Cash from Investing Activities,,#N/A Mandatory parameter [FIELDS] cannot be empty,,,,,,,,,,,,,,,,,,,,,,,,,,,,,,,,,,,,,,,,,,,,,,,,,,,,,,,,,,,,,,,,,,,,,,,,,,,,,,,,,,,,,,,,,,,,,,,,,,,,,,,,,,,,,,,,,,,,,,,,,,,,,,,,,,,,,,,,,,
  + Change in Fixed & Intang,FIXED_INTANG_ASST_CHANGE,,,,,,,,,,,,,,,,,,,,,,,,,,,,,,,,,,,,,,,,,,,,,,,,,,,,,,,,,,,,,,,,,,,,,,,-40261,-80266,-20626,-56242,-51272,-89795,-38133,-50242,-151918,-101591,-58556,-43173,-160197,-98201,-52829,-49837,-63651,-100856,-72046,-57971,-59057,-122177,-65548,-30010,-67559,-104850,-74670,-48901,-59155,-116575,-53677,-49911,-43932,-68307,-50464,-31307,-35097,-68709,-41681,-41087,-45050,-107881,-57104,-40387,-50252,-117831,-58917,-62380,-63351,-138054,-48889,-56301,-55391,-86600,-36396,-73878,-56558,-92039,-51535,-50409,-55877,-85934,-50295,-60659,-62268,-107670,-54687,-62462,
    + Disp in Fixed & Intang,DISPOSAL_OF_FIXED_INTANG,,,,,,,,,,,,,,,,,,,,,,,,,,,,,,,,,,,,,,,,,,,,,,,,,,,,,,,,,,,,,,,,,,,,,,,50,452,25,73,253,149,58,233,441,3612,91,22,496,226,204,187,353,58,104,134,,255,69,38442,70,503,108,6054,46,1042,18,89,237,1579,84,10,79,2008,85,63,71,1086,16,257,120,1360,95,393,53,1589,24,184,27,960,571,524,1451,200,277,,115,,558,0,470,,1284,,
    + Acq of Fixed & Intang,ACQUIS_OF_FIXED_INTANG,,,,,,,,,,,,,,,,,,,,,,,,,,,,,,,,,,,,,,,,,,,,,,,,,,,,,,,,,,,,,,,,,,,,,,,-40311,-80718,-20651,-56315,-51525,-89944,-38191,-50475,-152359,-105203,-58647,-43195,-160693,-98427,-53033,-50024,-64004,-100914,-72150,-58105,-59057,-122432,-65617,-68452,-67629,-105353,-74778,-54955,-59201,-117617,-53695,-50000,-44169,-69886,-50548,-31317,-35176,-70717,-41766,-41150,-45121,-108967,-57120,-40644,-50372,-119191,-59012,-62773,-63404,-139643,-48913,-56485,-55418,-87560,-36967,-74402,-58009,-92239,-51812,-50409,-55992,,-50853,-60659,-62738,,-55971,,
  + Net Change in LT Investment,NET_CHG_IN_LT_INVEST_DETAILED,,,,,,,,,,,,,,,,,,,,,,,,,,,,,,,,,,,,,,,,,,,,,,,,,,,,,,,,,,,,,,,,,,,,,,,806,-806,,20,5320,-11,98,-3,98,-73,25,1,5,-2,0,-2,11,-65,0,-15,-2,-5,0,0,-32,19,-310,10,-21,102,-72,-200,0,-353,-51,-134,-210,-393,-4139,-2737,1743,-12122,0,0,0,-2,0,-11550,-15700,9762,0,-76,0,0,0,0,0,0,0,0,-4125,0,0,0,0,0,0,0,
    + Dec in LT Investment,CF_DECR_INVEST,,,,,,,,,,,,,,,,,,,,,,,,,,,,,,,,,,,,,,,,,,,,,,,,,,,,,,,,,,,,,,,,,,,,,,,4830,4024,,25,5964,1,106,2,112,24,25,1,32,44,4,0,11,6,0,0,0,0,0,0,0,,0,,0,,0,0,0,0,0,0,0,,56,105,1994,1018,0,0,0,0,0,121,200,13131,0,0,0,0,0,0,0,0,0,0,8559,0,0,0,0,0,0,0,
    + Inc in LT Investment,CF_INCR_INVEST,,,,,,,,,,,,,,,,,,,,,,,,,,,,,,,,,,,,,,,,,,,,,,,,,,,,,,,,,,,,,,,,,,,,,,,-4024,-4830,,-5,-644,-12,-8,-5,-14,-97,0,0,-27,-46,-4,-2,0,-71,0,-15,-2,-5,0,0,-32,,-310,,-21,,-72,-200,0,-353,-51,-134,-210,,-4195,-2842,-251,-13140,0,0,,-2,0,-11671,-15900,-3369,0,-76,0,,0,0,0,0,0,0,-12684,0,0,0,0,0,0,0,
  + Net Cash From Acq & Div,CF_NT_CSH_RCVD_PD_FOR_ACQUIS_DIV,,,,,,,,,,,,,,,,,,,,,,,,,,,,,,,,,,,,,,,,,,,,,,,,,,,,,,,,,,,,,,,,,,,,,,,,,,,,,5,-7382,-16071,-1668,-113,-10444,-28859,-2364,-425,-414,-7145,-541,-2037,-3424,-123,-1689,-439,-729,-2532,-578,-1085,77,-259,-1320,-601,-346,129,-18674,-397,-707,-459,0,0,0,0,0,-69,-161,-400,-2281,-96,0,0,105,-1171,-298,0,-3059,-124,33194,-3159,-32120,-167,3527,-25,-7105,-1090,-328,883,-8564,0,-906,
    + Cash from Divestitures,CF_CASH_FOR_DIVESTITURES,,,,,,,,,,,,,,,,,,,,,,,,,,,,,,,,,,,,,,,,,,,,,,,,,,,,,,,,,,,,,,,,,,,,,,,,,,,,,0,0,15,45,16,6,22,2060,40,0,299,17,0,0,0,0,0,0,0,0,0,0,0,0,0,0,343,-343,0,0,0,0,0,0,0,0,0,0,0,0,0,0,0,105,0,0,0,0,0,0,33457,-33457,0,0,6,-3855,0,0,0,0,0,0,
    + Cash for Acq of Subs,CF_CASH_FOR_ACQUIS_SUBSIDIARIES,,,,,,,,,,,,,,,,,,,,,,,,,,,,,,,,,,,,,,,,,,,,,,,,,,,,,,,,,,,,,,,,,,,,,,,,,,,,,0,-177,-235,-16216,0,-737,-1150,-239,0,-26,-3381,412,-14,-9,-23,11,-6,6,0,0,0,0,0,0,0,0,,-17855,0,0,0,0,0,0,0,0,0,,0,0,0,0,0,0,-58,,0,-1871,0,0,0,-1822,0,-302,-31,-2957,0,252,-435,-7212,0,-12,
    + Cash for JVs,CF_CASH_FOR_JOINT_VENTURES_ASSOC,,,,,,,,,,,,,,,,,,,,,,,,,,,,,,,,,,,,,,,,,,,,,,,,,,,,,,,,,,,,,,,,,,,,,,,,,,,,,5,-7205,-15851,14503,-129,-9713,-27731,-4185,-465,-388,-4063,-970,-2023,-3415,-100,-1700,-433,-735,-2532,-578,-1085,77,-259,-1320,-601,-346,-214,-476,-397,-707,-459,0,0,0,0,0,-69,-161,-400,-2281,-96,0,0,0,-1113,-298,0,-1188,-124,33194,-36616,3159,-167,3829,0,-293,-1090,-580,1318,-1352,0,-894,
  + Other Investing Activities,OTHER_INVESTING_ACT_DETAILED,,,,,,,,,,,,,,,,,,,,,,,,,,,,,,,,,,,,,,,,,,,,,,,,,,,,,,,,,,,,,,,,,,,,,,,-1357,-10965,26,8261,-6910,-7414,107,2130,1265,6297,-506,-5206,-6182,-4395,1353,-474,-157,-18664,-533,-17404,-7930,3241,-2518,-3253,-4204,4021,4201,-3062,-2964,-2,863,-1868,2199,7669,-1448,-1525,2024,406,0,0,0,0,7237,-11366,-5854,2218,-492,0,0,0,-1049,-5325,-12647,81510,-7190,-415,1633,38910,4820,-629,0,747,-21687,9424,7137,20589,-10170,-18827,
  + Net Cash From Disc Ops,CF_NET_CASH_DISCONTINUED_OPS_INV,,,,,,,,,,,,,,,,,,,,,,,,,,,,,,,,,,,,,,,,,,,,,,,,,,,,,,,,,,,,,,,,,,,,,,,,,,,,,0,0,0,0,0,0,0,0,0,0,0,0,0,0,0,0,0,0,0,0,0,0,0,0,0,0,0,0,0,0,0,0,0,0,0,0,0,0,0,0,0,0,0,0,0,0,0,0,0,0,0,0,0,0,0,0,0,0,0,0,0,0,
Cash from Investing Activities,CF_CASH_FROM_INV_ACT,,,,,,,,,,,,,,,,,,,,,,,,,,,,,,,,,,,,,,,,,,,,,,,,,,,,,,,,,,,,,,,,,,,,,,,-40812,-92037,-20600,-47961,-52862,-97220,-37923,-55497,-166626,-97035,-59150,-58822,-195233,-104962,-51901,-50727,-70942,-120126,-74616,-78814,-67112,-120630,-68505,-33992,-74327,-101388,-71864,-51876,-62399,-117795,-53487,-52325,-41604,-79665,-52360,-33673,-33742,-68696,-45820,-43824,-43307,-120003,-49936,-51914,-56506,-117896,-59505,-73930,-79051,-128187,-51109,-62000,-68038,-8149,-43710,-41099,-58084,-85249,-46882,-47511,-60027,-92292,-73072,-51563,-54248,-95645,-64857,-82195,
,,#N/A Mandatory parameter [FIELDS] cannot be empty,,,,,,,,,,,,,,,,,,,,,,,,,,,,,,,,,,,,,,,,,,,,,,,,,,,,,,,,,,,,,,,,,,,,,,,,,,,,,,,,,,,,,,,,,,,,,,,,,,,,,,,,,,,,,,,,,,,,,,,,,,,,,,,,,,,,,,,,,,
Cash from Financing Activities,,#N/A Mandatory parameter [FIELDS] cannot be empty,,,,,,,,,,,,,,,,,,,,,,,,,,,,,,,,,,,,,,,,,,,,,,,,,,,,,,,,,,,,,,,,,,,,,,,,,,,,,,,,,,,,,,,,,,,,,,,,,,,,,,,,,,,,,,,,,,,,,,,,,,,,,,,,,,,,,,,,,,
  + Dividends Paid,CF_DVD_PAID,,,,,,,,,,,,,,,,,,,,,,,,,,,,,,,,,,,,,,,,,,,,,,,,,,,,,,,,,,,,,,,,,,,,,,,,,,-28708,,-24928,0,-27367,-27367,-22725,0,-23799,-23799,-29399,0,-33597,0,-29703,0,0,-30129,-27912,0,0,-23985,-29485,0,-945,-58500,-30,0,0,-27452,-1553,0,-97,-4551,-1,0,-6957,0,-12669,0,-781,-14394,-12194,0,,,,0,-1071,-12319,-14688,0,-1308,-16662,-21896,0,-1437,,-4276,0,-35594,-38648,-4457,0,-37211,
  + Cash From (Repayment) Debt,PROC_FR_REPAYMNTS_BOR_DETAILED,,,,,,,,,,,,,,,,,,,,,,,,,,,,,,,,,,,,,,,,,,,,,,,,,,,,,,,,,,,,,,,,,,,,,,,-3195,3809,8628,-4510,-2653,57805,23936,23973,121168,-16871,36418,342,-9069,8559,57156,25701,-659,4037,93999,22578,9021,1029,125541,-18046,3982,-57195,55108,-15791,-14312,19163,36080,-37066,13274,-270,22696,-13004,-26580,-19504,-22679,2201,7361,-30744,-1750,-34089,-4847,-24441,34376,-11803,15383,5483,65425,-11973,-7537,-86879,44266,-35294,-8382,-39948,-1270,-14467,1099,-19869,1394,-33521,-7072,-5565,-58515,-22772,
  + Cash (Repurchase) of Equity,PROC_FR_REPURCH_EQTY_DETAILED,,,,,,,,,,,,,,,,,,,,,,,,,,,,,,,,,,,,,,,,,,,,,,,,,,,,,,,,,,,,,,,,,,,,,,,0,0,0,0,0,0,0,0,0,0,0,0,0,0,0,0,0,0,0,0,0,0,0,0,0,0,0,0,0,0,0,0,0,0,0,0,0,0,0,0,0,0,0,-99,99,0,0,0,0,0,0,0,0,0,0,0,0,0,0,0,0,0,0,0,0,0,0,0,
    + Increase in Capital Stock,CF_INCR_CAP_STOCK,,,,,,,,,,,,,,,,,,,,,,,,,,,,,,,,,,,,,,,,,,,,,,,,,,,,,,,,,,,,,,,,,,,,,,,0,0,0,0,0,0,0,0,0,0,0,0,0,0,0,0,0,0,0,0,0,0,0,0,0,0,0,0,0,0,0,0,0,0,0,0,0,0,0,0,0,0,,,,0,0,0,0,0,0,0,0,0,0,0,0,0,0,0,0,0,0,0,0,0,0,0,
    + Decrease in Capital Stock,CF_DECR_CAP_STOCK,,,,,,,,,,,,,,,,,,,,,,,,,,,,,,,,,,,,,,,,,,,,,,,,,,,,,,,,,,,,,,,,,,,,,,,0,0,0,0,0,0,0,0,0,0,0,0,0,0,0,0,0,0,0,0,0,0,0,0,0,0,0,0,0,0,0,0,0,0,0,0,0,0,0,0,0,0,0,,,0,0,0,0,0,0,0,0,0,0,0,0,0,0,0,0,0,0,0,0,0,0,0,
  + Other Financing Activities,OTHER_FIN_AND_DEC_CAP,,,,,,,,,,,,,,,,,,,,,,,,,,,,,,,,,,,,,,,,,,,,,,,,,,,,,,,,,,,,,,,,,,,,,,,-2117,66063,7738,-3577,-1021,-1022,-161,-576,911,3199,-106,-1212,-57,-433,176,-1407,628,-1576,395,5141,3363,17137,-900,8881,426,-69,720,-4446,-1248,-2992,8,-5641,-1446,-596,-158,-542,-818,-1371,-37,-7775,-1964,-1872,-375,-6063,415,-9542,-435,-27958,-4455,-21037,-783,-6844,-6404,373,-707,-3067,-11329,-823,-468,-1815,-41823,-5192,-345,-2432,-4063,2251,-770,-3884,
  + Net Cash From Disc Ops,CF_NET_CASH_DISCONTINUED_OPS_FIN,,,,,,,,,,,,,,,,,,,,,,,,,,,,,,,,,,,,,,,,,,,,,,,,,,,,,,,,,,,,,,,,,,,,,,,,,,,,,,0,0,0,0,0,0,0,0,0,0,0,0,0,0,0,0,0,0,0,0,0,0,0,0,0,0,0,0,0,0,0,0,0,0,0,0,0,0,0,0,0,0,0,0,0,0,0,0,0,0,0,0,0,0,0,0,0,0,0,0,0,
Cash from Financing Activities,CFF_ACTIVITIES_DETAILED,,,,,,,,,,,,,,,,,,,,,,,,,,,,,,,,,,,,,,,,,,,,,,,,,,,,,,,,,,,,,,,,,,,,,,,-5312,69872,16366,-36795,-3674,31855,23775,-3970,94712,-36397,36312,-24669,-32925,-21273,57332,-9303,-31,-27242,94394,27719,-17745,-9746,124641,-9165,-19577,-86749,55828,-21182,-74060,16141,36088,-42707,-15624,-2419,22538,-13643,-31949,-20876,-22716,-12531,5397,-45285,-2125,-41032,-18727,-46177,33941,-39761,10928,-15554,64642,-19888,-26260,-101194,43559,-39669,-36373,-62667,-1738,-17719,-40724,-29337,1049,-71547,-49783,-7771,-59285,-63867,
,,#N/A Mandatory parameter [FIELDS] cannot be empty,,,,,,,,,,,,,,,,,,,,,,,,,,,,,,,,,,,,,,,,,,,,,,,,,,,,,,,,,,,,,,,,,,,,,,,,,,,,,,,,,,,,,,,,,,,,,,,,,,,,,,,,,,,,,,,,,,,,,,,,,,,,,,,,,,,,,,,,,,
  Effect of Foreign Exchange Rates,CF_EFFECT_FOREIGN_EXCHANGES,,,,,,,,,,,,,,,,,,,,,,,,,,,,,,,,,,,,,,,,,,,,,,,,,,,,,,,,,,,,,,,,,,,,,,,,,,,,,120,-776,144,35,175,-242,173,61,24,588,-679,-246,-431,1107,-21,-850,505,-1871,-65,-337,1123,-846,1167,-400,341,-462,-644,-234,-20,1121,238,1534,-298,-1053,-1150,-1037,-2071,2693,2580,-679,-1006,1207,2560,-1692,872,121,-2539,-3421,319,-1234,74,-1467,-363,4515,4594,-1429,-720,5098,-1191,389,290,-1225,
,,#N/A Mandatory parameter [FIELDS] cannot be empty,,,,,,,,,,,,,,,,,,,,,,,,,,,,,,,,,,,,,,,,,,,,,,,,,,,,,,,,,,,,,,,,,,,,,,,,,,,,,,,,,,,,,,,,,,,,,,,,,,,,,,,,,,,,,,,,,,,,,,,,,,,,,,,,,,,,,,,,,,
Net Changes in Cash,CF_NET_CHNG_CASH,,,,,,,,,,,,,,,,,,,,,,,,,,,,,,,,,,,,,,,,,,,,,,,,,,,,,,,,,,,,,,,,,,,,,,,-23003,17697,28806,-33325,10057,-40564,47020,9062,118594,-64819,50599,-10257,17714,-58930,69293,1123,16224,-71177,38069,-25890,32185,-62141,70061,36636,6594,-105279,1044,37024,-17711,2014,7835,-15500,29328,-22668,26837,1712,18625,-22016,-1613,18220,50613,-42374,2793,-8309,37249,-69429,30315,-25629,20929,-25160,-9104,13030,-14812,43108,-6833,42596,18186,-35791,33739,50627,14109,-44074,51053,-23070,18332,11496,-16984,-39913,
,,#N/A Mandatory parameter [FIELDS] cannot be empty,,,,,,,,,,,,,,,,,,,,,,,,,,,,,,,,,,,,,,,,,,,,,,,,,,,,,,,,,,,,,,,,,,,,,,,,,,,,,,,,,,,,,,,,,,,,,,,,,,,,,,,,,,,,,,,,,,,,,,,,,,,,,,,,,,,,,,,,,,
Cash Paid for Taxes,CF_CASH_PAID_FOR_TAX,,,,,,,,,,,,,,,,,,,,,,,,,,,,,,,,,,,,,,,,,,,,,,,,,,,,,,,,,,,,,,,,,,,,,,,,,45414,18807,,12567,7315,11228,20749,-4337,7648,12996,27115,-946,10719,17230,10756,7674,13125,24820,-5217,9119,15485,26866,8507,-2051,15200,15490,9386,10987,5562,5077,363,17190,583,8837,4922,48281,84306,83910,77667,40029,13256,9387,11761,4444,10998,98452,79282,53184,9622,6605,-610,3487,3076,18196,2153,3068,7317,20541,123187,14607,12019,22586,12822,15016,12307,32078,
,,#N/A Mandatory parameter [FIELDS] cannot be empty,,,,,,,,,,,,,,,,,,,,,,,,,,,,,,,,,,,,,,,,,,,,,,,,,,,,,,,,,,,,,,,,,,,,,,,,,,,,,,,,,,,,,,,,,,,,,,,,,,,,,,,,,,,,,,,,,,,,,,,,,,,,,,,,,,,,,,,,,,
Reference Items,,#N/A Requesting Data...,,,,,,,,,,,,,,,,,,,,,,,,,,,,,,,,,,,,,,,,,,,,,,,,,,,,,,,,,,,,,,,,,,,,,,,,,,,,,,,,,,,,,,,,,,,,,,,,,,,,,,,,,,,,,,,,,,,,,,,,,,,,,,,,,,,,,,,,,,
Net Cash Paid for Acquisitions,CF_NET_CASH_PAID_FOR_AQUIS,,,,,,,,,,,,,,,,,,,,,,,,,,,,,,,,,,,,,,,,,,,,,,,,,,,,,,,,,,,,,,,,,,,,,,,0,,,224,0,9952,11,7382,16144,1794,129,10558,28989,4452,465,417,7447,597,2037,3424,123,1689,445,723,2532,578,1085,-77,259,1320,601,346,270,18275,397,707,459,,,,,,69,161,400,2281,96,,,,1171,240,76,3059,124,263,3159,-1337,167,322,,3250,1090,408,-963,8564,0,1614,
Free Cash Flow,CF_FREE_CASH_FLOW,,,,,,,,,,,,,,,,,,,,,,,,,,,,,,,,,,,,,,,,,,,,,,,,,,,,,,,,,,,,,,,,,,,,,,,-44894,-13152,12389,-4884,-8274,-65143,22857,18830,38005,-36625,14615,30281,85006,-31183,10805,10541,23872,-24477,-53428,-34007,58047,-53347,-52197,13212,32934,-19207,-58821,55973,58380,-13549,-28802,29994,43031,-10236,6131,16590,51797,-4695,25455,34478,44552,14984,-195,41300,59547,-23907,-2127,24082,23088,-19370,-72422,38312,26607,68312,-43968,50196,54560,21353,30910,60933,54274,-6950,72943,34283,60816,6853,50897,44912,
Free Cash Flow to Firm,CF_FREE_CASH_FLOW_FIRM,,,,,,,,,,,,,,,,,,,,,,,,,,,,,,,,,,,,,,,,,,,,,,,,,,,,,,,,,,,,,,,,,,,,,,,,,,-4419.2691,-7922.4219,-64449.6231,23848.5228,19893.1268,38780.1562,-35483.2791,16021.5565,31669.779,86118.8033,-30056.1015,12583.9622,12817.9255,26338.3905,-22370.5746,-50226.6147,-30425.1979,61792.0228,-49717.9638,-47549.8807,16874.8301,38563.6824,-14666.851,-54166.3662,61022.2455,62727.8785,-10215.0647,-24144.641,34786.6958,47513.8527,-6515.185,9837.6581,21121.8848,55349.2605,,,,48458.2162,24199.7018,3307.2729,44872.9384,63160.718,-20134.0843,2890.653,28744.189,28199.9586,-14256.4395,-68087.1284,39713.0408,30877.9339,73852.8802,-40125.7777,54279.614,57789.4471,24391.6266,34631.0679,64623.1199,58546.018,-2095.6957,77701.5246,38989.3994,65435.171,10970.0482,55187.659,48917.6787,
Free Cash Flow to Equity,FREE_CASH_FLOW_EQUITY,,,,,,,,,,,,,,,,,,,,,,,,,,,,,,,,,,,,,,,,,,,,,,,,,,,,,,,,,,,,,,,,,,,,,,,,,21042,-9321,-10674,-7189,46851,43036,159614,-49884,51124,30645,76433,-22398,68165,36429,23566,-20382,40675,-11295,67068,-52063,73413,33608,36986,-75899,-3605,46236,44114,6656,7296,-6983,56542,-8927,28911,3596,25296,-22191,2861,36742,51984,-14674,-1929,7468,54820,-46988,32344,12672,38524,-12298,-6973,26523,19097,-17607,869,15426,47629,-18395,29917,46466,55488,-26819,74895,762,54214,1288,-6334,22140,
Free Cash Flow per Basic Share,FREE_CASH_FLOW_PER_SH,,,,,,,,,,,,,,,,,,,,,,,,,,,,,,,,,,,,,,,,,,,,,,,,,,,,,,,,,,,,,,,,,,,,,,,,,,,,,,,,,,,,,,,,,,,,,,,,,,,,,,,,,,,,,,,,,,,,,,,,,,,,,,,,,,,,,,,,,,,
Price to Free Cash Flow,PX_TO_FREE_CASH_FLOW,,,,,,,,,,,,,,,,,,,,,,,,,,,,,,,,,,,,,,,,,,,,,,,,,,,,,,,,,,,,,,,,,,,,,,,,,,,,,,,,,,,,,,,,,,,,,,,,,,,,,,,,,,,,,,,,,,,,,,,,,,,,,,,,,,,,,,,,,,,
Cash Flow to Net Income,CASH_FLOW_TO_NET_INC,,,,,,,,,,,,,,,,,,,,,,,,,,,,,,,,,,,,,,,,,,,,,,,,,,,,,,,,,,,,,,,,,,,,,,,-0.1603,1.6491,1.1228,2.0127,1.1308,1.232,3.2175,2.1983,6.1712,3.1117,2.2548,2.2375,7.0807,1.6827,1.7252,2.0882,2.3497,2.5863,0.4782,1.0536,4.6957,2.4351,0.3726,2.7678,3.3785,2.4247,0.4659,3.2745,4.2109,9.3544,4.0476,4.1542,16.7854,12.1338,,3.3464,70.065,10.6901,11.7952,10.8427,19.1282,22.8229,5.6067,4.7399,5.1792,21.7881,5.5503,4.7788,9.7599,14.3267,,,2.0481,17.4373,-0.2526,4.9217,5.0962,6.6646,2.1266,2.6058,2.8789,2.7016,2.8378,2.2796,2.664,3.8828,2.3393,2.5013,
,,#N/A Mandatory parameter [FIELDS] cannot be empty,,,,,,,,,,,,,,,,,,,,,,,,,,,,,,,,,,,,,,,,,,,,,,,,,,,,,,,,,,,,,,,,,,,,,,,,,,,,,,,,,,,,,,,,,,,,,,,,,,,,,,,,,,,,,,,,,,,,,,,,,,,,,,,,,,,,,,,,,,
Revenue,SALES_REV_TURN,,,,,,,,,,,,,,,,,,,,,,,,,,,,,,,,,,,,,,,,,,,,,,,,,,,,,,,,,,,,,,,,,,,,,,,187063,214659,230295,292291,267944,217129,181965,233312,267742,336256,318795,366002,363302,417316,445980,506267,530661,520935,525647,521014,551608,597027,540263,560833,581688,575340,528947,625021,600580,528414,410336,467288,427481,420323,352830,386237,411370,603021,493559,482350,481795,558186,542654,576983,607080,648217,594815,601444,618143,702408,509098,419947,497125,507666,551923,644658,683760,734008,779368,835253,840780,783766,732471,747400,802264,728877,812184,741685,
    + Sales & Services Revenue,IS_SALES_AND_SERVICES_REVENUES,,,,,,,,,,,,,,,,,,,,,,,,,,,,,,,,,,,,,,,,,,,,,,,,,,,,,,,,,,,,,,,,,,,,,,,,,,,,,181965,233312,267742,336256,318795,366002,363302,417316,445980,506267,530661,520935,525647,521014,551608,597027,540263,560833,581688,575340,528947,625021,600580,528414,410336,467288,427481,420323,352830,386237,411370,603021,493559,482350,481795,558186,542654,576983,607080,648217,594815,601444,618143,702408,509098,419947,497125,507666,551923,644658,683760,734008,779368,835253,840780,783766,732471,747400,802264,728877,812184,741685,
  - Cost of Revenue,IS_COGS_TO_FE_AND_PP_AND_G,,,,,,,,,,,,,,,,,,,,,,,,,,,,,,,,,,,,,,,,,,,,,,,,,,,,,,,,,,,,,,,,,,,,,,,124366,132013,166791,159209,191108,108697,,,,,,,,,,,,,,,,,,,,,,,,,,,,,,,,345800,391809,385338,376499,430599,,,,,,472602,501163,556297,,,,,,,,,,,673348,,,,,,,,
    + Cost of Goods & Services,IS_COG_AND_SERVICES_SOLD,,,,,,,,,,,,,,,,,,,,,,,,,,,,,,,,,,,,,,,,,,,,,,,,,,,,,,,,,,,,,,,,,,,,,,,,,,,,,,,,,,,,,,,,,,,,,,,,,,,,,,,,,,,,345800,391809,385338,376499,430599,,,,,,472602,501163,556297,,,,,,,,,,,673348,,,,,,,,
Gross Profit,GROSS_PROFIT,,,,,,,,,,,,,,,,,,,,,,,,,,,,,,,,,,,,,,,,,,,,,,,,,,,,,,,,,,,,,,,,,,,,,,,62697,82646,63504,133082,76836,108432,,,,,,,,,,,,,,,,,,,,,,,,,,,,,,,,257221,101750,97012,105296,127587,,,,,,128842,116980,146111,,,,,,,,,,,167432,,,,,,,,
  + Other Operating Income,IS_OTHER_OPER_INC,,,,,,,,,,,,,,,,,,,,,,,,,,,,,,,,,,,,,,,,,,,,,,,,,,,,,,,,,,,,,,,,,,,,,,,-423,,,2275,,2152,,,,,,,,,,,,,,,,,,,,,,,,,,,,,,,,0,1298,1203,1153,4349,,,,,,2133,3782,2830,,,,,,,,,,,3724,,,,,,,,
  - Operating Expenses,IS_OPERATING_EXPN,,,,,,,,,,,,,,,,,,,,,,,,,,,,,,,,,,,,,,,,,,,,,,,,,,,,,,,,,,,,,,,,,,,,,,,22176,22677,22071,97028,26503,82540,155559,193863,224165,302421,274246,321763,318564,363230,392803,462166,485728,480898,470797,485568,512281,552470,487184,514393,537740,530523,476784,574367,558125,504128,396445,434312,411275,404432,355503,349065,400395,238312,81242,79614,86876,119233,514614,537662,562301,637480,565307,91393,93358,115763,512477,422629,430801,492035,507143,600990,647460,697620,722106,773507,101079,741971,670075,689189,736645,679655,747643,681310,
"    + Selling, General & Admin",IS_SGA_EXPENSE,,,,,,,,,,,,,,,,,,,,,,,,,,,,,,,,,,,,,,,,,,,,,,,,,,,,,,,,,,,,,,,,,,,,,,,22176,,13691,14426,26503,14900,12326,14701,14848,23548,16138,17975,19248,20878,16669,17355,15924,20021,15560,18085,19954,21093,15558,20987,22006,20470,16567,19751,18620,18475,16615,20877,17224,16554,17293,17937,17792,35756,33232,27575,32058,28617,16705,20366,18874,18532,16143,30341,33626,40733,15778,14105,15929,18533,14989,15337,15328,12148,13979,14430,30081,16000,16712,11935,16683,18744,15414,11765,
    + Selling & Marketing,IS_SELLING_EXPENSES,,,,,,,,,,,,,,,,,,,,,,,,,,,,,,,,,,,,,,,,,,,,,,,,,,,,,,,,,,,,,,,,,,,,,,,10600,,10497,,11746,,,,,,,,,,,,,,,,,,,,,,,,,,,,,,,,,18332,14583,15555,16522,19407,,,,,,16527,18186,23021,,,,,,,,,,,16964,,,,,,,,
    + General & Administrative,IS_GENERAL_AND_ADMINISTRATIVE,,,,,,,,,,,,,,,,,,,,,,,,,,,,,,,,,,,,,,,,,,,,,,,,,,,,,,,,,,,,,,,,,,,,,,,,,,,,,,,,,,,,,,,,,,,,,,,,,,,,,,,,,,,,17424,18649,12020,15536,9210,,,,,,13814,15440,17712,,,,,,,,,,,13117,,,,,,,,
    + Research & Development,IS_OPERATING_EXPENSES_RD,,,,,,,,,,,,,,,,,,,,,,,,,,,,,,,,,,,,,,,,,,,,,,,,,,,,,,,,,,,,,,,,,,,,,,,,,,,,,,,,,,,,,,,,,,,,,,,,,,,,,,,,,,,,,,,3246,18904,,,,,,4105,2854,5125,,,,,,,,,,,4816,,,,,,,,
    + Other Operating Expense,IS_OTHER_OPERATING_EXPENSES,,,,,,,,,,,,,,,,,,,,,,,,,,,,,,,,,,,,,,,,,,,,,,,,,,,,,,,,,,,,,,,,,,,,,,,,,,,,,122315,157221,184543,254247,230662,275382,272528,311783,344869,409574,433592,425518,416296,432378,453041,492734,432004,457135,473089,465226,418281,511803,492991,439453,332994,368388,348387,322550,286061,277292,332028,202556,48010,52039,51572,71712,446426,454200,491282,553396,494073,56947,56878,69905,438874,351961,363871,425016,436358,533094,584661,609236,656228,708113,66182,639558,597256,620344,665051,581387,673452,611753,
Operating Income (Loss),IS_OPER_INC,,,,,,,,,,,,,,,,,,,,,,,,,,,,,,,,,,,,,,,,,,,,,,,,,,,,,,,,,,,,,,,,,,,,,,,40098,59969,41433,38329,50333,28044,26406,39449,43577,33835,44549,44239,44738,54086,53177,44101,44933,40037,54850,35446,39327,44557,53079,46440,43948,44817,52163,50654,42455,24286,13891,32976,16206,15891,-2673,37172,10975,18909,21806,18601,19573,12703,28040,39321,44779,10737,29508,39582,27404,33178,-3379,-2682,66324,15631,44780,43668,36300,36388,57262,61746,70077,41795,62396,58211,65619,49222,64541,60375,
  - Non-Operating (Income) Loss,IS_NONOP_INCOME_LOSS,,,,,,,,,,,,,,,,,,,,,,,,,,,,,,,,,,,,,,,,,,,,,,,,,,,,,,,,,,,,,,,,,,,,,,,,,,,,,1739,262,2,1232,-22,162,-1572,-261,-329,-644,279,-1273,773,1931,2018,2647,3411,2347,3013,1450,4928,2172,1875,3824,3878,4552,6781,5938,5571,2328,4138,7147,6733,5845,6962,60,3747,1930,2974,-2544,4936,2377,6415,12727,7292,5167,4848,2514,1318,114,111,1390,492,181,15061,1871,-178,-970,-1601,735,-1531,-2692,
"    + Interest Expense, Net",IS_NET_INTEREST_EXPENSE,,,,,,,,,,,,,,,,,,,,,,,,,,,,,,,,,,,,,,,,,,,,,,,,,,,,,,,,,,,,,,,,,,,,,,,,,,-201,,-1501,1026,1021,700,1066,1368,1157,942,871,1917,2311,1979,2005,3497,4076,4193,4335,5406,4612,6438,4403,5300,6214,4556,,5323,6367,5443,5176,5763,5410,5170,,,,4859,14648,5012,4851,4629,4447,6891,6413,6522,6952,7040,6450,5212,4803,4585,4330,4179,3661,4305,3964,4483,4064,4705,3882,4312,2899,3826,2503,
    + Interest Expense,IS_INT_EXPENSE,,,,,,,,,,,,,,,,,,,,,,,,,,,,,,,,,,,,,,,,,,,,,,,,,,,,,,,,,,,,,,,,,,,,,,,,,,676,,818,1294,1257,1046,1675,1770,1748,1370,1433,2344,3079,2706,2757,3952,4613,4778,4821,5719,5016,6984,5362,5899,6655,5519,5246,6036,6529,5787,5976,6260,5671,6245,,,,5517,16891,5593,5708,5670,5747,7690,7507,7450,7762,7830,7056,5967,5675,5277,4917,4630,4915,4859,4785,5551,6359,6139,6045,5997,5882,5528,5227,
    - Interest Income,IS_INT_INC,,,,,,,,,,,,,,,,,,,,,,,,,,,,,,,,,,,,,,,,,,,,,,,,,,,,,,,,,,,,,,,,,,,,,,,,,,877,,573,268,236,346,609,402,591,428,562,427,768,727,752,455,537,585,486,313,404,546,959,599,441,963,,713,162,344,800,497,261,1075,,,,658,2243,581,857,1041,1300,799,1094,928,810,790,606,755,872,692,587,451,1254,554,821,1068,2295,1434,2163,1685,2983,1702,2724,
    + Other Investment (Inc) Loss,IS_OTHER_INVESTMENT_INCOME_LOSS,,,,,,,,,,,,,,,,,,,,,,,,,,,,,,,,,,,,,,,,,,,,,,,,,,,,,,,,,,,,,,,,,,,,,,,,,,,,,,,,,,,,,,,,,,,,,,,,,,,,,,,,,,,,-551,-992,-1478,-20,1724,,,,,,-389,60,-172,,,,,,,,-2,,,10809,-8,,,,,,,
    + (Income) Loss from Affiliates,INCOME_LOSS_FROM_AFFILIATES,,,,,,,,,,,,,,,,,,,,,,,,,,,,,,,,,,,,,,,,,,,,,,,,,,,,,,,,,,,,,,,,,,,,,,,,,,-2478,,1235,-59,-680,-769,324,-1875,-565,-2905,-1693,-2437,-3114,-2296,-3055,-2680,-2059,-1647,-1876,-2715,-1644,-2651,-3218,-2970,-3092,-3429,-1471,-1683,-1596,285,1490,-627,-2069,-1021,,,,-1267,-4701,-2088,-1736,-1320,-6503,-2341,-2366,-1950,-1572,221,-791,-858,-2105,-3239,-4194,-3811,-2023,-3395,-4709,-4737,-2410,-4590,-5077,-5832,-3039,-5324,-4968,
    + Other Non-Op (Income) Loss,IS_OTHER_NON_OPERATING_INC_LOSS,,,,,,,,,,,,,,,,,,,,,,,,,,,,,,,,,,,,,,,,,,,,,,,,,,,,,,,,,,,,,,,,,,,,,,,,,,,,,0,-145,0,-32,0,-147,0,-18,0,-180,0,-33,0,-323,0,-16,0,-341,0,-17,0,-263,0,395,0,-248,0,-40,0,-41,0,7698,7725,7323,3390,-11611,0,-13,0,-52,0,-1281,1783,7519,0,-18,0,-25,0,-15,0,0,0,-7,4506,0,0,-10,0,-8,0,-13,
"Pretax Income (Loss), Adjusted",PRETAX_INC,,,,,,,,,,,,,,,,,,,,,,,,,,,,,,,,,,,,,,,,,,,,,,,,,,,,,,,,,,,,,,,,,,,,,,,39225,58240,41576,39846,53799,24437,24667,39187,43575,32603,44571,44077,46310,54347,53506,44745,44654,41310,54077,33515,37309,41910,49668,44093,40935,43367,47235,48482,40580,20462,10013,28424,9425,9953,-8244,34844,6837,11762,15073,12756,12611,12643,24293,37391,41805,13281,24572,37205,20989,20451,-10671,-7849,61476,13117,43462,43554,36189,34998,56770,61565,55016,39924,62574,59181,67220,48487,66072,63067,
  - Abnormal Losses (Gains),IS_ABNORMAL_ITEM,,,,,,,,,,,,,,,,,,,,,,,,,,,,,,,,,,,,,,,,,,,,,,,,,,,,,,,,,,,,,,,,,,,,,,,,,,527,,2075,-96,5929,141,-2313,18,3276,2090,1810,-57,4810,1934,4857,-21,2109,1575,1198,35,-24420,398,6543,-3,-9,696,5497,-61,-25,117,3728,-33,-23634,-33,8902,2212,1471,2843,21223,-76,2554,4591,43502,-35,-1327.3333,2306,19925,224,1666,-44145,60243,-267,-18101,18420,42390,-139,7150,3090,55013,276,430,362,32699,-197,251,
    + Abnormal Derivatives,IS_DERIVATIVES_HEDGING,,,,,,,,,,,,,,,,,,,,,,,,,,,,,,,,,,,,,,,,,,,,,,,,,,,,,,,,,,,,,,,,,,,,,,,,,,,,,,,,,,,,,,,,,,,,,,,,,,,,,,,,,,,,,,,,,,,,,,,,,,,,,,,,,,,,,,,,,,,
    + Disposal of Assets,IS_GAIN_LOSS_DISPOSAL_ASSETS,,,,,,,,,,,,,,,,,,,,,,,,,,,,,,,,,,,,,,,,,,,,,,,,,,,,,,,,,,,,,,,,,,,,,,,,,,,,,-93,-45,170,1620,21,258,2078,459,-54,725,1972,471,-21,1128,1580,754,35,402,398,2680,-3,-14,696,1953,-61,-25,385,2606,-38,900,46,,,,,,-76,2554,4591,13545,-35,,,,224,2059,-44145,46118,-267,516,18420,877,-139,7199,,33838,276,521,364,10430,462,254,
    + Asset Write-Down,IS_IMPAIRMENT_ASSETS,,,,,,,,,,,,,,,,,,,,,,,,,,,,,,,,,,,,,,,,,,,,,,,,,,,,,,,,,,,,,,,,,,,,,,,,,,,5703,,,5979,,-3913,,3092,,1264,,4084,,4331,,981,,462,,,,3857,,,,3685,,,,25022,,,,8527,,,,18022,,,,30002,,,,13441,,,,15367,,,,26471,,,,20832,,,19,22259,20,,
    + Impairment of Intangibles,IS_IMPAIR_OF_INTANG_ASSETS,,,,,,,,,,,,,,,,,,,,,,,,,,,,,,,,,,,,,,,,,,,,,,,,,,,,,,,,,,,,,,,,,,,,,,,,,,,,,,,,,,,,,,,,,,,,,,,,,,,,,,,,,,,,,,,,,,,,,,,,,,,,,,,,,,,,,,,,,,,
    + Gain/Loss on Sale/Acquisition of Business,IS_SALE_OF_BUSINESS,,,,,,,,,,,,,,,,,,,,,,,,,,,,,,,,,,,,,,,,,,,,,,,,,,,,,,,,,,,,,,,,,,,,,,,,,,,,,-5,-5,-31,-14,,-74,16,84,,1,-39,61,,,,-3,,-24822,,-11,,,,-41,,,,-1258,,-24534,-79,20,,-63,-9,-547,,,,-45,,,14,-301,,-393,,-1242,,-18617,,15042,,-49,-9,343,,-91,-21,10,-679,-3,
    + Legal Settlement,IS_LEGAL_LITIGATION_SETTLEMENT,,,,,,,,,,,,,,,,,,,,,,,,,,,,,,,,,,,,,,,,,,,,,,,,,,,,,,,,,,,,,,,,,,,,,,,,,,,,,,,,,,,,,,,,,,,,,,,,,,,,,,,,,,,,,,,,,,,,,,,,,,,,,,,,,,,,,,,,,,,
    + Sale of Investments,IS_GAIN_LOSS_ON_INVESTMENTS,,,,,,,,,,,,,,,,,,,,,,,,,,,,,,,,,,,,,,,,,,,,,,,,,,,,,,,,,,,,,,,,,,,,,,,,,,,,,2,,2,-8,-3,,-4,-1,-3,,1,-6,,,,-25,,,,10,,,,-100,,,-268,91,,,,-148,-6,6,1,-12,,,,,,,,,,,,,,,,,,,,,,,,,,,
    + Other Abnormal Items,IS_OTHER_ONE_TIME_ITEMS,,,,,,,,,,,,,,,,,,,,,,,,,,,,,,,,,,,,,,,,,,,,,,,,,,,,,,,,,,,,,,,,,,,,,,,,,,,,,,,,,,,,,,,,,,,,,,,,,,,,,,,,,,,,503,2218,1528,2851,51,,,,,,-1327.3333,2292,6785,,,,,,,,,,,3099,,,,,,,,
"Pretax Income (Loss), GAAP",PRETAX_INC,,,,,,,,,,,,,,,,,,,,,,,,,,,,,,,,,,,,,,,,,,,,,,,,,,,,,,,,,,,,,,,,,,,,,,,39225,58240,41576,39846,53799,24437,24667,39187,43575,32603,44571,44077,46310,54347,53506,44745,44654,41310,54077,33515,37309,41910,49668,44093,40935,43367,47235,48482,40580,20462,10013,28424,9425,9953,-8244,34844,6837,11762,15073,12756,12611,12643,24293,37391,41805,13281,24572,37205,20989,20451,-10671,-7849,61476,13117,43462,43554,36189,34998,56770,61565,55016,39924,62574,59181,67220,48487,66072,63067,
  - Income Tax Expense (Benefit),IS_INC_TAX_EXP,,,,,,,,,,,,,,,,,,,,,,,,,,,,,,,,,,,,,,,,,,,,,,,,,,,,,,,,,,,,,,,,,,,,,,,8940,14934,8181,12453,10417,3723,5766,6044,11283,10380,9152,9058,8694,11609,12898,11656,3954,9748,10271,7492,8066,10362,9309,11895,7938,6647,9964,11698,8611,7458,2287,7559,2124,3756,2696,6999,2948,3134,4456,2412,3682,5745,9081,13986,15161,4562,8539,14099,6587,6978,2678,2126,17474,310,11817,7382,10947,13361,13295,14087,12676,9447,14071,13105,15444,14549,14789,14736,
Income (Loss) from Cont Ops,IS_INC_BEF_XO_ITEM,,,,,,,,,,,,,,,,,,,,,,,,,,,,,,,,,,,,,,,,,,,,,,,,,,,,,,,,,,,,,,,,,,,,,,,30285,43306,33395,27393,43382,20714,18901,33143,32292,22223,35419,35019,37616,42738,40608,33089,40700,31562,43806,26023,29243,31548,40359,32198,32997,36720,37271,36784,31969,13004,7726,20865,7301,6197,-10940,27845,3889,8628,10617,10344,8929,6898,15212,23405,26644,8719,16033,23106,14402,13473,-13349,-9975,44002,12807,31645,36172,25242,21637,43475,47478,42340,30477,48503,46076,51776,33938,51283,48331,
  - Net Extraordinary Losses (Gains),XO_GL_NET_OF_TAX,,,,,,,,,,,,,,,,,,,,,,,,,,,,,,,,,,,,,,,,,,,,,,,,,,,,,,,,,,,,,,,,,,,,,,,0,0,0,0,0,0,0,0,0,0,0,0,0,0,0,0,0,0,0,0,0,0,0,0,0,0,0,0,0,0,0,0,0,0,0,0,0,0,0,0,0,0,0,0,0,0,0,0,0,0,0,0,0,0,0,0,0,0,0,0,0,0,0,0,0,0,0,0,
    + Discontinued Operations,IS_DISCONTINUED_OPERATIONS,,,,,,,,,,,,,,,,,,,,,,,,,,,,,,,,,,,,,,,,,,,,,,,,,,,,,,,,,,,,,,,,,,,,,,,,,,,,,0,0,0,0,0,0,0,0,0,0,0,0,0,0,0,0,0,0,0,0,0,0,0,0,0,0,0,0,0,0,0,0,0,0,0,0,0,0,0,0,0,0,0,0,0,0,0,0,0,0,0,0,0,0,0,0,0,0,0,0,0,0,
    + XO & Accounting Changes,EXTRAORD_ITEMS_ACCOUNTING_CHANGS,,,,,,,,,,,,,,,,,,,,,,,,,,,,,,,,,,,,,,,,,,,,,,,,,,,,,,,,,,,,,,,,,,,,,,,,,,,,,0,0,0,0,0,0,0,0,0,0,0,0,0,0,0,0,0,0,0,0,0,0,0,0,0,0,0,0,0,0,0,0,0,0,0,0,0,0,0,0,0,0,0,0,0,0,0,0,0,0,0,0,0,0,0,0,0,0,0,0,0,0,
Income (Loss) Incl. MI,NI_INCLUDING_MINORITY_INT_RATIO,,,,,,,,,,,,,,,,,,,,,,,,,,,,,,,,,,,,,,,,,,,,,,,,,,,,,,,,,,,,,,,,,,,,,,,30285,43306,33395,27393,43382,20714,18901,33143,32292,22223,35419,35019,37616,42738,40608,33089,40700,31562,43806,26023,29243,31548,40359,32198,32997,36720,37271,36784,31969,13004,7726,20865,7301,6197,-10940,27845,3889,8628,10617,10344,8929,6898,15212,23405,26644,8719,16033,23106,14402,13473,-13349,-9975,44002,12807,31645,36172,25242,21637,43475,47478,42340,30477,48503,46076,51776,33938,51283,48331,
  - Minority Interest,MIN_NONCONTROL_INTEREST_CREDITS,,,,,,,,,,,,,,,,,,,,,,,,,,,,,,,,,,,,,,,,,,,,,,,,,,,,,,,,,,,,,,,,,,,,,,,1694,2335,3969,1840,5135,584,-73,1616,1445,184,2927,2181,2916,2776,3605,4085,3301,2007,4653,3150,4313,3178,4342,2693,3231,2409,3023,2908,4046,1879,1576,1609,2106,1281,2845,13529,2689,2452,4918,3369,4241,1467,5059,6117,5424,4344,5784,4931,5540,5078,2881,3778,3952,3868,3924,10856,3153,4593,4576,4750,4038,1241,4879,4428,5397,4443,5600,5403,
"Net Income, GAAP",NET_INCOME,,,,,,,,,,,,,,,,,,,,,,,,,,,,,,,,,,,,,,,,,,,,,,,,,,,,,,,,,,,,,,,,,,,,,,,28591,40971,29426,25553,38247,20130,18974,31527,30847,22039,32492,32838,34700,39962,37003,29004,37399,29555,39153,22873,24930,28370,36017,29505,29766,34311,34248,33876,27923,11125,6150,19256,5195,4916,-13785,14316,1200,6176,5699,6975,4688,5431,10153,17288,21220,4375,10249,18175,8862,8395,-16230,-13753,40050,8939,27721,25316,22089,17044,38899,42728,38302,29236,43624,41648,46379,29495,45683,42928,
  - Preferred Dividends,IS_TOT_CASH_PFD_DVD,,,,,,,,,,,,,,,,,,,,,,,,,,,,,,,,,,,,,,,,,,,,,,,,,,,,,,,,,,,,,,,,,,,,,,,0,0,0,0,0,0,0,0,0,0,0,0,0,0,0,0,0,0,0,0,0,0,0,0,0,0,0,0,0,0,0,0,0,0,0,0,0,0,0,0,0,0,0,0,0,0,0,0,0,0,0,0,0,0,0,0,0,0,0,0,0,0,0,0,0,0,0,0,
  - Other Adjustments,OTHER_ADJUSTMENTS,,,,,,,,,,,,,,,,,,,,,,,,,,,,,,,,,,,,,,,,,,,,,,,,,,,,,,,,,,,,,,,,,,,,,,,,,0,,,,0,0,0,0,0,0,0,0,0,0,0,0,0,0,0,0,0,0,0,0,0,0,0,0,0,0,0,0,0,0,0,0,0,0,0,0,0,0,0,0,0,0,0,0,0,0,0,0,0,0,0,0,0,0,0,0,0,0,0,0,0,0,
"Net Income Avail to Common, GAAP",EARN_FOR_COMMON,,,,,,,,,,,,,,,,,,,,,,,,,,,,,,,,,,,,,,,,,,,,,,,,,,,,,,,,,,,,,,,,,,,,,,,28591,40971,29426,25553,38247,20130,18974,31527,30847,22039,32492,32838,34700,39962,37003,29004,37399,29555,39153,22873,24930,28370,36017,29505,29766,34311,34248,33876,27923,11125,6150,19256,5195,4916,-13785,14316,1200,6176,5699,6975,4688,5431,10153,17288,21220,4375,10249,18175,8862,8395,-16230,-13753,40050,8939,27721,25316,22089,17044,38899,42728,38302,29236,43624,41648,46379,29495,45683,42928,
,,#N/A Mandatory parameter [FIELDS] cannot be empty,,,,,,,,,,,,,,,,,,,,,,,,,,,,,,,,,,,,,,,,,,,,,,,,,,,,,,,,,,,,,,,,,,,,,,,,,,,,,,,,,,,,,,,,,,,,,,,,,,,,,,,,,,,,,,,,,,,,,,,,,,,,,,,,,,,,,,,,,,
"Net Income Avail to Common, Adj",EARN_FOR_COMMON,,,,,,,,,,,,,,,,,,,,,,,,,,,,,,,,,,,,,,,,,,,,,,,,,,,,,,,,,,,,,,,,,,,,,,,28591,40971,29426,25553,38247,20130,18974,31527,30847,22039,32492,32838,34700,39962,37003,29004,37399,29555,39153,22873,24930,28370,36017,29505,29766,34311,34248,33876,27923,11125,6150,19256,5195,4916,-13785,14316,1200,6176,5699,6975,4688,5431,10153,17288,21220,4375,10249,18175,8862,8395,-16230,-13753,40050,8939,27721,25316,22089,17044,38899,42728,38302,29236,43624,41648,46379,29495,45683,42928,
  Net Abnormal Losses (Gains),IS_NET_ABNORMAL_ITEMS,,,,,,,,,,,,,,,,,,,,,,,,,,,,,,,,,,,,,,,,,,,,,,,,,,,,,,,,,,,,,,,,,,,,,,,,,,394.9974,,1641.4985,-72,4446.75,105.75,-1734.75,13.5,2457,1567.5,1357.5,-42.75,3607.5,1450.5,3642.75,-15.75,1581.75,1181.25,898.5,26.25,-18315,298.5,4907.25,-2.25,-6.75,522,4122.75,-45.75,-18.75,87.75,2796,-24.75,-17725.5,-24.75,4463.844,1731.0013,-924.5575,2211.8472,18789.997,-57,1915.5,3443.25,32626.5,-26.25,-955.5364,2023.3105,15150.6706,168,1249.5,-33108.75,45182.25,-200.25,-13575.75,13815,31792.5,-104.25,5362.5,2238.5095,41259.75,207,322.5,271.5,24524.25,-147.75,188.25,
  Net Extraordinary Losses (Gains),XO_GL_NET_OF_TAX,,,,,,,,,,,,,,,,,,,,,,,,,,,,,,,,,,,,,,,,,,,,,,,,,,,,,,,,,,,,,,,,,,,,,,,0,0,0,0,0,0,0,0,0,0,0,0,0,0,0,0,0,0,0,0,0,0,0,0,0,0,0,0,0,0,0,0,0,0,0,0,0,0,0,0,0,0,0,0,0,0,0,0,0,0,0,0,0,0,0,0,0,0,0,0,0,0,0,0,0,0,0,0,
,,#N/A Mandatory parameter [FIELDS] cannot be empty,,,,,,,,,,,,,,,,,,,,,,,,,,,,,,,,,,,,,,,,,,,,,,,,,,,,,,,,,,,,,,,,,,,,,,,,,,,,,,,,,,,,,,,,,,,,,,,,,,,,,,,,,,,,,,,,,,,,,,,,,,,,,,,,,,,,,,,,,,
Basic Weighted Avg Shares,IS_AVG_NUM_SH_FOR_EPS,,,,,,,,,,,,,,,,,,,,,,,,,,,,,,,,,,,,,,,,,,,,,,,,,,,,,,,,,,,,,,,,,,,,,,,,,,,,,,,,,,,,,,,,,,,,,,,,,,,,,,,,,,,,,,,,,,,,,,,,,,,,,,,,,,,,,,,,,,,
"Basic EPS, GAAP",IS_EPS,,,,,,,,,,,,,,,,,,,,,,,,,,,,,,,,,,,,,,,,,,,,,,,,,,,,,,,,,,,,,,,,,,,,,,,,,,,,,,,,,,,,,,,,,,,,,,,,,,,,,,,,,,,,,,,,,,,,,,,,,,,,,,,,,,,,,,,,,,,
"Basic EPS from Cont Ops, GAAP",IS_EARN_BEF_XO_ITEMS_PER_SH,,,,,,,,,,,,,,,,,,,,,,,,,,,,,,,,,,,,,,,,,,,,,,,,,,,,,,,,,,,,,,,,,,,,,,,,,,,,,,,,,,,,,,,,,,,,,,,,,,,,,,,,,,,,,,,,,,,,,,,,,,,,,,,,,,,,,,,,,,,
"Basic EPS from Cont Ops, Adjusted",IS_BASIC_EPS_CONT_OPS,,,,,,,,,,,,,,,,,,,,,,,,,,,,,,,,,,,,,,,,,,,,,,,,,,,,,,,,,,,,,,,,,,,,,,,,,,,,,,,,,,,,,,,,,,,,,,,,,,,,,,,,,,,,,,,,,,,,,,,,,,,,,,,,,,,,,,,,,,,
,,#N/A Mandatory parameter [FIELDS] cannot be empty,,,,,,,,,,,,,,,,,,,,,,,,,,,,,,,,,,,,,,,,,,,,,,,,,,,,,,,,,,,,,,,,,,,,,,,,,,,,,,,,,,,,,,,,,,,,,,,,,,,,,,,,,,,,,,,,,,,,,,,,,,,,,,,,,,,,,,,,,,
Diluted Weighted Avg Shares,IS_SH_FOR_DILUTED_EPS,,,,,,,,,,,,,,,,,,,,,,,,,,,,,,,,,,,,,,,,,,,,,,,,,,,,,,,,,,,,,,,,,,,,,,,,,,,,,,,,,,,,,,,,,,,,,,,,,,,,,,,,,,,,,,,,,,,,,,,,,,,,,,,,,,,,,,,,,,,
"Diluted EPS, GAAP",IS_DILUTED_EPS,,,,,,,,,,,,,,,,,,,,,,,,,,,,,,,,,,,,,,,,,,,,,,,,,,,,,,,,,,,,,,,,,,,,,,,,,,,,,,,,,,,,,,,,,,,,,,,,,,,,,,,,,,,,,,,,,,,,,,,,,,,,,,,,,,,,,,,,,,,
"Diluted EPS from Cont Ops, GAAP",IS_DIL_EPS_BEF_XO,,,,,,,,,,,,,,,,,,,,,,,,,,,,,,,,,,,,,,,,,,,,,,,,,,,,,,,,,,,,,,,,,,,,,,,,,,,,,,,,,,,,,,,,,,,,,,,,,,,,,,,,,,,,,,,,,,,,,,,,,,,,,,,,,,,,,,,,,,,
"Diluted EPS from Cont Ops, Adjusted",IS_DIL_EPS_CONT_OPS,,,,,,,,,,,,,,,,,,,,,,,,,,,,,,,,,,,,,,,,,,,,,,,,,,,,,,,,,,,,,,,,,,,,,,,,,,,,,,,,,,,,,,,,,,,,,,,,,,,,,,,,,,,,,,,,,,,,,,,,,,,,,,,,,,,,,,,,,,,
,,#N/A Mandatory parameter [FIELDS] cannot be empty,,,,,,,,,,,,,,,,,,,,,,,,,,,,,,,,,,,,,,,,,,,,,,,,,,,,,,,,,,,,,,,,,,,,,,,,,,,,,,,,,,,,,,,,,,,,,,,,,,,,,,,,,,,,,,,,,,,,,,,,,,,,,,,,,,,,,,,,,,
Reference Items,,#N/A Mandatory parameter [FIELDS] cannot be empty,,,,,,,,,,,,,,,,,,,,,,,,,,,,,,,,,,,,,,,,,,,,,,,,,,,,,,,,,,,,,,,,,,,,,,,,,,,,,,,,,,,,,,,,,,,,,,,,,,,,,,,,,,,,,,,,,,,,,,,,,,,,,,,,,,,,,,,,,,
Accounting Standard,ACCOUNTING_STANDARD,,,,,,,,,,,,,,,,,,,,,,,,,,,,,,,,,,,,,,,,,,,,,,,,,,,,,,,,,,,,,,,,,,,,,,,CN GAAP,CN GAAP,CN GAAP,IAS/IFRS,CN GAAP,IAS/IFRS,IAS/IFRS,IAS/IFRS,IAS/IFRS,IAS/IFRS,IAS/IFRS,IAS/IFRS,IAS/IFRS,IAS/IFRS,IAS/IFRS,IAS/IFRS,IAS/IFRS,IAS/IFRS,IAS/IFRS,IAS/IFRS,IAS/IFRS,IAS/IFRS,IAS/IFRS,IAS/IFRS,IAS/IFRS,IAS/IFRS,IAS/IFRS,IAS/IFRS,IAS/IFRS,IAS/IFRS,IAS/IFRS,IAS/IFRS,IAS/IFRS,IAS/IFRS,IAS/IFRS,IAS/IFRS,IAS/IFRS,CN GAAP,CN GAAP,CN GAAP,CN GAAP,CN GAAP,IAS/IFRS,IAS/IFRS,IAS/IFRS,IAS/IFRS,IAS/IFRS,CN GAAP,CN GAAP,CN GAAP,IAS/IFRS,IAS/IFRS,IAS/IFRS,IAS/IFRS,IAS/IFRS,IAS/IFRS,IAS/IFRS,IAS/IFRS,IAS/IFRS,IAS/IFRS,CN GAAP,IAS/IFRS,IAS/IFRS,IAS/IFRS,IAS/IFRS,IAS/IFRS,IAS/IFRS,IAS/IFRS,
EBITDA,EBITDA,,,,,,,,,,,,,,,,,,,,,,,,,,,,,,,,,,,,,,,,,,,,,,,,,,,,,,,,,,,,,,,,,,,,,,,,91360,60477,62485,,58253,47324,61390,111210,58461,71995,72645,127378,84655,84442,79338,81145,75396,93791,70551,78613,83200,92701,82711,86593,89644,94099,93467,88969,70486,60727,78023,61870,81219,49476,91008,61550,,,,,,79523,102417,96924,76580,84599,,,,54446,53881,117325,64117,100576,96227,83771,111831,109161,112710,,126372,118503,115121,120530,128746,123318,118167,
EBITDA Margin (T12M),EBITDA_MARGIN,,,,,,,,,,,,,,,,,,,,,,,,,,,,,,,,,,,,,,,,,,,,,,,,,,,,,,,,,,,,,,,,,,,,,,,,,,,,,,,30.9035,27.3121,26.2135,24.388,23.8724,24.3394,23.1772,21.6874,17.3443,15.9853,15.8228,15.2928,15.0222,14.857,14.7094,14.9896,15.1418,15.5726,15.7133,15.7423,15.7166,15.2005,14.4916,14.8611,14.7861,16.3344,16.2231,17.8699,18.0329,,,,,,,,,14.9665,14.854,,,,,,,14.9842,16.9933,17.1822,14.4343,15.0097,14.1105,13.7671,,,,,15.6732,16.0378,15.78,15.9079,
EBIT,EBIT,,,,,,,,,,,,,,,,,,,,,,,,,,,,,,,,,,,,,,,,,,,,,,,,,,,,,,,,,,,,,,,,,,,,,,,40098,59969,41433,38329,50333,28044,26406,39449,43577,33835,44549,44239,44738,54086,53177,44101,44933,40037,54850,35446,39327,44557,53079,46440,43948,44817,52163,50654,42455,24286,13891,32976,16206,15891,-2673,37172,10975,18909,21806,18601,19573,12703,28040,39321,44779,10737,29508,39582,27404,33178,-3379,-2682,66324,15631,44780,43668,36300,36388,57262,61746,70077,41795,62396,58211,65619,49222,64541,60375,
Gross Margin,GROSS_MARGIN,,,,,,,,,,,,,,,,,,,,,,,,,,,,,,,,,,,,,,,,,,,,,,,,,,,,,,,,,,,,,,,,,,,,,,,33.5165,38.5011,27.5751,45.5307,28.6761,49.939,,,,,,,,,,,,,,,,,,,,,,,,,,,,,,,,42.6554,20.6156,20.1124,21.8549,22.8574,,,,,,21.4221,18.9244,20.8014,,,,,,,,,,,19.9139,,,,,,,,
Operating Margin,OPER_MARGIN,,,,,,,,,,,,,,,,,,,,,,,,,,,,,,,,,,,,,,,,,,,,,,,,,,,,,,,,,,,,,,,,,,,,,,,21.4356,27.9369,17.9913,13.1133,18.7849,12.9158,14.5116,16.9083,16.2757,10.0623,13.9742,12.0871,12.3143,12.9604,11.9236,8.711,8.4674,7.6856,10.4348,6.8033,7.1295,7.4631,9.8247,8.2805,7.5553,7.7897,9.8617,8.1044,7.069,4.596,3.3853,7.0569,3.791,3.7807,-0.7576,9.6241,2.6679,3.1357,4.4181,3.8563,4.0625,2.2758,5.1672,6.8149,7.3761,1.6564,4.9609,6.5812,4.4333,4.7235,-0.6637,-0.6387,13.3415,3.079,8.1135,6.7738,5.3089,4.9574,7.3472,7.3925,8.3348,5.3326,8.5186,7.7885,8.1792,6.7531,7.9466,8.1402,
Profit Margin,PROF_MARGIN,,,,,,,,,,,,,,,,,,,,,,,,,,,,,,,,,,,,,,,,,,,,,,,,,,,,,,,,,,,,,,,,,,,,,,,15.2842,19.0866,12.7775,8.7423,14.2743,9.271,10.4273,13.5128,11.5212,6.5542,10.1921,8.9721,9.5513,9.576,8.297,5.729,7.0476,5.6735,7.4485,4.3901,4.5195,4.7519,6.6666,5.2609,5.1172,5.9636,6.4748,5.42,4.6493,2.1054,1.4988,4.1208,1.2153,1.1696,-3.907,3.7065,0.2917,1.0242,1.1547,1.446,0.973,0.973,1.871,2.9963,3.4954,0.6749,1.7231,3.0219,1.4336,1.1952,-3.188,-3.2749,8.0563,1.7608,5.0226,3.927,3.2305,2.322,4.9911,5.1156,4.5555,3.7302,5.9557,5.5724,5.781,4.0466,5.6247,5.7879,
Sales per Employee,ACTUAL_SALES_PER_EMPL,,,,,,,,,,,,,,,,,,,,,,,,,,,,,,,,,,,,,,,,,,,,,,,,,,,,,,,,,,,,,,,,,,,,,,,,460145.9372,,,,454453.9328,,,,623657.1903,,,,755052.488,,,,942340.0445,,,,1088760.0186,,,,1057448.9554,,,,988332.5977,,,,805886.5033,,,,1185282.9543,,,,1129252.2512,,1211581.549,,1361162.7326,,1282068.5539,,1524574.3656,,932517.2038,,1175144.6171,,1523139.1895,,1759481.0786,,2041230.1346,,1967086.6379,,1931705.4007,,1939518.8436,,2026921.4057,
,,#N/A Mandatory parameter [FIELDS] cannot be empty,,,,,,,,,,,,,,,,,,,,,,,,,,,,,,,,,,,,,,,,,,,,,,,,,,,,,,,,,,,,,,,,,,,,,,,,,,,,,,,,,,,,,,,,,,,,,,,,,,,,,,,,,,,,,,,,,,,,,,,,,,,,,,,,,,,,,,,,,,
Returns,,#N/A Mandatory parameter [FIELDS] cannot be empty,,,,,,,,,,,,,,,,,,,,,,,,,,,,,,,,,,,,,,,,,,,,,,,,,,,,,,,,,,,,,,,,,,,,,,,,,,,,,,,,,,,,,,,,,,,,,,,,,,,,,,,,,,,,,,,,,,,,,,,,,,,,,,,,,,,,,,,,,,
Return on Common Equity,RETURN_COM_EQY,,,,,,,,,,,,,,,,,,,,,,,,,,,,,,,,,,,,,,,,,,,,,,,,,,,,,,,,,,,,,,,,,,,,,,,,,,,,14.8127,13.2748,13.8622,13.0356,12.6225,13.5244,13.8675,14.1767,15.6753,15.5473,15.0814,15.2716,13.6955,13.3683,12.8021,11.5458,11.1601,10.4604,11.0947,11.5372,11.7992,11.2709,11.614,11.4592,9.2845,6.7408,5.4681,3.5646,3.0155,1.3273,0.9002,0.5654,0.6675,2.3144,1.6846,1.982,1.9129,2.2719,3.122,4.4876,4.4057,4.379,4.4366,3.4107,3.7379,1.5752,-1.0536,1.5159,1.5543,5.131,8.3621,6.8459,7.4369,8.1199,9.3392,10.5818,11.3469,11.3475,11.1233,11.6509,11.4622,11.2569,11.3336,
Return on Assets,RETURN_ON_ASSET,,,,,,,,,,,,,,,,,,,,,,,,,,,,,,,,,,,,,,,,,,,,,,,,,,,,,,,,,,,,,,,,,,,,,,,,,,,,10.0077,8.1942,9.019,7.9681,7.813,7.827,8.2812,8.1184,9.012,8.7375,8.3388,8.2971,7.4403,7.1018,6.6814,5.8508,5.6443,5.1802,5.4096,5.5098,5.7459,5.4632,5.5455,5.4645,4.5148,3.3108,2.679,1.7515,1.4801,0.6509,0.4431,0.2782,0.3301,1.1453,0.8323,0.9703,0.9493,1.1382,1.5624,2.1947,2.189,2.1119,2.1411,1.6071,1.7658,0.7163,-0.4789,0.7009,0.728,2.3962,3.9171,3.2874,3.6939,4.0225,4.5534,5.1289,5.7674,5.7838,5.5652,5.7713,5.9432,5.9732,5.9951,
Return on Capital,RETURN_ON_CAP,,,,,,,,,,,,,,,,,,,,,,,,,,,,,,,,,,,,,,,,,,,,,,,,,,,,,,,,,,,,,,,,,,,,,,,,,,,,,,,10.9297,10.4495,10.8125,11.422,11.6562,13.0636,12.6155,12.3685,12.8272,11.6921,11.0458,10.4739,9.6929,9.5729,8.569,8.896,9.1624,9.4791,8.637,9.0089,8.8968,7.5518,5.722,4.895,3.5521,3.1975,2.0072,2.441,2.2356,,,,,,,4.0633,4.993,4.8015,4.665,4.7214,4.1188,4.4497,2.6168,0.5127,2.4644,2.5034,4.688,7.1262,6.3288,6.8915,7.2793,7.8529,8.7216,9.3377,9.4232,9.3619,9.7474,9.8625,9.878,10.0578,
Return on Invested Capital,RETURN_ON_INV_CAPITAL,,,,,,,,,,,,,,,,,,,,,,,,,,,,,,,,,,,,,,,,,,,,,,,,,,,,,,,,,,,,,,,,,,,,,,,,,,,,13.4325,10.9599,12.1256,11.1116,10.0653,10.0427,10.8496,10.9594,12.1326,11.5926,11.3943,11.8858,10.5945,9.7627,9.5911,8.8284,8.7958,7.6541,8.3342,8.5205,8.7311,7.8266,8.3398,8.2543,7.0395,5.1087,4.4631,3.3561,3.0572,2.0252,2.3189,1.9972,2.2031,3.3827,2.623,3.0352,2.6646,2.8093,3.3304,4.0774,4.0818,3.9908,4.0199,3.4783,4.1755,2.6227,1.0703,2.483,2.1813,4.1476,6.4824,5.5428,6.0146,6.4407,7.0121,8.372,8.9207,8.976,8.8279,8.5626,8.5706,8.565,8.7157,
,,#N/A Mandatory parameter [FIELDS] cannot be empty,,,,,,,,,,,,,,,,,,,,,,,,,,,,,,,,,,,,,,,,,,,,,,,,,,,,,,,,,,,,,,,,,,,,,,,,,,,,,,,,,,,,,,,,,,,,,,,,,,,,,,,,,,,,,,,,,,,,,,,,,,,,,,,,,,,,,,,,,,
Margins,,#N/A Mandatory parameter [FIELDS] cannot be empty,,,,,,,,,,,,,,,,,,,,,,,,,,,,,,,,,,,,,,,,,,,,,,,,,,,,,,,,,,,,,,,,,,,,,,,,,,,,,,,,,,,,,,,,,,,,,,,,,,,,,,,,,,,,,,,,,,,,,,,,,,,,,,,,,,,,,,,,,,
Gross Margin,GROSS_MARGIN,,,,,,,,,,,,,,,,,,,,,,,,,,,,,,,,,,,,,,,,,,,,,,,,,,,,,,,,,,,,,,,,,,,,,,,33.5165,38.5011,27.5751,45.5307,28.6761,49.939,,,,,,,,,,,,,,,,,,,,,,,,,,,,,,,,42.6554,20.6156,20.1124,21.8549,22.8574,,,,,,21.4221,18.9244,20.8014,,,,,,,,,,,19.9139,,,,,,,,
Operating Margin,OPER_MARGIN,,,,,,,,,,,,,,,,,,,,,,,,,,,,,,,,,,,,,,,,,,,,,,,,,,,,,,,,,,,,,,,,,,,,,,,21.4356,27.9369,17.9913,13.1133,18.7849,12.9158,14.5116,16.9083,16.2757,10.0623,13.9742,12.0871,12.3143,12.9604,11.9236,8.711,8.4674,7.6856,10.4348,6.8033,7.1295,7.4631,9.8247,8.2805,7.5553,7.7897,9.8617,8.1044,7.069,4.596,3.3853,7.0569,3.791,3.7807,-0.7576,9.6241,2.6679,3.1357,4.4181,3.8563,4.0625,2.2758,5.1672,6.8149,7.3761,1.6564,4.9609,6.5812,4.4333,4.7235,-0.6637,-0.6387,13.3415,3.079,8.1135,6.7738,5.3089,4.9574,7.3472,7.3925,8.3348,5.3326,8.5186,7.7885,8.1792,6.7531,7.9466,8.1402,
Incremental Operating Margin,INCREMENTAL_OPERATING_MARGIN,,,,,,,,,,,,,,,,,,,,,,,,,,,,,,,,,,,,,,,,,,,,,,,,,,,,,,,,,,,,,,,,,,,,,,,,,,,12.6544,,-31.0925,,-3344.5545,4.8612,13.2595,3.6099,1.2149,24.9827,6.7838,,0.1165,,2.1,,,5.9402,,27.6099,15.3624,,-8.0947,6.5651,,-43.7519,-32.2668,-11.2075,-15.1642,-7.7666,-28.804,,-32.4685,1.6519,17.3944,,12.2087,-13.8419,12.6978,21.8951,20.1189,,2.8144,1.067,,41.4109,-38.367,-23.2863,,-9.0104,112.4553,20.6265,,9.1706,5.4879,9.485,21.5113,10.8666,,-4.0238,-11.5744,,2.6909,,
Pretax Margin,PRETAX_INC_TO_NET_SALES,,,,,,,,,,,,,,,,,,,,,,,,,,,,,,,,,,,,,,,,,,,,,,,,,,,,,,,,,,,,,,,,,,,,,,,20.9689,27.1314,18.0534,13.6323,20.0784,11.2546,13.5559,16.796,16.275,9.6959,13.9811,12.0428,12.747,13.023,11.9974,8.8382,8.4148,7.93,10.2877,6.4326,6.7637,7.0198,9.1933,7.8621,7.0373,7.5376,8.93,7.7569,6.7568,3.8723,2.4402,6.0828,2.2048,2.3679,-2.3365,9.0214,1.662,1.9505,3.0539,2.6446,2.6175,2.265,4.4767,6.4804,6.8862,2.0489,4.131,6.1859,3.3955,2.9116,-2.0961,-1.869,12.3663,2.5838,7.8746,6.7561,5.2926,4.7681,7.2841,7.3708,6.5434,5.0939,8.5429,7.9182,8.3788,6.6523,8.1351,8.5032,
Income before XO Margin,INC_BEF_XO_ITEMS_TO_NET_SALES,,,,,,,,,,,,,,,,,,,,,,,,,,,,,,,,,,,,,,,,,,,,,,,,,,,,,,,,,,,,,,,,,,,,,,,16.1897,20.1743,14.501,9.3718,16.1907,9.54,10.3872,14.2054,12.0609,6.609,11.1103,9.568,10.3539,10.2412,9.1053,6.5359,7.6697,6.0587,8.3337,4.9947,5.3014,5.2842,7.4703,5.7411,5.6726,6.3823,7.0463,5.8852,5.323,2.4609,1.8828,4.4651,1.7079,1.4743,-3.1006,7.2093,0.9454,1.4308,2.1511,2.1445,1.8533,1.2358,2.8033,4.0564,4.3889,1.3451,2.6955,3.8418,2.3299,1.9181,-2.6221,-2.3753,8.8513,2.5227,5.7336,5.611,3.6916,2.9478,5.5782,5.6843,5.0358,3.8885,6.6218,6.1648,6.4537,4.6562,6.3142,6.5164,
Net Income Margin,PROF_MARGIN,,,,,,,,,,,,,,,,,,,,,,,,,,,,,,,,,,,,,,,,,,,,,,,,,,,,,,,,,,,,,,,,,,,,,,,15.2842,19.0866,12.7775,8.7423,14.2743,9.271,10.4273,13.5128,11.5212,6.5542,10.1921,8.9721,9.5513,9.576,8.297,5.729,7.0476,5.6735,7.4485,4.3901,4.5195,4.7519,6.6666,5.2609,5.1172,5.9636,6.4748,5.42,4.6493,2.1054,1.4988,4.1208,1.2153,1.1696,-3.907,3.7065,0.2917,1.0242,1.1547,1.446,0.973,0.973,1.871,2.9963,3.4954,0.6749,1.7231,3.0219,1.4336,1.1952,-3.188,-3.2749,8.0563,1.7608,5.0226,3.927,3.2305,2.322,4.9911,5.1156,4.5555,3.7302,5.9557,5.5724,5.781,4.0466,5.6247,5.7879,
Net Income to Common Margin,NET_INCOME_TO_COMMON_MARGIN,,,,,,,,,,,,,,,,,,,,,,,,,,,,,,,,,,,,,,,,,,,,,,,,,,,,,,,,,,,,,,,,,,,,,,,15.2842,19.0866,12.7775,8.7423,14.2743,9.271,10.4273,13.5128,11.5212,6.5542,10.1921,8.9721,9.5513,9.576,8.297,5.729,7.0476,5.6735,7.4485,4.3901,4.5195,4.7519,6.6666,5.2609,5.1172,5.9636,6.4748,5.42,4.6493,2.1054,1.4988,4.1208,1.2153,1.1696,-3.907,3.7065,0.2917,1.0242,1.1547,1.446,0.973,0.973,1.871,2.9963,3.4954,0.6749,1.7231,3.0219,1.4336,1.1952,-3.188,-3.2749,8.0563,1.7608,5.0226,3.927,3.2305,2.322,4.9911,5.1156,4.5555,3.7302,5.9557,5.5724,5.781,4.0466,5.6247,5.7879,
,,#N/A Mandatory parameter [FIELDS] cannot be empty,,,,,,,,,,,,,,,,,,,,,,,,,,,,,,,,,,,,,,,,,,,,,,,,,,,,,,,,,,,,,,,,,,,,,,,,,,,,,,,,,,,,,,,,,,,,,,,,,,,,,,,,,,,,,,,,,,,,,,,,,,,,,,,,,,,,,,,,,,
Additional,,#N/A Mandatory parameter [FIELDS] cannot be empty,,,,,,,,,,,,,,,,,,,,,,,,,,,,,,,,,,,,,,,,,,,,,,,,,,,,,,,,,,,,,,,,,,,,,,,,,,,,,,,,,,,,,,,,,,,,,,,,,,,,,,,,,,,,,,,,,,,,,,,,,,,,,,,,,,,,,,,,,,
Effective Tax Rate,EFF_TAX_RATE,,,,,,,,,,,,,,,,,,,,,,,,,,,,,,,,,,,,,,,,,,,,,,,,,,,,,,,,,,,,,,,,,,,,,,,22.7916,25.6422,19.6772,31.2528,19.3628,15.2351,23.3754,15.4235,25.8933,31.8376,20.5335,20.5504,18.7735,21.3609,24.1057,26.0498,8.8547,23.5972,18.9933,22.3542,21.6194,24.7244,18.7424,26.9771,19.3917,15.3273,21.0945,24.1285,21.2198,36.4481,22.8403,26.5937,22.5358,37.7374,,20.0867,43.1183,26.6451,29.5628,18.9087,29.1967,45.4402,37.3811,37.4047,36.266,34.3498,34.7509,37.8954,31.3831,34.1206,,,28.4241,2.3633,27.1893,16.9491,30.2495,38.1765,23.4191,22.8815,23.0406,23.6625,22.487,22.1439,22.9753,30.006,22.3832,23.3656,
