CVX,Unnamed: 1,Unnamed: 2,Unnamed: 3,Unnamed: 4,Unnamed: 5,Unnamed: 6,Unnamed: 7,Unnamed: 8,Unnamed: 9,Unnamed: 10,Unnamed: 11,Unnamed: 12,Unnamed: 13,Unnamed: 14,Unnamed: 15,Unnamed: 16,Unnamed: 17,Unnamed: 18,Unnamed: 19,Unnamed: 20,Unnamed: 21,Unnamed: 22,Unnamed: 23,Unnamed: 24,Unnamed: 25,Unnamed: 26,Unnamed: 27,Unnamed: 28,Unnamed: 29,Unnamed: 30,Unnamed: 31,Unnamed: 32,Unnamed: 33,Unnamed: 34,Unnamed: 35,Unnamed: 36,Unnamed: 37,Unnamed: 38,Unnamed: 39,Unnamed: 40,Unnamed: 41,Unnamed: 42,Unnamed: 43,Unnamed: 44,Unnamed: 45,Unnamed: 46,Unnamed: 47,Unnamed: 48,Unnamed: 49,Unnamed: 50,Unnamed: 51,Unnamed: 52,Unnamed: 53,Unnamed: 54,Unnamed: 55,Unnamed: 56,Unnamed: 57,Unnamed: 58,Unnamed: 59,Unnamed: 60,Unnamed: 61,Unnamed: 62,Unnamed: 63,Unnamed: 64,Unnamed: 65,Unnamed: 66,Unnamed: 67,Unnamed: 68,Unnamed: 69,Unnamed: 70,Unnamed: 71,Unnamed: 72,Unnamed: 73,Unnamed: 74,Unnamed: 75,Unnamed: 76,Unnamed: 77,Unnamed: 78,Unnamed: 79,Unnamed: 80,Unnamed: 81
Chevron Corp (CVX US) - By Measure,,,,,,,,,,,,,,,,,,,,,,,,,,,,,,,,,,,,,,,,,,,,,,,,,,,,,,,,,,,,,,,,,,,,,,,,,,,,,,,,,
,,,,,,,,,,,,,,,,,,,,,,,,,,,,,,,,,,,,,,,,,,,,,,,,,,,,,,,,,,,,,,,,,,,,,,,,,,,,,,,,,
date,,Q3 2014,,Q4 2014,,Q1 2015,,Q2 2015,,Q3 2015,,Q4 2015,,Q1 2016,,Q2 2016,,Q3 2016,,Q4 2016,,Q1 2017,,Q2 2017,,Q3 2017,,Q4 2017,,Q1 2018,,Q2 2018,,Q3 2018,,Q4 2018,,Q1 2019,,Q2 2019,,Q3 2019,,Q4 2019,,Q1 2020,,Q2 2020,,Q3 2020,,Q4 2020,,Q1 2021,,Q2 2021,,Q3 2021,,Q4 2021,,Q1 2022,,Q2 2022,,Q3 2022,,Q4 2022,,Q1 2023,,Q2 2023,,Q3 2023,,Q4 2023,,Q1 2024,,Q2 2024,
date,,09/30/2014,,12/31/2014,,03/31/2015,,06/30/2015,,09/30/2015,,12/31/2015,,03/31/2016,,06/30/2016,,09/30/2016,,12/31/2016,,03/31/2017,,06/30/2017,,09/30/2017,,12/31/2017,,03/31/2018,,06/30/2018,,09/30/2018,,12/31/2018,,03/31/2019,,06/30/2019,,09/30/2019,,12/31/2019,,03/31/2020,,06/30/2020,,09/30/2020,,12/31/2020,,03/31/2021,,06/30/2021,,09/30/2021,,12/31/2021,,03/31/2022,,06/30/2022,,09/30/2022,,12/31/2022,,03/31/2023,,06/30/2023,,09/30/2023,,12/31/2023,,03/31/2024,,06/30/2024,
Revenue,,49706,1.0,40107,1.0,30438,1.0,34864,1.0,30967,1.0,26297,1.0,21418,1.0,26060,1.0,27410,1.0,28445,1.0,29847,1.0,30990,1.0,32025,1.0,34530,1.0,35968,1.0,40491,1.0,42105,1.0,40338,1.0,34189,1.0,36323,1.0,34779,1.0,34574,1.0,29705,1.0,15926,1.0,23997,1.0,24843,1.0,31076,1.0,36117,1.0,50204,1.0,45861,1.0,52314,1.0,65372,1.0,63508,1.0,54523,1.0,48842,1.0,47216,1.0,51922,1.0,48933,1.0,60402,1.0,49574,1.0
  Downstream,,46694,0.719044025932029,37329,0.721347272411061,27298,0.714719589464314,32085,0.738027326678014,28279,0.73543638822428,23967,0.728679578000061,17582,0.820898309832851,22271,0.854604758250192,23317,0.850674936154688,23633,0.830831429073651,24773,0.829999664957952,25861,0.834494998386576,26662,0.832537080405933,28615,0.828699681436432,28646,0.796430160142349,33115,0.81783606233484,33274,0.790262439140245,30562,0.757647875452427,25683,0.751206528415572,28328,0.779891528783416,27210,0.78236867074959,26691,0.771996297796032,21514,0.724255175896314,11236,0.705512997613965,18259,0.760886777513856,17074,0.687276093869501,21701,0.698320247136053,26559,0.735360079740842,31480,0.627041669986455,32692,0.71284969800048,38048,0.727300531406507,49485,0.756975463501193,45247,0.712461422183032,39528,0.724978449461695,36501,0.747328119241636,37035,0.784373941036937,41032,0.790262316551751,36470,0.745304804528641,38331,0.634598192112844,38995,0.786601847742768
    International,,26071,0.401469070974299,20766,0.401283116581963,14864,0.389171073990679,16978,0.390532272162672,14484,0.376677415999168,12431,0.377945334590009,9232,0.431039312727612,11328,0.434689178818112,12214,0.44560379423568,12572,0.441975742661276,12344,0.413575903775924,13485,0.4351403678606,13411,0.418766588602654,16442,0.476165653055314,15607,0.433913478647687,17866,0.441233854436788,18229,0.432941455884099,17261,0.427909167534335,14242,0.416566731989821,14515,0.399609063128046,14003,0.402628022657351,13805,0.399288482674842,11588,0.390102676317118,6333,0.397651638829587,10419,0.434179272409051,9304,0.374511934951495,11313,0.364042991375981,13148,0.364039095162943,15496,0.308660664488885,17004,0.370772551841434,19276,0.368467331880567,24961,0.381830141344918,22235,0.350113371543743,19541,0.358399207673826,18676,0.382375824085828,18866,0.399567943070146,20561,0.395997842918223,18161,0.37114013038236,18091,0.299509950001656,20099,0.405434300238028
    United States,,20623,0.31757495495773,16563,0.320064155829098,12434,0.325548515473635,15107,0.347495054515343,13795,0.358758972225112,11536,0.350734243410051,8350,0.389858997105239,10943,0.41991557943208,11080,0.404232032105071,11061,0.388855686412375,12429,0.416423761182028,12376,0.399354630525976,13251,0.413770491803279,12150,0.351867940920938,13039,0.362516681494662,15249,0.376602207898051,15045,0.357320983256145,13301,0.329738707918092,11441,0.334639796425751,13813,0.38028246565537,13207,0.37974064809224,12886,0.372707815121189,9926,0.334152499579195,4903,0.307861358784378,7840,0.326707505104805,7770,0.312764158918005,10388,0.334277255760072,13411,0.3713209845779,15984,0.31838100549757,15688,0.342077146159046,18772,0.35883319952594,24524,0.375145322156275,23012,0.36234805063929,19987,0.366579241787869,17825,0.364952295155809,18169,0.384805997966791,20471,0.394264473633527,18309,0.374164674146282,20240,0.335088242111188,18896,0.38116754750474
  Upstream,,17760,0.273487426661944,14023,0.270981081760034,10564,0.276587945750641,10941,0.251667663431016,9747,0.253484864246333,8575,0.260709616612447,3833,0.178961621066393,3756,0.144128933231005,4053,0.14786574242977,4768,0.167621726138161,4860,0.16283043521962,5081,0.163956114875766,5310,0.165807962529274,5859,0.169678540399652,7261,0.201873887900356,7318,0.180731520584821,8774,0.208383802398765,9716,0.240864693341266,8440,0.246863026119512,7935,0.218456625278749,7508,0.215877397279968,7824,0.22629721756233,8126,0.273556640296246,4657,0.292414919000377,5701,0.237571363087053,7827,0.315058567805821,9351,0.300907452696615,9533,0.26394772544785,18636,0.37120548163493,13133,0.286365321296963,14250,0.272393623121918,15849,0.242443247873707,18229,0.287034704289223,14965,0.274471324028392,12311,0.252057655296671,10145,0.214863605557438,10858,0.209121374369246,12428,0.253979931743404,21950,0.363398562961491,10546,0.21273248073587
    International,,12084,0.186082323411201,9499,0.183559102591354,7215,0.188904016337645,7408,0.170400699268528,6540,0.170082180380734,5916,0.179866832872214,3092,0.144364553179569,3099,0.118917881811205,3185,0.116198467712514,3886,0.136614519247671,3861,0.129359734646698,4144,0.133720555017748,4363,0.13623731459797,4841,0.140196930205618,5441,0.151273354092527,5459,0.13482008347534,6267,0.148842180263627,6976,0.17293866825326,6077,0.177747228640791,5873,0.161688186548468,5592,0.160786681618218,5751,0.166338867356973,6472,0.21787577848847,3533,0.22183850307673,4250,0.177105471517273,5547,0.223282212293201,6415,0.206429398893036,6755,0.187031038015339,11262,0.224324754999602,8636,0.188308148535793,9853,0.188343464464579,10092,0.154378021171144,12184,0.191849845688732,10212,0.187297103974469,8590,0.175873223864707,7457,0.157933751270756,7377,0.142078502368938,8510,0.173911266425521,10783,0.178520578788782,7149,0.144208657764151
    United States,,5676,0.087405103250743,4524,0.0874219791686796,3349,0.0876839294129968,3533,0.0812669641624879,3207,0.0834026838655987,2659,0.0808427837402329,741,0.0345970678868242,657,0.0252110514198005,868,0.0316672747172565,882,0.0310072068904904,999,0.0334707005729219,937,0.0302355598580187,947,0.0295706479313037,1018,0.0294816101940342,1820,0.0506005338078292,1859,0.0459114371094811,2507,0.0595416221351383,2740,0.0679260250880064,2363,0.0691157974787212,2062,0.0567684387302811,1916,0.0550907156617499,2073,0.0599583502053566,1654,0.0556808618077765,1124,0.0705764159236469,1451,0.0604658915697796,2280,0.0917763555126192,2936,0.0944780538035783,2778,0.076916687432511,7374,0.146880726635328,4497,0.0980571727611696,4397,0.0840501586573384,5757,0.0880652267025638,6045,0.0951848586004913,4753,0.0871742200539222,3721,0.0761844314319643,2688,0.0569298542866825,3481,0.0670428720003082,3918,0.0800686653178836,11167,0.18487798417271,3397,0.0685238229717191
  All Other,,485,0.00746854740602719,397,0.00767164582890491,332,0.00869246478504477,448,0.0103050098909693,426,0.0110787475293873,349,0.010610805387492,3,0.000140069100756373,33,0.00126630851880276,40,0.00145932141554177,44,0.00154684478818773,214,0.00716989982242771,48,0.00154888673765731,53,0.00165495706479313,56,0.00162177816391544,61,0.00169595195729537,58,0.00143241708033884,57,0.00135375846099038,60,0.00148743120630671,66,0.00193044546491562,60,0.00165184593783553,61,0.00175393197044193,59,0.00170648464163823,65,0.00218818380743982,33,0.00207208338565867,37,0.00154185939909155,-58,-0.00233466167532102,24,0.000772300167331703,25,0.000692194811307694,88,0.00175284837861525,36,0.000784980702557729,16,0.000305845471575486,38,0.000581288625099431,32,0.000503873527744536,30,0.000550226509913248,30,0.000614225461692805,36,0.000762453405625212,32,0.00061630907900312,35,0.00071526372795455,121,0.00200324492566471,33,0.000665671521362004
    United States,,474,0.00729915767104513,378,0.00730448897563238,325,0.00850918992511913,438,0.0100749873487602,413,0.0107406636845938,337,0.0102459639415038,3,0.000140069100756373,32,0.0012279355333845,40,0.00145932141554177,44,0.00154684478818773,214,0.00716989982242771,47,0.00151661826395611,53,0.00165495706479313,56,0.00162177816391544,61,0.00169595195729537,58,0.00143241708033884,57,0.00135375846099038,60,0.00148743120630671,66,0.00193044546491562,60,0.00165184593783553,61,0.00175393197044193,59,0.00170648464163823,65,0.00218818380743982,33,0.00207208338565867,37,0.00154185939909155,-58,-0.00233466167532102,24,0.000772300167331703,25,0.000692194811307694,87,0.00173292964704008,36,0.000784980702557729,16,0.000305845471575486,38,0.000581288625099431,31,0.000488127480002519,30,0.000550226509913248,29,0.000593751279636379,37,0.000783632666892579,32,0.00061630907900312,35,0.00071526372795455,120,0.0019866891824774,33,0.000665671521362004
    International,,11,0.00016938973498206,19,0.000367156853272527,7,0.000183274859925643,10,0.000230022542209137,13,0.000338083844793509,12,0.000364841445988264,0,,1,3.83729854182655e-05,0,,0,,0,,1,3.22684737011939e-05,0,,0,,0,,0,,0,,0,,0,,0,,0,,0,,0,,0,,0,,0,,0,,0,,1,1.99187315751733e-05,0,,0,,0,,1,1.57460477420168e-05,0,,1,2.04741820564268e-05,-1,-2.1179261267367e-05,0,,0,,1,1.65557431873117e-05,0,
  Reconciliation,,-15233,,-11642,,-7756,,-8610,,-7485,,-6594,,—,,—,,—,,—,,—,,—,,—,,—,,—,,—,,—,,—,,—,,—,,—,,—,,—,,—,,—,,—,,—,,—,,—,,—,,—,,—,,—,,—,,—,,—,,—,,—,,—,,—,
Intersegment Revenue,,13117,1.0,9623,1.0,5879,1.0,6645,1.0,5685,1.0,4877,1.0,3755,1.0,4562,1.0,5278,1.0,5220,1.0,5482,1.0,5419,1.0,5560,1.0,6370,1.0,6472,1.0,7466,1.0,10234,1.0,8154,1.0,8181,1.0,8413,1.0,8159,1.0,8623,1.0,7345,1.0,3159,1.0,4288,1.0,4402,1.0,5965,1.0,7159,1.0,7652,1.0,9573,1.0,11965,1.0,14542,1.0,11828,1.0,15804,1.0,10581,1.0,11192,1.0,12916,1.0,14540,1.0,13822,1.0,14200,1.0
  Upstream,,10444,0.796218647556606,7567,0.786345214590045,5103,0.868004762714747,5834,0.877953348382242,4939,0.868777484608619,4247,0.870822226778758,3260,0.868175765645806,4088,0.896098202542744,4721,0.894467601364153,4666,0.893869731800766,4961,0.904961692812842,4906,0.905333087285477,5126,0.921942446043165,5819,0.913500784929356,5972,0.92274412855377,6606,0.88481114385213,8322,0.813171780340043,6744,0.827078734363503,6811,0.832538809436499,6969,0.828360870082016,6701,0.821301630101728,6798,0.788356720398933,5353,0.728795098706603,2441,0.772712883823995,3577,0.834188432835821,3699,0.840299863698319,5230,0.876781223805532,6017,0.840480514038273,6661,0.870491374803973,8240,0.860754204533584,10568,0.883242791475136,12613,0.867349745564572,10240,0.865742306391613,13059,0.826309794988611,8508,0.804082789906436,8486,0.758220157255182,10053,0.778336946423041,11131,0.765543328748281,10514,0.760671393430763,10962,0.771971830985915
    United States,,4127,0.314629869634825,3136,0.325885898368492,2111,0.359074672563361,2553,0.384198645598194,2165,0.380826737027265,1802,0.369489440229649,1331,0.354460719041278,1810,0.396755808855765,1979,0.374952633573323,2097,0.401724137931035,2241,0.408792411528639,2198,0.405609891123824,2298,0.413309352517986,2604,0.408791208791209,2757,0.425988875154512,3185,0.426600589338334,4277,0.417920656634747,3746,0.459406426293844,3519,0.43014301430143,3865,0.459408058956377,3686,0.45177105037382,3874,0.449263597355909,2812,0.38284547311096,1420,0.449509338398227,1916,0.446828358208955,1920,0.436165379373012,2855,0.478625314333613,3256,0.454812124598408,3520,0.460010454783063,5523,0.576935130053275,6919,0.578269954032595,8475,0.582794663732637,7138,0.603483260060872,7338,0.464312832194381,5902,0.557792269161705,6067,0.542083631165118,6797,0.52624651594921,7541,0.518638239339752,7589,0.549052235566488,7890,0.555633802816901
    International,,6317,0.481588777921781,4431,0.460459316221553,2992,0.508930090151386,3281,0.493754702784048,2774,0.487950747581354,2445,0.501332786549108,1929,0.513715046604527,2278,0.499342393686979,2742,0.51951496779083,2569,0.492145593869732,2720,0.496169281284203,2708,0.499723196161653,2828,0.50863309352518,3215,0.504709576138148,3215,0.496755253399258,3421,0.458210554513796,4045,0.395251123705296,2998,0.367672308069659,3292,0.402395795135069,3104,0.368952811125639,3015,0.369530579727908,2924,0.339093123043024,2541,0.345949625595643,1021,0.323203545425768,1661,0.387360074626866,1779,0.404134484325307,2375,0.398155909471919,2761,0.385668389439866,3141,0.41048092002091,2717,0.283819074480309,3649,0.304972837442541,4138,0.284555081831935,3102,0.262259046330741,5721,0.361996962794229,2606,0.246290520744731,2419,0.216136526090064,3256,0.252090430473831,3590,0.246905089408528,2925,0.211619157864274,3072,0.216338028169014
  Downstream,,2258,0.172143020507738,1706,0.177283591395615,480,0.0816465385269604,396,0.0595936794582393,366,0.0643799472295515,312,0.0639737543571868,267,0.0711051930758988,200,0.0438404208680403,307,0.0581659719590754,310,0.0593869731800766,333,0.0607442539219263,275,0.0507473703635357,221,0.0397482014388489,351,0.0551020408163265,331,0.0511433868974042,643,0.0861237610500937,1699,0.166015243306625,1201,0.14728967377974,1212,0.148148148148148,1228,0.145964578628313,1244,0.152469665400172,1329,0.154122695117708,1845,0.251191286589517,518,0.16397594175372,537,0.125233208955224,542,0.123125851885507,735,0.123218776194468,957,0.133677887973181,942,0.123105070569786,1183,0.12357672620913,1330,0.111157542833264,1825,0.125498555907028,1482,0.12529590801488,2620,0.165780814983548,1994,0.18845099707022,2586,0.231057898498928,2745,0.212527098172809,3262,0.224346629986245,3214,0.232527854145565,3118,0.219577464788732
    United States,,6,0.000457421666539605,13,0.0013509300633898,6,0.001020581731587,8,0.00120391271632807,6,0.00105540897097625,6,0.00123026450686898,4,0.00106524633821571,4,0.000876808417360807,4,0.000757862826828344,4,0.000766283524904215,3,0.000547245530828165,3,0.000553607676693117,5,0.000899280575539568,3,0.000470957613814757,3,0.000463535228677379,441,0.0590677739083847,1360,0.132890365448505,938,0.115035565366691,947,0.115756020046449,1042,0.123855937239986,1017,0.124647628385832,918,0.106459468862345,1260,0.171545268890402,332,0.105096549540994,307,0.0715951492537313,251,0.0570195365742844,466,0.0781223805532272,500,0.0698421567257997,558,0.0729221118661788,772,0.0806434764441659,999,0.0834935227747597,1343,0.0923531838811718,1051,0.0888569496110923,2136,0.135155656795748,1565,0.147906625082695,2086,0.18638313080772,2278,0.176370393310622,2864,0.19697386519945,2707,0.195847200115757,2586,0.182112676056338
    International,,2252,0.171685598841198,1693,0.175932661332225,474,0.0806259567953734,388,0.0583897667419112,360,0.0633245382585752,306,0.0627434898503178,263,0.0700399467376831,196,0.0429636124506795,303,0.0574081091322471,306,0.0586206896551724,330,0.0601970083910981,272,0.0501937626868426,216,0.0388489208633093,348,0.0546310832025118,328,0.0506798516687268,202,0.0270559871417091,339,0.03312487785812,263,0.0322541084130488,265,0.0323921281016991,186,0.0221086413883276,227,0.02782203701434,411,0.0476632262553636,585,0.079646017699115,186,0.0588793922127256,230,0.0536380597014925,291,0.0661063153112222,269,0.0450963956412406,457,0.0638357312473809,384,0.0501829587036069,411,0.042933249764964,331,0.027664020058504,482,0.0331453720258561,431,0.0364389584037876,484,0.0306251581878006,429,0.0405443719875248,500,0.044674767691208,467,0.0361567048621864,398,0.027372764786795,507,0.0366806540298076,532,0.0374647887323944
  All Other,,415,0.031638331935656,350,0.0363711940143406,296,0.0503486987582922,415,0.0624529721595184,380,0.0668425681618294,318,0.0652040188640558,228,0.0607190412782956,274,0.0600613765892153,250,0.0473664266767715,244,0.0467432950191571,188,0.0342940532652317,238,0.0439195423509873,213,0.0383093525179856,200,0.0313971742543171,169,0.0261124845488257,217,0.0290650950977766,213,0.020812976353332,209,0.0256315918567574,158,0.0193130424153526,216,0.0256745512896707,214,0.0262287044981003,496,0.0575205844833585,147,0.0200136147038802,200,0.0633111744222855,174,0.0405783582089552,161,0.0365742844161745,0,,185,0.0258415979885459,49,0.00640355462624151,150,0.0156690692572861,67,0.0055996656916005,104,0.00715169852840049,106,0.00896178559350693,125,0.00790939002784105,79,0.00746621302334373,120,0.0107219442458899,118,0.00913595540414989,147,0.0101100412654746,94,0.00680075242367241,120,0.00845070422535211
    United States,,404,0.0307997255470001,345,0.0358516055284215,290,0.0493281170267052,407,0.0612490594431904,368,0.0647317502198769,307,0.062948533934796,220,0.0585885486018642,264,0.0578693555458132,240,0.0454717696097006,236,0.0452107279693487,183,0.0333819773805181,231,0.04262779110537,207,0.0372302158273381,193,0.030298273155416,166,0.0256489493201483,210,0.0281275113849451,207,0.0202266953292945,203,0.0248957566838362,156,0.0190685735240191,211,0.0250802329727802,209,0.0256158842995465,488,0.0565928331207236,145,0.0197413206262764,194,0.061411839189617,171,0.0398787313432836,157,0.0356656065424807,0,,185,0.0258415979885459,48,0.00627286983795086,149,0.0155646087955709,67,0.0055996656916005,103,0.00708293219639664,106,0.00896178559350693,124,0.00784611490761832,79,0.00746621302334373,119,0.0106325947105075,117,0.00905853205326726,147,0.0101100412654746,93,0.00672840399363334,120,0.00845070422535211
    International,,11,0.000838606388655943,5,0.000519588485919152,6,0.001020581731587,8,0.00120391271632807,12,0.00211081794195251,11,0.00225548492925979,8,0.00213049267643142,10,0.00219202104340202,10,0.00189465706707086,8,0.00153256704980843,5,0.000912075884713608,7,0.00129175124561727,6,0.00107913669064748,7,0.0010989010989011,3,0.000463535228677379,7,0.000937583712831503,6,0.000586281024037522,6,0.000735835172921266,2,0.000244468891333578,5,0.000594318316890527,5,0.000612820198553744,8,0.000927751362634814,2,0.000272294077603812,6,0.00189933523266857,3,0.000699626865671642,4,0.000908677873693776,0,,0,,1,0.000130684788290643,1,0.000104460461715241,0,,1,6.87663320038509e-05,0,,1,6.32751202227284e-05,0,,1,8.9349535382416e-05,1,7.74233508826262e-05,0,,1,7.23484300390682e-05,0,
Revenue Including Intersegment Revenue,,64939,1.0,51749,1.0,38194,1.0,43474,1.0,38452,1.0,32891,1.0,26825,1.0,32406,1.0,34437,1.0,35362,1.0,37006,1.0,38296,1.0,39452,1.0,42751,1.0,42440,1.0,47957,1.0,52339,1.0,48492,1.0,42370,1.0,44736,1.0,42938,1.0,43197,1.0,37050,1.0,19085,1.0,28285,1.0,29245,1.0,37041,1.0,43276,1.0,50204,1.0,55434,1.0,64279,1.0,79914,1.0,75336,1.0,70327,1.0,59423,1.0,58408,1.0,64838,1.0,63473,1.0,60402,1.0,63774,1.0
  Downstream,,46694,0.719044025932029,37329,0.721347272411061,27298,0.714719589464314,32085,0.738027326678014,28279,0.73543638822428,23967,0.728679578000061,19475,0.726001863932898,24255,0.74847250509165,25373,0.736794726602201,25640,0.725072111305922,26945,0.728125168891531,28023,0.731747440986004,28750,0.72873365101896,30817,0.720848635119646,28977,0.682775683317625,33758,0.70392226369456,34973,0.668201532318157,31763,0.655015260249113,26895,0.634765164031154,29556,0.660675965665236,28454,0.662676417159626,30010,0.69472417066,23359,0.630472334682861,11754,0.615876342677495,18796,0.664521831359378,17616,0.602359377671397,22436,0.605707189330742,27516,0.635825861909603,31480,0.627041669986455,34055,0.61433416314897,39378,0.612610650445713,51310,0.64206522011162,46729,0.620274503557396,41227,0.586218664239908,38495,0.647813136327685,39621,0.678348856321052,43777,0.675175051667232,39732,0.625966946575709,38331,0.634598192112844,42113,0.660347477028256
    United States,,20623,0.31757495495773,16563,0.320064155829098,12434,0.325548515473635,15107,0.347495054515343,13795,0.358758972225112,11536,0.350734243410051,9167,0.341733457595527,11716,0.361537986792569,11958,0.347242791183901,11876,0.335840732990215,12432,0.335945522347727,13322,0.347869229162315,13452,0.340971306904593,13934,0.325933896283128,13042,0.307304429783223,15690,0.327168088078904,16405,0.313437398498252,14239,0.293636063680607,12388,0.29237668161435,14855,0.332059191702432,14224,0.331268340397783,16586,0.383961849202491,11186,0.30191632928475,5235,0.274299187843856,8147,0.288032526073891,8021,0.274269105830056,10854,0.293026646148862,13911,0.321448377853776,15984,0.31838100549757,16460,0.296929682144532,19771,0.30758101401702,25867,0.323685461871512,24063,0.319409047467346,20871,0.296770799266285,19390,0.326304629520556,20255,0.346784687029174,22749,0.35085906412906,21173,0.333574905865486,20240,0.335088242111188,21482,0.33684573650704
    International,,26071,0.401469070974299,20766,0.401283116581963,14864,0.389171073990679,16978,0.390532272162672,14484,0.376677415999168,12431,0.377945334590009,10308,0.384268406337372,12539,0.38693451829908,13415,0.3895519354183,13764,0.389231378315706,14513,0.392179646543804,14701,0.383878211823689,15298,0.387762344114367,16883,0.394914738836518,15935,0.375471253534402,18068,0.376754175615656,18568,0.354764133819905,17524,0.361379196568506,14507,0.342388482416804,14701,0.328616773962804,14230,0.331408076761843,13424,0.310762321457509,12173,0.328556005398111,6519,0.341577154833639,10649,0.376489305285487,9595,0.32809027184134,11582,0.31268054318188,13605,0.314377484055828,15496,0.308660664488885,17595,0.317404481004438,19607,0.305029636428694,25443,0.318379758240108,22666,0.30086545609005,20356,0.289447864973623,19105,0.321508506807129,19366,0.331564169291878,21028,0.324315987538172,18559,0.292392040710223,18091,0.299509950001656,20631,0.323501740521215
  Upstream,,17760,0.273487426661944,14023,0.270981081760034,10564,0.276587945750641,10941,0.251667663431016,9747,0.253484864246333,8575,0.260709616612447,7093,0.264417520969245,7844,0.242053940628279,8774,0.254784098498708,9434,0.266783552966461,9821,0.265389396314111,9987,0.260784416127011,10436,0.264523978505526,11678,0.273163200860799,13233,0.311804901036758,13924,0.290343432658423,17096,0.326639790595923,16460,0.339437432978636,15251,0.3599480764692,14904,0.333154506437768,14209,0.330918999487633,12968,0.300206032826354,13479,0.363805668016194,7098,0.371915116583704,9278,0.328018384302634,11526,0.394118652761156,14581,0.39364487999784,15550,0.359321563915334,18636,0.37120548163493,21193,0.382310495363856,24818,0.386098103579707,28462,0.356157869709938,28469,0.377893702877774,28878,0.410624653404809,20819,0.350352557090689,18631,0.318980276674428,20911,0.322511490175514,23559,0.37116569249917297,21950,0.363398562961491,21508,0.337253426161132
    United States,,5676,0.087405103250743,4524,0.0874219791686796,3349,0.0876839294129968,3533,0.0812669641624879,3207,0.0834026838655987,2659,0.0808427837402329,2072,0.0772413793103448,2467,0.0761278775535395,2847,0.0826727066817667,2979,0.0842429726825406,3240,0.0875533697238286,3135,0.0818623354919574,3245,0.0822518503497922,3622,0.0847231643704241,4577,0.107846371347785,5044,0.105177554892925,6784,0.129616538336613,6486,0.133754021281861,5882,0.138824640075525,5927,0.132488376251788,5602,0.13046718524384,5947,0.137671597564646,4466,0.120539811066127,2544,0.133298401886298,3367,0.119038359554534,4200,0.143614293041546,5791,0.15634027159094,6034,0.139430631296793,7374,0.146880726635328,10020,0.180755493018725,11316,0.176045053594487,14232,0.17809144830693,13183,0.174989380906871,12091,0.171925434043824,9623,0.161940662706359,8755,0.149893850157513,10278,0.158518152935007,11459,0.180533455169915,11167,0.18487798417271,11287,0.176984350989431
    International,,12084,0.186082323411201,9499,0.183559102591354,7215,0.188904016337645,7408,0.170400699268528,6540,0.170082180380734,5916,0.179866832872214,5021,0.1871761416589,5377,0.165926063074739,5927,0.172111391816941,6455,0.182540580283921,6581,0.177836026590283,6852,0.178922080635053,7191,0.182272128155734,8056,0.188440036490374,8656,0.203958529688973,8880,0.185165877765498,10312,0.19702325225931,9974,0.205683411696775,9369,0.221123436393675,8977,0.20066613018598,8607,0.200451814243793,7021,0.162534435261708,9013,0.243265856950067,4554,0.238616714697406,5911,0.2089800247481,7326,0.25050435971961,8790,0.2373046084069,9516,0.219890932618541,11262,0.224324754999602,11173,0.201555002345131,13502,0.210053049985221,14230,0.178066421403008,15286,0.202904321970904,16787,0.238699219360985,11196,0.188411894384329,9876,0.169086426516916,10633,0.163993337240507,12100,0.190632237329258,10783,0.178520578788782,10221,0.1602690751717
  All Other,,485,0.00746854740602719,397,0.00767164582890491,332,0.00869246478504477,448,0.0103050098909693,426,0.0110787475293873,349,0.010610805387492,257,0.00958061509785648,307,0.00947355428007159,290,0.00842117489909109,288,0.00814433572761722,240,0.00648543479435767,286,0.00746814288698559,266,0.00674237047551455,256,0.0059881640195551,230,0.00541941564561734,275,0.00573430364701712,270,0.00515867708592063,269,0.00554730677225109,224,0.00528675949964598,276,0.00616952789699571,275,0.00640458335274116,219,0.00506979651364678,212,0.00572199730094467,233,0.0122085407388001,211,0.00745978433798833,103,0.00352196956744743,24,0.000647930671418158,210,0.00485257417506239,88,0.00175284837861525,186,0.00335534148717394,83,0.00129124597457957,142,0.00177691017844182,138,0.00183179356482956,222,0.00315668235528318,109,0.00183430658162664,156,0.00267086700451993,150,0.00231345815725346,182,0.00286736092511777,121,0.00200324492566471,153,0.00239909681061248
    United States,,474,0.00729915767104513,378,0.00730448897563238,325,0.00850918992511913,438,0.0100749873487602,413,0.0107406636845938,337,0.0102459639415038,249,0.00928238583410997,296,0.00913411096710486,280,0.00813078955774313,280,0.00791810417962785,235,0.00635032156947522,278,0.00725924378525172,260,0.00659028693095407,249,0.00582442515964539,227,0.00534872761545712,268,0.00558833955418396,264,0.00504403981734462,263,0.00542357502268415,222,0.00523955628982771,271,0.00605776108726752,270,0.00628813638269132,214,0.0049540477347964,210,0.00566801619433198,227,0.0118941577154834,208,0.00735372105356196,99,0.003385194050265,24,0.000647930671418158,210,0.00485257417506239,87,0.00173292964704008,185,0.00333730201681279,83,0.00129124597457957,141,0.00176439672648097,137,0.00181851969841776,221,0.00314246306539451,108,0.00181747808087777,156,0.00267086700451993,149,0.00229803510287177,182,0.00286736092511777,120,0.0019866891824774,153,0.00239909681061248
    International,,11,0.00016938973498206,19,0.000367156853272527,7,0.000183274859925643,10,0.000230022542209137,13,0.000338083844793509,12,0.000364841445988264,8,0.000298229263746505,11,0.000339443312966734,10,0.000290385341347969,8,0.000226231547989367,5,0.000135113224882451,8,0.000208899101733863,6,0.000152083544560479,7,0.00016373885990971,3,7.06880301602262e-05,7,0.000145964092833163,6,0.000114637268576014,6,0.000123731749566939,2,4.72032098182676e-05,5,0.000111766809728183,5,0.000116446970049839,5,0.000115748778850383,2,5.39811066126856e-05,6,0.000314383023316741,3,0.000106063284426374,4,0.000136775517182424,0,,0,,1,1.99187315751733e-05,1,1.80394703611502e-05,0,,1,1.25134519608579e-05,1,1.32738664118084e-05,1,1.4219289888663e-05,1,1.68285007488683e-05,0,,1,1.54230543816897e-05,0,,1,1.65557431873117e-05,0,
Net Income,,5593,1.0,3471,1.0,2567,1.0,571,1.0,2037,1.0,-588,,-725,,-1470,,1283,1.0,415,1.0,2682,1.0,1450,1.0,1952,1.0,3111,1.0,3638,1.0,3409,1.0,4047,1.0,3730,1.0,2649,1.0,4305,1.0,2580,1.0,-6610,,3599,1.0,-8270,,-207,,-665,,1377,1.0,3082,1.0,6111,1.0,5055,1.0,6259,1.0,11622,1.0,11231,1.0,6353,1.0,6574,1.0,6010,1.0,6526,1.0,2259,1.0,5501,1.0,4434,1.0
  Upstream,,4649,0.831217593420347,2673,0.77009507346586,1560,0.607713283989092,-2219,-3.8861646234676,59,0.0289641629847815,-1361,2.31462585034014,-1459,2.01241379310345,-2462,1.67482993197279,454,0.35385814497272,930,2.24096385542169,1517,0.565622669649515,853,0.588275862068966,489,0.250512295081967,5291,1.70073931211829,3352,0.921385376580539,3295,0.966559108242886,3379,0.83493946132938,3290,0.882037533512064,3123,1.17893544733862,3483,0.809059233449477,2704,1.04806201550388,-6734,1.01875945537065,2920,0.81133648235621,-6089,0.73627569528416,235,-1.13526570048309,501,-0.753383458646616,2350,1.70660856935367,3178,1.03114860480208,5135,0.840288005236459,5155,1.01978239366963,6934,1.10784470362678,8558,0.736362071932542,9307,0.828688451607159,5485,0.86337163544782,5161,0.785062366899909,4936,0.821297836938436,5755,0.881857186638063,1586,0.702080566622399,5239,0.952372295946192,4470,1.00811907983762
    International,,3720,0.665117110674057,2241,0.645635263612792,2020,0.786910790806389,-1181,-2.06830122591944,662,0.324987727049583,593,-1.00850340136054,-609,0.84,-1349,0.917687074829932,666,0.519095869056898,809,1.94939759036145,1437,0.53579418344519,955,0.658620689655172,515,0.263831967213115,1603,0.515268402442944,2704,0.74326553051127,2457,0.720739219712526,2551,0.630343464294539,2326,0.623592493297587,2375,0.896564741411854,2587,0.600929152148664,1977,0.766279069767442,731,-0.110590015128593,2679,0.744373437065852,-4023,0.48645707376058,119,-0.57487922705314,400,-0.601503759398496,1409,1.02323892519971,1732,0.561972744970798,3173,0.519227622320406,2185,0.432245301681503,3696,0.590509666080844,5191,0.446652899673034,5909,0.526133024663877,2867,0.451282858492051,3380,0.51414663827198,3296,0.548419301164725,3681,0.564051486362243,2933,1.29836210712705,3164,0.575168151245228,2309,0.520748759585025
    United States,,929,0.16610048274629,432,0.124459809853068,-460,-0.179197506817296,-1038,-1.81786339754816,-603,-0.296023564064801,-1954,3.32312925170068,-850,1.17241379310345,-1113,0.757142857142857,-212,-0.165237724084178,121,0.291566265060241,80,0.0298284862043251,-102,-0.0703448275862069,-26,-0.0133196721311475,3688,1.18547090967535,648,0.178119846069269,838,0.245819888530361,828,0.204595997034841,964,0.258445040214477,748,0.282370705926765,896,0.208130081300813,727,0.281782945736434,-7465,1.12934947049924,241,0.0669630452903584,-2066,0.249818621523579,116,-0.560386473429952,101,-0.15187969924812,941,0.683369644153958,1446,0.469175859831278,1962,0.321060382916053,2970,0.587537091988131,3238,0.517335037545934,3367,0.289709172259508,3398,0.302555426943282,2618,0.412088776955769,1781,0.270915728627928,1640,0.27287853577371,2074,0.31780570027582,-1347,-0.596281540504648,2075,0.377204144700963,2161,0.487370320252594
  Downstream,,1387,0.247988557124978,1518,0.43733794295592,1423,0.554343591741332,2956,5.1768826619965,2211,1.08541973490427,1011,-1.71938775510204,735,-1.01379310344828,1278,-0.869387755102041,1065,0.830085736554949,357,0.860240963855422,926,0.345264727815063,1195,0.824137931034483,1814,0.929303278688525,1279,0.411121825779492,728,0.200109950522265,838,0.245819888530361,1373,0.339263652087966,859,0.23029490616622,252,0.0951302378255946,729,0.169337979094077,828,0.32093023255814,672,-0.101664145234493,1103,0.306474020561267,-1010,0.122128174123337,292,-1.41062801932367,-338,0.508270676691729,5,0.00363108206245461,839,0.272225827384815,1310,0.214367533955163,760,0.150346191889219,331,0.0528838472599457,3523,0.303131991051454,2530,0.225269343780607,1771,0.278765937352432,1800,0.273805902038333,1507,0.250748752079867,1683,0.257891510879559,1147,0.507746790615316,783,0.142337756771496,597,0.134641407307172
    International,,578,0.103343465045593,629,0.181215787957361,717,0.279314374756525,2225,3.89667250437828,962,0.472263132056946,515,-0.875850340136055,488,-0.673103448275862,741,-0.504081632653061,542,0.42244738893219,357,0.860240963855422,457,0.170395227442207,561,0.386896551724138,1174,0.601434426229508,84,0.0270009643201543,286,0.0786146234194612,181,0.0530947491933118,625,0.154435384235236,603,0.161662198391421,35,0.0132125330313326,264,0.0613240418118467,439,0.17015503875969,184,-0.0278366111951589,653,0.181439288691303,-22,0.0026602176541717,151,-0.729468599033817,-164,0.246616541353383,135,0.0980392156862745,63,0.0204412719013628,227,0.0371461299296351,100,0.019782393669634,-155,-0.0247643393513341,1083,0.0931853381517811,1242,0.110586768765025,591,0.0930269164174406,823,0.125190142987527,426,0.0708818635607321,307,0.0470425988354275,677,0.299690128375387,330,0.0599890928922014,317,0.0714930085701398
    United States,,809,0.144645092079385,889,0.25612215499856,706,0.275029216984807,731,1.28021015761821,1249,0.613156602847325,496,-0.843537414965986,247,-0.340689655172414,537,-0.36530612244898,523,0.407638347622759,0,,469,0.174869500372856,634,0.437241379310345,640,0.327868852459016,1195,0.384120861459338,442,0.121495327102804,657,0.192725139337049,748,0.18482826785273,256,0.0686327077747989,217,0.081917704794262,465,0.10801393728223,389,0.15077519379845,488,-0.0738275340393343,450,0.125034731869964,-988,0.119467956469166,141,-0.681159420289855,-174,0.261654135338346,-130,-0.0944081336238199,776,0.251784555483452,1083,0.177221404025528,660,0.130563798219585,486,0.0776481866112798,2440,0.209946652899673,1288,0.114682575015582,1180,0.185739020934991,977,0.148615759050806,1081,0.179866888519135,1376,0.210848912044131,470,0.208056662239929,453,0.0823486638792947,280,0.063148398737032
  All Other,,-443,-0.0792061505453245,-720,-0.20743301642178,-416,-0.162056875730425,-166,-0.290718038528897,-233,-0.114383897889053,-238,0.404761904761905,-1,0.00137931034482759,-286,0.194557823129252,-236,-0.18394388152767,-872,-2.10120481927711,239,0.0891126025354213,-598,-0.412413793103448,-351,-0.179815573770492,-3459,-1.11186113789778,-442,-0.121495327102804,-724,-0.212378996773247,-705,-0.174203113417346,-419,-0.112332439678284,-726,-0.274065685164213,93,0.021602787456446,-952,-0.368992248062016,-548,0.0829046898638427,-424,-0.117810502917477,-1171,0.141596130592503,-734,3.54589371980676,-828,1.24511278195489,-978,-0.710239651416122,-935,-0.303374432186892,-334,-0.0546555391916217,-860,-0.170128585558853,-1006,-0.160728550886723,-459,-0.0394940629839959,-606,-0.053957795387766,-903,-0.142137572800252,-387,-0.0588682689382416,-433,-0.0720465890183028,-912,-0.139748697517622,-474,-0.209827357237716,-521,-0.0947100527176877,-633,-0.14276048714479
Adjusted Net Income,,—,,—,,—,,—,,—,,—,,-211,,661,1.0,921,1.0,389,1.0,2323,1.0,1717,1.0,1609,1.0,1377,1.0,3629,1.0,3414,1.0,4700,1.0,3732,1.0,2786,1.0,3370,1.0,2900,1.0,2796,1.0,2400,1.0,-3000,,201,1.0,-11,,1730,1.0,3274,1.0,5687,1.0,4917,1.0,6543,1.0,11365,1.0,10784,1.0,7850,1.0,6744,1.0,6010,1.0,5721,1.0,6453,1.0,5416,1.0,4677,1.0
  Upstream,,—,,—,,—,,—,,—,,—,,-1076,5.09952606635071,109,0.164901664145234,79,0.0857763300760043,924,2.37532133676093,1191,0.512699095996556,1057,0.615608619685498,873,0.542573026724674,1975,1.43427741466957,3352,0.923670432626068,3348,0.98066783831283,4351,0.925744680851064,3310,0.886923901393355,3291,1.18126346015793,3281,0.973590504451039,2655,0.91551724137931,2642,0.944921316165951,1772,0.738333333333333,-1327,0.442333333333333,472,2.34825870646766,905,-82.2727272727273,2402,1.38843930635838,3220,0.983506414172266,4650,0.817654299279058,4644,0.944478340451495,7078,1.08176677365123,8355,0.735151781786186,8867,0.822236646884273,6643,0.846242038216561,5347,0.79285290628707,4936,0.821297836938436,4611,0.805977975878343,5463,0.846582984658298,5217,0.963257016248154,4707,1.00641436818473
    International,,—,,—,,—,,—,,—,,—,,—,,—,,—,,—,,—,,—,,—,,—,,—,,—,,—,,—,,—,,—,,—,,—,,—,,—,,—,,—,,1461,0.844508670520231,1654,0.50519242516799,2888,0.507824863724283,2194,0.446207036811064,3840,0.586886749197616,4388,0.386097668279806,5469,0.507140207715134,4025,0.512738853503185,3566,0.528766310794781,3296,0.548419301164725,2537,0.443453941618598,3095,0.479621881295521,3142,0.5801329394387,2546,0.544366046611075
    United States,,—,,—,,—,,—,,—,,—,,—,,—,,—,,—,,—,,—,,—,,—,,—,,—,,—,,—,,—,,—,,—,,—,,—,,—,,—,,—,,941,0.54393063583815,1566,0.478313989004276,1762,0.309829435554774,2450,0.498271303640431,3238,0.494880024453615,3967,0.349054113506379,3398,0.315096439169139,2618,0.333503184713376,1781,0.264086595492289,1640,0.27287853577371,2074,0.362524034259745,2368,0.366961103362777,2075,0.383124076809453,2161,0.462048321573658
  Downstream,,—,,—,,—,,—,,—,,—,,893,-4.23222748815166,814,1.23146747352496,1069,1.16069489685125,304,0.781491002570694,972,0.418424451140766,1192,0.694234129295282,1124,0.698570540708515,181,0.131445170660857,717,0.197575089556352,794,0.232571763327475,1030,0.219148936170213,836,0.22400857449089,221,0.0793251974156497,738,0.218991097922849,801,0.276206896551724,704,0.251788268955651,1043,0.434583333333333,-847,0.282333333333333,341,1.69651741293532,-198,18.0,56,0.0323699421965318,838,0.255956017104459,1187,0.208721645858977,758,0.15415904006508,308,0.0470732080085588,3378,0.297228332600088,2351,0.218008160237389,1883,0.239872611464968,1782,0.26423487544484,1507,0.250748752079867,1659,0.289984268484531,1205,0.186734852006819,727,0.134231905465288,598,0.127859739149027
    International,,—,,—,,—,,—,,—,,—,,—,,—,,—,,—,,—,,—,,—,,—,,—,,—,,—,,—,,—,,—,,—,,—,,—,,—,,—,,—,,76,0.0439306358381503,62,0.0189370800244349,104,0.0182873219623703,98,0.0199308521456172,-178,-0.0272046461867645,938,0.082534095908491,1063,0.0985719584569733,703,0.0895541401273885,805,0.119365361803084,426,0.0708818635607321,283,0.0494668764202063,735,0.113900511390051,274,0.0505908419497784,318,0.0679923027581783
    United States,,—,,—,,—,,—,,—,,—,,—,,—,,—,,—,,—,,—,,—,,—,,—,,—,,—,,—,,—,,—,,—,,—,,—,,—,,—,,—,,-20,-0.0115606936416185,776,0.237018937080024,1083,0.190434323896606,660,0.134228187919463,486,0.0742778541953232,2440,0.214694236691597,1288,0.119436201780415,1180,0.15031847133758,977,0.144869513641756,1081,0.179866888519135,1376,0.240517392064324,470,0.0728343406167674,453,0.0836410635155096,280,0.0598674363908488
  All Other,,—,,—,,—,,—,,—,,—,,-28,0.132701421800948,-262,-0.396369137670197,-227,-0.246471226927253,-839,-2.15681233933162,160,0.0688764528626776,-532,-0.30984274898078,-388,-0.241143567433188,-779,-0.565722585330429,-440,-0.121245522182419,-728,-0.213239601640305,-681,-0.144893617021277,-414,-0.110932475884244,-726,-0.260588657573582,-649,-0.192581602373887,-556,-0.191724137931034,-550,-0.196709585121602,-415,-0.172916666666667,-826,0.275333333333333,-612,-3.04477611940298,-718,65.2727272727273,-728,-0.420809248554913,-784,-0.239462431276726,-150,-0.0263759451380341,-485,-0.0986373805165752,-843,-0.128839981659789,-368,-0.0323801143862736,-434,-0.0402448071216617,-676,-0.0861146496815287,-385,-0.0570877817319098,-433,-0.0720465890183028,-549,-0.0959622443628736,-215,-0.033317836665117,-528,-0.0974889217134416,-628,-0.134274107333761
    International,,—,,—,,—,,—,,—,,—,,—,,—,,—,,—,,—,,—,,—,,—,,—,,—,,—,,—,,—,,—,,—,,—,,—,,—,,—,,—,,-728,-0.420809248554913,-784,-0.239462431276726,-150,-0.0263759451380341,-485,-0.0986373805165752,-843,-0.128839981659789,-368,-0.0323801143862736,-434,-0.0402448071216617,-676,-0.0861146496815287,-385,-0.0570877817319098,-433,-0.0720465890183028,-549,-0.0959622443628736,-215,-0.033317836665117,-528,-0.0974889217134416,-628,-0.134274107333761
    United States,,—,,—,,—,,—,,—,,—,,—,,—,,—,,—,,—,,—,,—,,—,,—,,—,,—,,—,,—,,—,,—,,—,,—,,—,,—,,—,,—,,—,,—,,—,,—,,—,,—,,—,,—,,—,,0,,—,,—,,—,
Property/Plant/Equipment,,—,,183173,1.0,—,,—,,—,,188396,1.0,—,,—,,—,,182186,1.0,—,,—,,—,,177712,1.0,—,,—,,—,,—,,—,,—,,—,,—,,—,,—,,—,,—,,—,,—,,—,,—,,—,,—,,—,,—,,—,,—,,—,,—,,—,,—,
  All Other,,—,,3145,0.0171695610160886,—,,—,,—,,2915,0.0154727276587613,—,,—,,—,,2684,0.0147321967659425,—,,—,,—,,2379,0.0133868281264068,—,,—,,—,,—,,—,,—,,—,,—,,—,,—,,—,,—,,—,,—,,—,,—,,—,,—,,—,,—,,—,,—,,—,,—,,—,,—,
    United States,,—,,3077,0.0167983272643894,—,,—,,—,,2859,0.0151754814327268,—,,—,,—,,2635,0.0144632408637327,—,,—,,—,,2341,0.0131729990096336,—,,—,,—,,—,,—,,—,,—,,—,,—,,—,,—,,—,,—,,—,,—,,—,,—,,—,,—,,—,,—,,—,,—,,—,,—,,—,
    International,,—,,68,0.000371233751699213,—,,—,,—,,56,0.000297246226034523,—,,—,,—,,49,0.000268955902209829,—,,—,,—,,38,0.000213829116773206,—,,—,,—,,—,,—,,—,,—,,—,,—,,—,,—,,—,,—,,—,,—,,—,,—,,—,,—,,—,,—,,—,,—,,—,,—,,—,
  Downstream,,—,,15238,0.0831891162998914,—,,—,,—,,14897,0.0790728040935052,—,,—,,—,,14290,0.0784363233179278,—,,—,,—,,13420,0.0755154407130638,—,,—,,—,,—,,—,,—,,—,,—,,—,,—,,—,,—,,—,,—,,—,,—,,—,,—,,—,,—,,—,,—,,—,,—,,—,,—,
    United States,,—,,11019,0.0601562457349063,—,,—,,—,,10807,0.0573632136563409,—,,—,,—,,10196,0.0559647832434984,—,,—,,—,,10346,0.0582177905825155,—,,—,,—,,—,,—,,—,,—,,—,,—,,—,,—,,—,,—,,—,,—,,—,,—,,—,,—,,—,,—,,—,,—,,—,,—,,—,
    International,,—,,4219,0.023032870564985,—,,—,,—,,4090,0.0217095904371643,—,,—,,—,,4094,0.0224715400744294,—,,—,,—,,3074,0.0172976501305483,—,,—,,—,,—,,—,,—,,—,,—,,—,,—,,—,,—,,—,,—,,—,,—,,—,,—,,—,,—,,—,,—,,—,,—,,—,,—,
  Upstream,,—,,164790,0.89964132268402,—,,—,,—,,170584,0.905454468247733,—,,—,,—,,165212,0.90683147991613,—,,—,,—,,161913,0.911097731160529,—,,—,,—,,—,,—,,—,,—,,—,,—,,—,,—,,—,,—,,—,,—,,—,,—,,—,,—,,—,,—,,—,,—,,—,,—,,—,
    International,,—,,118926,0.649255075802656,—,,—,,—,,127459,0.676548334359541,—,,—,,—,,125502,0.688867421206898,—,,—,,—,,123191,0.693205861168632,—,,—,,—,,—,,—,,—,,—,,—,,—,,—,,—,,—,,—,,—,,—,,—,,—,,—,,—,,—,,—,,—,,—,,—,,—,,—,
    United States,,—,,45864,0.250386246881364,—,,—,,—,,43125,0.228906133888193,—,,—,,—,,39710,0.217964058709231,—,,—,,—,,38722,0.217891869991897,—,,—,,—,,—,,—,,—,,—,,—,,—,,—,,—,,—,,—,,—,,—,,—,,—,,—,,—,,—,,—,,—,,—,,—,,—,,—,
Net PP&E Excluding Right of Use Assets,,—,,—,,—,,—,,—,,—,,—,,—,,—,,—,,—,,—,,—,,—,,—,,—,,—,,169207,1.0,—,,—,,—,,150494,1.0,—,,—,,—,,156618,1.0,—,,—,,—,,146961,1.0,—,,—,,—,,143591,1.0,—,,—,,—,,153619,1.0,—,,—,
  All Other,,—,,—,,—,,—,,—,,—,,—,,—,,—,,—,,—,,—,,—,,—,,—,,—,,—,,2217,0.0131022948223182,—,,—,,—,,2261,0.0150238547716188,—,,—,,—,,1937,0.0123676716597071,—,,—,,—,,2098,0.0142758963262362,—,,—,,—,,1958,0.0136359521139904,—,,—,,—,,2025,0.0131819631686185,—,,—,
    United States,,—,,—,,—,,—,,—,,—,,—,,—,,—,,—,,—,,—,,—,,—,,—,,—,,—,,2186,0.0129190872718032,—,,—,,—,,2236,0.0148577351921007,—,,—,,—,,1916,0.0122335874548264,—,,—,,—,,2078,0.0141398057988174,—,,—,,—,,1931,0.0134479180450028,—,,—,,—,,1991,0.0129606363796145,—,,—,
    International,,—,,—,,—,,—,,—,,—,,—,,—,,—,,—,,—,,—,,—,,—,,—,,—,,—,,31,0.00018320755051505,—,,—,,—,,25,0.00016611957951812,—,,—,,—,,21,0.000134084204880665,—,,—,,—,,20,0.000136090527418839,—,,—,,—,,27,0.000188034068987611,—,,—,,—,,34,0.000221326789003964,—,,—,
  Downstream,,—,,—,,—,,—,,—,,—,,—,,—,,—,,—,,—,,—,,—,,—,,—,,—,,—,,13861,0.0819174147641646,—,,—,,—,,14512,0.0964290935186785,—,,—,,—,,14496,0.0925564111404819,—,,—,,—,,14066,0.0957124679336695,—,,—,,—,,16053,0.111796700350301,—,,—,,—,,16643,0.108339463217441,—,,—,
    United States,,—,,—,,—,,—,,—,,—,,—,,—,,—,,—,,—,,—,,—,,—,,—,,—,,—,,10838,0.0640517236284551,—,,—,,—,,11398,0.0757372386939014,—,,—,,—,,11101,0.0708794646847744,—,,—,,—,,10766,0.073257530909561,—,,—,,—,,12827,0.0893301112186697,—,,—,,—,,13521,0.0880164562977236,—,,—,
    International,,—,,—,,—,,—,,—,,—,,—,,—,,—,,—,,—,,—,,—,,—,,—,,—,,—,,3023,0.0178656911357095,—,,—,,—,,3114,0.0206918548247771,—,,—,,—,,3395,0.0216769464557075,—,,—,,—,,3300,0.0224549370241084,—,,—,,—,,3226,0.0224665891316308,—,,—,,—,,3122,0.020323006919717,—,,—,
  Upstream,,—,,—,,—,,—,,—,,—,,—,,—,,—,,—,,—,,—,,—,,—,,—,,—,,—,,153129,0.904980290413517,—,,—,,—,,133721,0.888547051709703,—,,—,,—,,140185,0.895075917199811,—,,—,,—,,130797,0.890011635740094,—,,—,,—,,125580,0.874567347535709,—,,—,,—,,134951,0.878478573613941,—,,—,
    International,,—,,—,,—,,—,,—,,—,,—,,—,,—,,—,,—,,—,,—,,—,,—,,—,,—,,113603,0.671384753585845,—,,—,,—,,102639,0.682013900886414,—,,—,,—,,102010,0.651329987613173,—,,—,,—,,94770,0.644864964174169,—,,—,,—,,88549,0.616675139806812,—,,—,,—,,84561,0.550459253087183,—,,—,
    United States,,—,,—,,—,,—,,—,,—,,—,,—,,—,,—,,—,,—,,—,,—,,—,,—,,—,,39526,0.233595536827673,—,,—,,—,,31082,0.206533150823289,—,,—,,—,,38175,0.243745929586638,—,,—,,—,,36027,0.245146671565926,—,,—,,—,,37031,0.257892207728897,—,,—,,—,,50390,0.328019320526758,—,,—,
Goodwill,,4621,1.0,4593,1.0,4588,1.0,4588,1.0,4588,1.0,4588,1.0,4581,1.0,4581,1.0,4581,1.0,4581,1.0,4543,1.0,4543,1.0,4531,1.0,4531,1.0,4531,1.0,4518,1.0,4518,1.0,4518,1.0,4463,1.0,4507,1.0,4507,1.0,4463,1.0,4454,1.0,4416,1.0,4416,1.0,4402,1.0,4402,1.0,4402,1.0,4402,1.0,4385,1.0,4374,1.0,4663,1.0,4663,1.0,4722,1.0,4722,1.0,4722,1.0,4722,1.0,4722,1.0,4722,1.0,4722,1.0
  Upstream,,4621,1.0,4593,1.0,4588,1.0,4588,1.0,4588,1.0,4588,1.0,4581,1.0,4581,1.0,4581,1.0,4581,1.0,4543,1.0,4543,1.0,4531,1.0,4531,1.0,4531,1.0,4518,1.0,4518,1.0,4518,1.0,4463,1.0,4507,1.0,4507,1.0,4463,1.0,4454,1.0,4416,1.0,4416,1.0,4402,1.0,4402,1.0,4402,1.0,4402,1.0,4385,1.0,4374,1.0,4370,0.937164915290585,4370,0.937164915290585,4370,0.925455315544261,4370,0.925455315544261,4370,0.925455315544261,4370,0.925455315544261,4370,0.925455315544261,4370,0.925455315544261,4370,0.925455315544261
  Downstream,,—,,—,,—,,—,,—,,—,,—,,—,,—,,—,,—,,—,,—,,—,,—,,—,,—,,—,,—,,—,,—,,—,,—,,—,,—,,—,,—,,—,,—,,—,,—,,293,0.0628350847094145,293,0.0628350847094145,352,0.0745446844557391,352,0.0745446844557391,352,0.0745446844557391,352,0.0745446844557391,352,0.0745446844557391,352,0.0745446844557391,352,0.0745446844557391
Assets,,265431,1.0,266026,1.0,269604,1.0,266455,1.0,268449,1.0,264540,1.0,263842,1.0,261478,1.0,259863,1.0,260078,1.0,259111,1.0,254599,1.0,255160,1.0,253806,1.0,256442,1.0,257929,1.0,256606,1.0,253863,1.0,256809,1.0,255878,1.0,256537,1.0,237428,1.0,236677,1.0,223403,1.0,223063,1.0,239790,1.0,241645,1.0,242806,1.0,239948,1.0,239535,1.0,249048,1.0,257936,1.0,259735,1.0,257709,1.0,255886,1.0,251779,1.0,263927,1.0,261632,1.0,261651,1.0,260644,1.0
  Upstream,,196490,0.740267715526822,201941,0.759102493741213,206769,0.766935950505185,205455,0.771068285451577,208471,0.776575811420419,208413,0.787831707870265,210092,0.796279591573745,206134,0.788341657806775,206595,0.795015065630736,206664,0.794623151516084,205247,0.792119979468259,203366,0.798769830203575,201376,0.789214610440508,200382,0.789508522257157,200862,0.783264831813821,199702,0.774251828991699,197522,0.769748174243782,196455,0.773862280048688,197387,0.768614028324553,196171,0.766658329360086,195113,0.76056475284267,181574,0.764753946459558,179753,0.759486557629174,169944,0.760705988728889,169114,0.758144560057024,186907,0.779461195212477,185513,0.767708829067434,183915,0.757456570265974,181988,0.75844766366046,180027,0.751568664287056,180305,0.723976904050625,180504,0.699801501147572,181084,0.697187518047241,178735,0.693553581753063,177512,0.693715170036657,179100,0.711338117952649,193205,0.732039541236781,190435,0.727873501712329,189766,0.725263805603648,189300,0.726277988367275
    International,,148787,0.56054869250389,152736,0.574139369836031,157021,0.582413465675583,156841,0.588620967893265,159833,0.595394283457938,162030,0.612497164889998,164168,0.622220874614352,162142,0.620098057962811,163681,0.629874202945398,164068,0.630841516775737,163151,0.629656788017491,162469,0.638136834787254,161058,0.631203950462455,159612,0.628874021890735,159071,0.620300106846772,157436,0.610385028438059,155396,0.605582098625909,153861,0.6060788693114,152615,0.594274343967696,151068,0.590390733083735,149424,0.582465687210812,145648,0.613440706235153,143779,0.607490377180715,136075,0.609101041615377,135540,0.607631028005541,144476,0.602510530047125,143420,0.593515280680337,142202,0.585660980371161,140044,0.58364312267658,138157,0.576771661761329,138451,0.555920946966047,137550,0.533271819366044,137638,0.529917030819874,134489,0.521863807627983,132891,0.519336735890201,133364,0.529686749093451,133879,0.507257688679067,131685,0.503321459148728,130896,0.500269442883841,129758,0.497836128972852
    United States,,47703,0.179719023022933,49205,0.184963123905182,49748,0.184522484829602,48614,0.182447317558312,48638,0.181181527962481,46383,0.175334542980268,45924,0.174058716959392,43992,0.168243599843964,42914,0.165140862685338,42596,0.163781634740347,42096,0.162463191450768,40897,0.160632995416321,40318,0.158010659978053,40770,0.160634500366422,41791,0.162964724967049,42266,0.163866800553641,42126,0.164166075617873,42594,0.167783410737287,44772,0.174339684356857,45103,0.17626759627635,45689,0.178099065631858,35926,0.151313240224405,35974,0.151996180448459,33869,0.151604947113512,33574,0.150513532051483,42431,0.176950665165353,42093,0.174193548387097,41713,0.171795589894813,41944,0.17480454098388,41870,0.174797002525727,41854,0.168055957084578,42954,0.166529681781527,43446,0.167270487227366,44246,0.171689774125079,44621,0.174378434146456,45736,0.181651368859198,59326,0.224781852557715,58750,0.224552042563601,58870,0.224994362719806,59542,0.228441859394423
  Downstream,,44523,0.167738508312895,40791,0.153334636464105,40147,0.148910995385825,39502,0.148250173575275,37808,0.140838669542446,36386,0.137544416723369,36369,0.137843861098688,37817,0.144627846319767,37303,0.143548716054229,38080,0.146417613177585,38713,0.149407010894945,38508,0.151249612135162,39254,0.153840727386738,40636,0.160106538064506,41062,0.16012197689926,42876,0.166231792470021,41769,0.162774837688908,39488,0.155548465117012,42759,0.166501174024275,43356,0.169440123809003,41882,0.163259101026363,42152,0.177535926680931,40402,0.170705222729712,38850,0.173900977157872,39391,0.176591366564603,39586,0.165086117019058,41482,0.171665045831695,43394,0.178718812549937,43857,0.18277710170537,45224,0.188799131650907,49411,0.198399505316244,56923,0.220686526890391,54845,0.2111575259399,52869,0.205149994761533,54189,0.211770085116028,54417,0.216130018786317,56012,0.21222535019153,54136,0.206916585127202,56708,0.216731447615335,58131,0.223028345175795
    United States,,23650,0.089100368834085,23068,0.0867133287723756,22241,0.0824950668387709,22336,0.083826537313993,21579,0.080383983549948,21404,0.0809102593180615,21032,0.0797143745120186,21949,0.0839420524862512,21416,0.0824126558994547,22264,0.0856050877044579,22590,0.0871827132001343,22040,0.086567504192868,22635,0.0887090453049067,23202,0.0914162785749746,23862,0.0930502803752895,24659,0.095603828960683,24141,0.0940780807931225,23866,0.0940113368234047,25358,0.0987426453122749,26247,0.102576227733529,25111,0.0978845156838974,25197,0.106124804151153,24532,0.103651812385656,23001,0.102957435665591,23335,0.104611701626895,23490,0.0979607156261729,24464,0.101239421465373,25659,0.105676960206914,25722,0.107198226282361,26376,0.110113344605173,28216,0.113295428993608,33094,0.128303144966193,31870,0.12270198471519,31676,0.122913829163902,32075,0.125348788132215,33403,0.13266793497472,33466,0.126800213695454,33066,0.126383622798434,34297,0.13107918563277,35508,0.136231795092156
    International,,20873,0.0786381394788099,17723,0.0666213076917294,17906,0.0664159285470542,17166,0.0644236362612824,16229,0.0604546859924976,14982,0.0566341574053073,15337,0.0581294865866693,15868,0.0606857938335156,15887,0.0611360601547739,15816,0.0608125254731273,16123,0.0622242976948103,16468,0.0646821079422936,16619,0.065131682081831,17434,0.0686902594895314,17200,0.0670716965239703,18217,0.0706279635093378,17628,0.0686967568957858,15622,0.0615371282936072,17401,0.067758528712,17109,0.0668638960754735,16771,0.0653745853424652,16955,0.0714111225297775,15870,0.0670534103440554,15849,0.0709435414922808,16056,0.0719796649377082,16096,0.0671254013928854,17018,0.0704256243663225,17735,0.0730418523430228,18135,0.0755788754230083,18848,0.0786857870457344,21195,0.0851040763226366,23829,0.0923833819241982,22975,0.0884555412247098,21193,0.0822361655976314,22114,0.0864212969838131,21014,0.0834620838115967,22546,0.0854251364960766,21070,0.0805329623287671,22411,0.0856522619825646,22623,0.086796550083639
  All Other,,19797,0.0745843552561683,18701,0.0702976400802929,18100,0.0671355024406166,16910,0.0634628736559644,17582,0.0654947494682416,15153,0.0572805624858245,12793,0.0484873522790155,12946,0.0495108575100008,11384,0.0438076986719926,10753,0.041345288721076,10608,0.0409399832504216,8182,0.0321368112207825,9999,0.0391871766734598,8257,0.0325327218426672,9987,0.0389444786735402,10833,0.0419999302133533,12797,0.0498702290671302,13402,0.0527922540898043,12156,0.0473347896685864,11844,0.046287683974394,15035,0.0586075302977738,9239,0.0389128493690719,12068,0.0509893230013901,10193,0.0456260658988465,10142,0.0454669756974487,8895,0.0370949580883273,10248,0.0424093194562271,11095,0.0456949169295652,9701,0.0404295930785003,9899,0.0413259022689795,14958,0.0600607111882047,15846,0.0614338440543391,19143,0.0737020424663599,21383,0.0829734312732578,19463,0.0760612147596977,13540,0.053777320586705,9988,0.0378437977167929,12339,0.0471616621819961,10455,0.0399578063909559,8491,0.0325770015807001
    United States,,6782,0.0255508964665016,6741,0.0253396284573688,6389,0.0236977196184033,5680,0.0213169203054925,5304,0.0197579428494798,4728,0.017872533454298,5266,0.0199589148050727,5043,0.0192865174125548,5125,0.0197219304017886,4852,0.0186559416790348,4974,0.019196406173416,3973,0.0156049316768723,4169,0.0163387678319486,4938,0.019455804827309,5682,0.0221570569563488,5279,0.020466872666509,5353,0.0208607748844532,5100,0.0200895758736011,5108,0.0198902686432329,4503,0.0175982304066782,4542,0.0177050483945786,3475,0.0146360159711576,5688,0.0240327534994951,4975,0.0222691727505897,4515,0.0202409184849123,4017,0.0167521581383711,3717,0.0153820687371971,4836,0.0199171354908857,4412,0.0183873172520713,5746,0.0239881436950759,9759,0.039185217307507,11615,0.0450305502140066,14932,0.0574893641596242,17861,0.0693068538545414,14084,0.055040135060144,11231,0.0446065795797108,7744,0.0293414466879099,10292,0.0393376956947162,7559,0.0288896277866318,6526,0.0250379828424978
    International,,13015,0.0490334587896666,11960,0.0449580116229241,11711,0.0434377828222133,11230,0.0421459533504719,12278,0.0457368066187619,10425,0.0394080290315264,7527,0.0285284374739427,7903,0.0302243400974461,6259,0.0240857682702039,5901,0.0226893470420412,5634,0.0217435770770056,4209,0.0165318795439102,5830,0.0228484088415112,3319,0.0130769170153582,4305,0.0167874217171914,5554,0.0215330575468443,7444,0.0290094541826769,8302,0.0327026782162032,7048,0.0274445210253535,7341,0.0286894535677159,10493,0.0409024819031953,5764,0.0242768333979143,6380,0.026956569501895,5218,0.0233568931482567,5627,0.0252260572125364,4878,0.0203427999499562,6531,0.02702725071903,6259,0.0257777814386794,5289,0.0220422758264291,4153,0.0173377585739036,5199,0.0208754938806977,4231,0.0164032938403325,4211,0.0162126783067357,3522,0.0136665774187165,5379,0.0210210796995537,2309,0.00917074100699423,2244,0.00850235102888299,2047,0.00782396648727984,2896,0.0110681786043241,1965,0.0075390187382023
  Adjustment,,4621,0.0174094209041144,4593,0.0172652297143888,4588,0.0170175516683729,4588,0.017218667317183,4588,0.0170907695688939,4588,0.0173433129205413,4588,0.0173891950485518,4581,0.017519638363457,4581,0.0176285196430427,4581,0.0176139465852552,4543,0.0175330263863749,4543,0.0178437464404809,4531,0.0177574854992946,4531,0.0178522178356698,4531,0.0176687126133785,4518,0.0175164483249266,4518,0.0176067590001793,4518,0.017797000744496,4507,0.0175500079825863,4507,0.0176138628565176,4507,0.0175686158331937,4463,0.0187972774904392,4454,0.0188188966397242,4416,0.0197669682143928,4416,0.0197970976809242,4402,0.0183577296801368,4402,0.018216805644644,4402,0.0181297002545242,4402,0.0183456415556704,4385,0.0183063017930574,4374,0.0175628794449263,4663,0.018078127907698,4663,0.0179529135464993,4722,0.0183229922121463,4722,0.0184535300876171,4722,0.0187545426743295,4722,0.0178913108548955,4722,0.0180482509784736,4722,0.0180469403900616,4722,0.0181166648762296
Property Plant & Equip (Gross),,—,,327289,1.0,—,,—,,—,,340277,1.0,—,,—,,—,,336077,1.0,—,,—,,—,,344485,1.0,—,,—,,—,,340244,1.0,—,,—,,—,,326722,1.0,—,,—,,—,,345232,1.0,—,,—,,—,,336045,1.0,—,,—,,—,,327785,1.0,—,,—,,—,,346081,1.0,—,,—,
  All Other,,—,,5828,0.0178068923795178,—,,—,,—,,5655,0.0166188134960635,—,,—,,—,,5446,0.016204619774635,—,,—,,—,,4980,0.0144563623960405,—,,—,,—,,4838,0.014219207392342,—,,—,,—,,4865,0.0148903349024553,—,,—,,—,,4339,0.0125683598275942,—,,—,,—,,4873,0.0145010340876966,—,,—,,—,,4556,0.0138993547599799,—,,—,,—,,4537,0.0131096477414247,—,,—,
    United States,,—,,5673,0.0173333048162327,—,,—,,—,,5500,0.0161633022508133,—,,—,,—,,5263,0.0156601017028836,—,,—,,—,,4798,0.0139280375052615,—,,—,,—,,4667,0.0137166268912898,—,,—,,—,,4719,0.0144434718200795,—,,—,,—,,4195,0.012151249015155,—,,—,,—,,4729,0.0140725200493981,—,,—,,—,,4402,0.0134295346034748,—,,—,,—,,4390,0.0126848916872062,—,,—,
    International,,—,,155,0.000473587563285048,—,,—,,—,,155,0.000455511245250193,—,,—,,—,,183,0.000544518071751414,—,,—,,—,,182,0.000528324890778989,—,,—,,—,,171,0.000502580501052186,—,,—,,—,,146,0.000446863082375842,—,,—,,—,,144,0.000417110812439171,—,,—,,—,,144,0.000428514038298442,—,,—,,—,,154,0.000469820156505026,—,,—,,—,,147,0.000424756054218521,—,,—,
  Downstream,,—,,31974,0.0976934757966201,—,,—,,—,,32379,0.0951548297416517,—,,—,,—,,32145,0.0956477235871541,—,,—,,—,,30692,0.0890953161966414,—,,—,,—,,31922,0.09382090499759,—,,—,,—,,33448,0.102374495748679,—,,—,,—,,34492,0.0999096259906382,—,,—,,—,,35022,0.1042181850645,—,,—,,—,,38083,0.116182863767409,—,,—,,—,,39593,0.114403853433156,—,,—,
    United States,,—,,22640,0.0691743382759579,—,,—,,—,,23202,0.0681856252406128,—,,—,,—,,22795,0.0678267182818223,—,,—,,—,,23598,0.0685022569923219,—,,—,,—,,24685,0.0725508752542293,—,,—,,—,,25968,0.0794804145420265,—,,—,,—,,26499,0.0767570792974,—,,—,,—,,26888,0.0800130934845036,—,,—,,—,,29802,0.0909193526244337,—,,—,,—,,31192,0.0901291894094157,—,,—,
    International,,—,,9334,0.0285191375206622,—,,—,,—,,9177,0.0269692045010389,—,,—,,—,,9350,0.0278210053053318,—,,—,,—,,7094,0.0205930592043195,—,,—,,—,,7237,0.0212700297433606,—,,—,,—,,7480,0.0228940812066528,—,,—,,—,,7993,0.0231525466932382,—,,—,,—,,8134,0.0242050915799967,—,,—,,—,,8281,0.0252635111429748,—,,—,,—,,8401,0.0242746640237401,—,,—,
  Upstream,,—,,289487,0.884499631823862,—,,—,,—,,302243,0.888226356762285,—,,—,,—,,298486,0.888147656638211,—,,—,,—,,308813,0.896448321407318,—,,—,,—,,303484,0.891959887610068,—,,—,,—,,288409,0.882735169348865,—,,—,,—,,306401,0.887522014181768,—,,—,,—,,296150,0.881280780847803,—,,—,,—,,285146,0.869917781472612,—,,—,,—,,301951,0.87248649882542,—,,—,
    International,,—,,192637,0.58858378986156,—,,—,,—,,208395,0.612427522283316,—,,—,,—,,214557,0.638416196288351,—,,—,,—,,224211,0.650858527947516,—,,—,,—,,215329,0.632866413515007,—,,—,,—,,206292,0.631399171160803,—,,—,,—,,209846,0.607840524632711,—,,—,,—,,202757,0.60336264488387,—,,—,,—,,188556,0.575242918376375,—,,—,,—,,183996,0.53165588402715,—,,—,
    United States,,—,,96850,0.295915841962302,—,,—,,—,,93848,0.275798834478969,—,,—,,—,,83929,0.24973146034986,—,,—,,—,,84602,0.245589793459802,—,,—,,—,,88155,0.259093474095061,—,,—,,—,,82117,0.251335998188062,—,,—,,—,,96555,0.279681489549057,—,,—,,—,,93393,0.277918135963933,—,,—,,—,,96590,0.294674863096237,—,,—,,—,,117955,0.34083061479827,—,,—,
Capital Expenditures,,-9410,,-11290,,-8583,,-8724,,-7965,,-8707,,-6469,,-5523,,-5175,,-5261,,-4392,,-4538,,-4456,,-5435,,-4405,,-4816,,-5124,,-5761,,-4734,,-5288,,-4956,,-6016,,-4424,,-3306,,-2592,,-3177,,-2504,,-2786,,-2039,,-2606,,-2757,,-3923,,-3093,,-3835,,-3038,,-3757,,-4673,,-4361,,-4089,,-3966,
  All Other,,-162,0.0172157279489904,-213,0.0188662533215235,-63,0.00734009087731563,-89,0.0102017423200367,-97,0.0121782799748901,-177,0.0203284713448949,-23,0.00355541814809089,-53,0.00959623393083469,-64,0.0123671497584541,-100,0.01900779319521,-35,0.00796903460837887,-35,0.00771264874394006,-63,0.0141382405745063,-110,0.0202391904323827,-36,0.00817253121452895,-50,0.0103820598006645,-73,0.0142466822794692,-97,0.016837354625933,-82,0.0173215040135192,-57,0.0107791225416036,-106,0.0213882163034705,-137,0.0227726063829787,-99,0.022377938517179,-48,0.014519056261343,-45,0.0173611111111111,-47,0.0147938306578533,-56,0.0223642172523962,-37,0.0132806891600861,-56,0.0274644433545856,-92,0.0353031465848043,-43,0.0155966630395357,-91,0.0231965332653581,-57,0.0184287099903007,-144,0.0375488917861799,-37,0.0121790651744569,-94,0.0250199627362257,-99,0.0211855339182538,-148,0.0339371703737675,-73,0.0178527757397897,-111,0.0279878971255673
    International,,-5,0.00053134962805526,-7,0.000620017714791851,0,,-1,0.000114626318202659,-1,0.000125549278091651,-6,0.00068910072355576,-1,0.000154583397743082,0,,-2,0.000386473429951691,-2,0.000380155863904201,-1,0.000227686703096539,0,,0,,-3,0.000551977920883165,0,,-2,0.000415282392026578,-1,0.000195160031225605,-10,0.00173580975525082,-3,0.000633713561470215,-5,0.00094553706505295,-4,0.000807102502017756,-5,0.000831117021276596,-5,0.00113019891500904,-3,0.000907441016333938,-1,0.000385802469135802,-4,0.00125904941768964,-4,0.00159744408945687,-6,0.00215362526920316,-3,0.00147130946542423,-7,0.00268610897927859,-1,0.000362713093942691,-5,0.0012745347947999,-3,0.000969932104752667,-16,0.00417209908735332,-6,0.00197498354180382,-4,0.00106467926537131,-2,0.000427990584207147,-15,0.00343957807842238,-1,0.000244558571777941,-2,0.000504286434694907
    United States,,-157,0.0166843783209352,-206,0.0182462356067316,-63,0.00734009087731563,-88,0.010087116001834,-96,0.0120527306967985,-171,0.0196393706213392,-22,0.00340083475034781,-53,0.00959623393083469,-62,0.0119806763285024,-98,0.0186276373313058,-34,0.00774134790528233,-35,0.00771264874394006,-63,0.0141382405745063,-107,0.0196872125114995,-36,0.00817253121452895,-48,0.00996677740863787,-72,0.0140515222482436,-87,0.0151015448706822,-79,0.016687790452049,-52,0.00983358547655068,-102,0.0205811138014528,-132,0.0219414893617021,-94,0.02124773960217,-45,0.0136116152450091,-44,0.0169753086419753,-43,0.0135347812401637,-52,0.0207667731629393,-31,0.011127063890883,-53,0.0259931338891614,-85,0.0326170376055257,-42,0.015233949945593,-86,0.0219219984705582,-54,0.017458777885548,-128,0.0333767926988266,-31,0.0102040816326531,-90,0.0239552834708544,-97,0.0207575433340467,-133,0.0304975922953451,-72,0.0176082171680117,-109,0.0274836106908724
  Downstream,,-584,0.0620616365568544,-823,0.0728963684676705,-360,0.0419433764418036,-645,0.0739339752407153,-675,0.0847457627118644,-756,0.0868266911680257,-480,0.0742000309166796,-448,0.0811153358681876,-472,0.091207729468599,-672,0.127732370271811,-390,0.0887978142076503,-479,0.105553107095637,-477,0.107046678635548,-844,0.155289788408464,-480,0.108967082860386,-507,0.105274086378738,-509,0.0993364558938329,-697,0.120985939940982,-460,0.0971694127587664,-860,0.162632375189107,-611,0.123284907183212,-857,0.142453457446809,-424,0.0958408679927667,-751,0.227162734422263,-524,0.202160493827161,-647,0.2036512433113,-340,0.135782747603834,-438,0.157214644651831,-265,0.129965669445807,-409,0.156945510360706,-296,0.107363075807037,-963,0.24547540147846,-329,0.106369220821209,-675,0.176010430247718,-361,0.118828176431863,-427,0.113654511578387,-474,0.101433768457094,-511,0.117174959871589,-457,0.111763267302519,-387,0.0975794251134644
    International,,-208,0.0221041445270988,-318,0.0281665190434012,-75,0.00873820342537574,-114,0.0130674002751032,-109,0.01368487131199,-215,0.0246927759274147,-59,0.00912042046684186,-116,0.0210030780372986,-115,0.0222222222222222,-237,0.0450484698726478,-69,0.0157103825136612,-118,0.0260026443367122,-110,0.0246858168761221,-237,0.04360625574977,-81,0.0183881952326901,-128,0.026578073089701,-132,0.0257611241217799,-270,0.0468668633917723,-77,0.0162653147444022,-189,0.0357413010590015,-284,0.0573042776432607,-370,0.0615026595744681,-148,0.0334538878842676,-573,0.173321234119782,-228,0.087962962962963,-376,0.118350645262827,-98,0.0391373801916933,-174,0.0624551328068916,-40,0.0196174595389897,-121,0.0464313123561013,-50,0.0181356546971346,-79,0.0201376497578384,-47,0.0151956029744585,-93,0.0242503259452412,-30,0.00987491770901909,-48,0.0127761511844557,-66,0.0141236892788359,-93,0.0213253840862188,-28,0.00684764000978234,-49,0.0123550176500252
    United States,,-376,0.0399574920297556,-505,0.0447298494242693,-285,0.0332051730164278,-531,0.0608665749656121,-566,0.0710608913998745,-541,0.062133915240611,-421,0.0650796104498377,-332,0.060112257830889,-357,0.0689855072463768,-435,0.0826839003991637,-321,0.0730874316939891,-361,0.0795504627589246,-367,0.0823608617594255,-607,0.111683532658694,-399,0.0905788876276958,-379,0.0786960132890365,-377,0.0735753317720531,-427,0.0741190765492102,-383,0.0809040980143642,-671,0.126891074130106,-327,0.0659806295399516,-487,0.0809507978723404,-276,0.0623869801084991,-178,0.0538415003024803,-296,0.114197530864198,-271,0.0853005980484734,-242,0.0966453674121406,-264,0.094759511844939,-225,0.110348209906817,-288,0.110514198004605,-246,0.0892274211099021,-884,0.225337751720622,-282,0.0911736178467507,-582,0.151760104302477,-331,0.108953258722844,-379,0.100878360393931,-408,0.0873100791782581,-418,0.0958495757853703,-429,0.104915627292737,-338,0.0852244074634392
  Upstream,,-8664,0.920722635494155,-10254,0.908237378210806,-8160,0.950716532680881,-7990,0.915864282439248,-7193,0.903075957313245,-7774,0.892844837487079,-5966,0.92224455093523,-5022,0.909288430200978,-4639,0.896425120772947,-4489,0.853259836532979,-3967,0.903233151183971,-4024,0.886734244160423,-3916,0.878815080789946,-4481,0.824471021159154,-3889,0.882860385925085,-4259,0.884343853820598,-4542,0.886416861826698,-4967,0.862176705433085,-4192,0.885509083227714,-4371,0.826588502269289,-4239,0.855326876513317,-5022,0.834773936170213,-3901,0.881781193490054,-2507,0.758318209316394,-2023,0.780478395061728,-2483,0.781554926030847,-2108,0.84185303514377,-2311,0.829504666188083,-1718,0.842569887199608,-2105,0.80775134305449,-2418,0.877040261153428,-2869,0.731328065256182,-2707,0.87520206918849,-3016,0.786440677966102,-2640,0.86899275839368,-3236,0.861325525685387,-4100,0.877380697624652,-3702,0.848887869754643,-3559,0.870383956957691,-3468,0.874432677760968
    International,,-6535,0.694473963868225,-7672,0.679539415411869,-5842,0.680647792147268,-6114,0.700825309491059,-5475,0.687382297551789,-6104,0.701045136097393,-4690,0.724996135415056,-3818,0.691290965055224,-3649,0.70512077294686,-3246,0.616992967116518,-2916,0.663934426229508,-2870,0.632437197003085,-2715,0.609290843806104,-2742,0.504507819687212,-2313,0.525085130533485,-2572,0.534053156146179,-2639,0.515027322404372,-3005,0.521610831452873,-2321,0.490283058724123,-2415,0.456694402420575,-2137,0.431194511702986,-2754,0.457779255319149,-1884,0.425858951175407,-1496,0.452510586811857,-1119,0.431712962962963,-1285,0.404469625432798,-1059,0.422923322683706,-1237,0.444005743000718,-583,0.285924472780775,-706,0.270913277052955,-1118,0.405513239027929,-1296,0.330359418812134,-852,0.275460717749757,-833,0.217209908735332,-722,0.237656352863726,-940,0.250199627362257,-1080,0.23111491547186,-1094,0.250859894519606,-1129,0.276106627537295,-1121,0.282652546646495
    United States,,-2129,0.22624867162593,-2582,0.228697962798937,-2318,0.270068740533613,-1876,0.215038972948189,-1718,0.215693659761456,-1670,0.191799701389686,-1276,0.197248415520173,-1204,0.217997465145754,-990,0.191304347826087,-1243,0.236266869416461,-1051,0.239298724954463,-1154,0.254297047157338,-1201,0.269524236983842,-1739,0.319963201471941,-1576,0.3577752553916,-1687,0.350290697674419,-1903,0.371389539422326,-1962,0.340565873980212,-1871,0.395226024503591,-1956,0.369894099848714,-2102,0.424132364810331,-2268,0.376994680851064,-2017,0.455922242314647,-1011,0.305807622504537,-904,0.348765432098765,-1198,0.377085300598048,-1049,0.418929712460064,-1074,0.385498923187365,-1135,0.556645414418833,-1399,0.536838066001535,-1300,0.471527022125499,-1573,0.400968646444048,-1855,0.599741351438733,-2183,0.569230769230769,-1918,0.631336405529954,-2296,0.61112589832313,-3020,0.646265782152793,-2608,0.598027975235038,-2430,0.594277329420396,-2347,0.591780131114473
Total Refining Inputs (mbpd),,1759,1.0,1749,1.0,1700,1.0,1690,1.0,—,,1699,1.0,1752,1.0,1719,1.0,1760,1.0,1522,1.0,1665,1.0,1654,1.0,1732,1.0,1595,1.0,1642,1.0,1595,1.0,1625,1.0,1583,1.0,1530,1.0,1559,1.0,1617,1.0,1551,1.0,1600,1.0,1170,1.0,1390,1.0,1347,1.0,1417,1.0,1536,1.0,—,,1484,1.0,1534,1.0,1515,1.0,1430,1.0,1541,1.0,1518,1.0,1585,1.0,1586,1.0,1552,1.0,1529,1.0,—,
  Total Refining Inputs,,1759,1.0,1749,1.0,1700,1.0,1690,1.0,—,,1699,1.0,1752,1.0,1719,1.0,1760,1.0,1522,1.0,1665,1.0,1654,1.0,1732,1.0,1595,1.0,1642,1.0,1595,1.0,1625,1.0,1583,1.0,1530,1.0,1559,1.0,1617,1.0,1551,1.0,1600,1.0,1170,1.0,1390,1.0,1347,1.0,1417,1.0,1536,1.0,—,,1484,1.0,1534,1.0,1515,1.0,1430,1.0,1541,1.0,1518,1.0,1585,1.0,1586,1.0,1552,1.0,1529,1.0,—,
Total Refining Outputs (mbpd),,2727,1.0,2778,1.0,2786,1.0,2707,1.0,—,,2700,1.0,2646,1.0,2712,1.0,2713,1.0,2629,1.0,2598,1.0,2688,1.0,2781,1.0,2690,1.0,2621,1.0,2718,1.0,2669,1.0,2611,1.0,2606,1.0,2541,1.0,2650,1.0,2512,1.0,2430,1.0,1931,1.0,2286,1.0,2247,1.0,2317,1.0,2441,1.0,—,,2483,1.0,2544,1.0,2547,1.0,2685,1.0,2677,1.0,2712,1.0,2748,1.0,2734,1.0,2735,1.0,2678,1.0,—,
  Refined Product,,2727,1.0,2778,1.0,2786,1.0,2707,1.0,—,,2700,1.0,2646,1.0,2712,1.0,2713,1.0,2629,1.0,2598,1.0,2688,1.0,2781,1.0,2690,1.0,2621,1.0,2718,1.0,2669,1.0,2611,1.0,2606,1.0,2541,1.0,2650,1.0,2512,1.0,2430,1.0,1931,1.0,2286,1.0,2247,1.0,2317,1.0,2441,1.0,—,,2483,1.0,2544,1.0,2547,1.0,2685,1.0,2677,1.0,2712,1.0,2748,1.0,2734,1.0,2735,1.0,2678,1.0,—,
Total Crude Oil Throughput (mbpd),,1759,1.0,1749,1.0,1700,1.0,1690,1.0,—,,1699,1.0,1752,1.0,1719,1.0,1760,1.0,1611,1.0,1665,1.0,1654,1.0,1732,1.0,1595,1.0,1642,1.0,1595,1.0,1625,1.0,1583,1.0,1530,1.0,1559,1.0,1617,1.0,1551,1.0,1600,1.0,1170,1.0,1390,1.0,1347,1.0,1417,1.0,1536,1.0,—,,1484,1.0,1534,1.0,1515,1.0,1430,1.0,1541,1.0,1518,1.0,1585,1.0,1586,1.0,1552,1.0,1529,1.0,—,
  Crude Oil Input,,1759,1.0,1749,1.0,1700,1.0,1690,1.0,—,,1699,1.0,1752,1.0,1719,1.0,1760,1.0,1611,1.0,1665,1.0,1654,1.0,1732,1.0,1595,1.0,1642,1.0,1595,1.0,1625,1.0,1583,1.0,1530,1.0,1559,1.0,1617,1.0,1551,1.0,1600,1.0,1170,1.0,1390,1.0,1347,1.0,1417,1.0,1536,1.0,—,,1484,1.0,1534,1.0,1515,1.0,1430,1.0,1541,1.0,1518,1.0,1585,1.0,1586,1.0,1552,1.0,1529,1.0,—,
Total Production-MBOE/D,,2568,1.0,2582,1.0,2681,1.0,2596,1.0,—,,2673,1.0,2666,1.0,2528,1.0,2513,1.0,2669,1.0,2676,1.0,2780,1.0,2717,1.0,2740,1.0,2852,1.0,2826,1.0,2956,1.0,3083,1.0,3038,1.0,3084,1.0,3033,1.0,3078,1.0,3235,1.0,2988,1.0,2834,1.0,3277,1.0,3121,1.0,3126,1.0,3034,1.0,3117,1.0,3060,1.0,2896,1.0,3027,1.0,3011,1.0,2979,1.0,2959,1.0,3146,1.0,3392,1.0,3346,1.0,3292,1.0
  Upstream,,2568,1.0,2582,1.0,2681,1.0,2596,1.0,—,,2673,1.0,2666,1.0,2528,1.0,2513,1.0,2669,1.0,2676,1.0,2780,1.0,2717,1.0,2740,1.0,2852,1.0,2826,1.0,2956,1.0,3083,1.0,3038,1.0,3084,1.0,3033,1.0,3078,1.0,3235,1.0,2988,1.0,2834,1.0,3277,1.0,3121,1.0,3126,1.0,3034,1.0,3117,1.0,3060,1.0,2896,1.0,3027,1.0,3011,1.0,2979,1.0,2959,1.0,3146,1.0,3392,1.0,3346,1.0,3292,1.0
    International,,1891,0.736370716510903,1909,0.739349341595662,1982,0.739276389406938,1866,0.718798151001541,—,,1954,0.731013842124953,1965,0.737059264816204,1846,0.730221518987342,1815,0.722244329486669,1987,0.744473585612589,2004,0.748878923766816,2079,0.747841726618705,2036,0.749355907250644,2069,0.755109489051095,2119,0.742987377279102,2087,0.738499646142958,2125,0.718876860622463,2225,0.721699643204671,2154,0.709019091507571,2186,0.70881971465629,2099,0.69205407187603,2080,0.675763482781027,2171,0.671097372488408,1997,0.668340026773762,1852,0.653493295695131,2082,0.635337198657309,2046,0.655559115668055,1990,0.63659628918746,1907,0.628543177323665,1901,0.609881296118062,1876,0.613071895424837,1724,0.595303867403315,1851,0.611496531219029,1819,0.604118233145134,1812,0.608257804632427,1740,0.588036498817168,1739,0.55276541640178,1794,0.528891509433962,1773,0.529886431560072,1720,0.522478736330498
    United States,,677,0.263629283489097,673,0.260650658404338,699,0.260723610593062,730,0.281201848998459,—,,719,0.268986157875047,701,0.262940735183796,682,0.269778481012658,698,0.277755670513331,682,0.255526414387411,672,0.251121076233184,701,0.252158273381295,681,0.250644092749356,671,0.244890510948905,733,0.257012622720898,739,0.261500353857042,831,0.281123139377537,858,0.278300356795329,884,0.290980908492429,898,0.291180285343709,934,0.30794592812397,998,0.324236517218973,1064,0.328902627511592,991,0.331659973226238,982,0.346506704304869,1195,0.364662801342691,1075,0.344440884331945,1136,0.36340371081254,1127,0.371456822676335,1216,0.390118703881938,1184,0.386928104575163,1172,0.404696132596685,1176,0.388503468780971,1192,0.395881766854865,1167,0.391742195367573,1219,0.411963501182832,1407,0.44723458359822,1598,0.471108490566038,1573,0.470113568439928,1572,0.477521263669502
Oil Production-MBPD,,1699,1.0,1732,1.0,1801,1.0,1722,1.0,—,,1775,1.0,1781,1.0,1689,1.0,1661,1.0,1745,1.0,1708,1.0,1751,1.0,1719,1.0,1713,1.0,1753,1.0,1723,1.0,1787,1.0,1862,1.0,1875,1.0,1863,1.0,1830,1.0,1893,1.0,1966,1.0,1824,1.0,1707,1.0,1978,1.0,1826,1.0,1847,1.0,1757,1.0,1828,1.0,1736,1.0,1687,1.0,1707,1.0,1747,1.0,1726,1.0,1743,1.0,1831,1.0,2015,1.0,1968,1.0,1955,1.0
  Upstream,,1699,1.0,1732,1.0,1801,1.0,1722,1.0,—,,1775,1.0,1781,1.0,1689,1.0,1661,1.0,1745,1.0,1708,1.0,1751,1.0,1719,1.0,1713,1.0,1753,1.0,1723,1.0,1787,1.0,1862,1.0,1875,1.0,1863,1.0,1830,1.0,1893,1.0,1966,1.0,1824,1.0,1707,1.0,1978,1.0,1826,1.0,1847,1.0,1757,1.0,1828,1.0,1736,1.0,1687,1.0,1707,1.0,1747,1.0,1726,1.0,1743,1.0,1831,1.0,2015,1.0,1968,1.0,1955,1.0
    United States,,464,0.273101824602707,462,0.266743648960739,489,0.271515824541921,511,0.296747967479675,—,,499,0.28112676056338,490,0.275126333520494,501,0.296625222024867,519,0.312462372065021,508,0.291117478510029,504,0.295081967213115,530,0.302684180468304,525,0.305410122164049,518,0.302393461762989,567,0.32344552196235,575,0.333720255368543,654,0.365976496922216,674,0.361976369495166,690,0.368,710,0.381105743424584,726,0.39672131147541,771,0.407290015847861,803,0.408443540183113,747,0.40953947368421,731,0.428236672524897,880,0.444893832153691,802,0.43921139101862,857,0.463995668651868,842,0.479225953329539,929,0.508205689277899,880,0.506912442396313,888,0.526378186129223,891,0.521968365553603,895,0.512306811677161,877,0.50811123986095,916,0.525530694205393,1028,0.561441835062807,1164,0.577667493796526,1130,0.574186991869919,1132,0.579028132992327
    International,,1235,0.726898175397293,1270,0.733256351039261,1312,0.728484175458079,1211,0.703252032520325,—,,1276,0.71887323943662,1291,0.724873666479506,1188,0.703374777975133,1142,0.687537627934979,1237,0.708882521489971,1204,0.704918032786885,1221,0.697315819531696,1194,0.694589877835951,1195,0.697606538237011,1186,0.67655447803765,1148,0.666279744631457,1133,0.634023503077784,1188,0.638023630504833,1185,0.632,1153,0.618894256575416,1104,0.60327868852459,1122,0.592709984152139,1163,0.591556459816887,1077,0.590460526315789,976,0.571763327475103,1098,0.555106167846309,1024,0.56078860898138,990,0.536004331348132,915,0.520774046670461,899,0.491794310722101,856,0.493087557603687,799,0.473621813870776,816,0.478031634446397,852,0.487693188322839,849,0.49188876013905,827,0.474469305794607,803,0.438558164937193,851,0.422332506203474,838,0.425813008130081,823,0.420971867007673
Natural Gas Production (MMCF/D),,5213,1.0,5100,1.0,5283,1.0,5243,1.0,—,,5385,1.0,5310,1.0,5031,1.0,5113,1.0,5546,1.0,5807,1.0,6171,1.0,5985,1.0,6162,1.0,6593,1.0,6616,1.0,7012,1.0,7328,1.0,6975,1.0,7327,1.0,7215,1.0,7110,1.0,7613,1.0,6986,1.0,6764,1.0,7796,1.0,7770,1.0,7671,1.0,7660,1.0,7736,1.0,7947,1.0,7253,1.0,7920,1.0,7588,1.0,7517,1.0,7295,1.0,7891,1.0,8265,1.0,8267,1.0,8021,1.0
  Upstream,,5213,1.0,5100,1.0,5283,1.0,5243,1.0,—,,5385,1.0,5310,1.0,5031,1.0,5113,1.0,5546,1.0,5807,1.0,6171,1.0,5985,1.0,6162,1.0,6593,1.0,6616,1.0,7012,1.0,7328,1.0,6975,1.0,7327,1.0,7215,1.0,7110,1.0,7613,1.0,6986,1.0,6764,1.0,7796,1.0,7770,1.0,7671,1.0,7660,1.0,7736,1.0,7947,1.0,7253,1.0,7920,1.0,7588,1.0,7517,1.0,7295,1.0,7891,1.0,8265,1.0,8267,1.0,8021,1.0
    International,,3935,0.754843660080568,3834,0.751764705882353,4026,0.762067007382169,3931,0.749761586877742,—,,4065,0.754874651810585,4044,0.761581920903955,3943,0.783740806996621,4036,0.789360453745355,4502,0.811756220699603,4801,0.826760805923885,5144,0.833576405768919,5053,0.844277360066834,5242,0.85069782538137,5600,0.849385712118914,5636,0.851874244256348,5951,0.848687963491158,6227,0.849754366812227,5813,0.833405017921147,6197,0.845775897365907,5972,0.827720027720028,5747,0.808298171589311,6049,0.794561933534743,5524,0.790724305754366,5257,0.777202838557067,5904,0.757311441765008,6127,0.788545688545689,5993,0.781254073784383,5952,0.777023498694517,6010,0.77688728024819,6119,0.769976091606896,5548,0.764924858679167,6212,0.784343434343434,5799,0.764232999472852,5775,0.7682586138087,5478,0.750925291295408,5616,0.71169686985173,5661,0.684936479128857,5610,0.678601669287529,5378,0.670489963844907
    United States,,1278,0.245156339919432,1266,0.248235294117647,1257,0.237932992617831,1312,0.250238413122258,—,,1320,0.245125348189415,1266,0.238418079096045,1088,0.216259193003379,1077,0.210639546254645,1044,0.188243779300397,1006,0.173239194076115,1027,0.166423594231081,932,0.155722639933166,920,0.14930217461863,993,0.150614287881086,980,0.148125755743652,1061,0.151312036508842,1101,0.150245633187773,1162,0.166594982078853,1130,0.154224102634093,1243,0.172279972279972,1363,0.191701828410689,1564,0.205438066465257,1462,0.209275694245634,1507,0.222797161442933,1892,0.242688558234992,1643,0.211454311454311,1678,0.218745926215617,1708,0.222976501305483,1726,0.22311271975181,1828,0.230023908393104,1705,0.235075141320833,1708,0.215656565656566,1789,0.235767000527148,1742,0.2317413861913,1817,0.249074708704592,2275,0.28830313014827,2604,0.315063520871143,2657,0.321398330712471,2643,0.329510036155093
Liquids Production in MMBL/D,,1699,1.0,1732,1.0,1801,1.0,1722,1.0,—,,1775,1.0,1781,1.0,1689,1.0,1661,1.0,1745,1.0,1708,1.0,1751,1.0,1719,1.0,1713,1.0,1753,1.0,1723,1.0,1787,1.0,1862,1.0,1875,1.0,1863,1.0,1830,1.0,1893,1.0,1966,1.0,1824,1.0,1707,1.0,1978,1.0,1826,1.0,1847,1.0,1757,1.0,1828,1.0,1736,1.0,1687,1.0,1707,1.0,1747,1.0,1726,1.0,1743,1.0,1831,1.0,2015,1.0,1968,1.0,1955,1.0
  Upstream,,1699,1.0,1732,1.0,1801,1.0,1722,1.0,—,,1775,1.0,1781,1.0,1689,1.0,1661,1.0,1745,1.0,1708,1.0,1751,1.0,1719,1.0,1713,1.0,1753,1.0,1723,1.0,1787,1.0,1862,1.0,1875,1.0,1863,1.0,1830,1.0,1893,1.0,1966,1.0,1824,1.0,1707,1.0,1978,1.0,1826,1.0,1847,1.0,1757,1.0,1828,1.0,1736,1.0,1687,1.0,1707,1.0,1747,1.0,1726,1.0,1743,1.0,1831,1.0,2015,1.0,1968,1.0,1955,1.0
    United States,,464,0.273101824602707,462,0.266743648960739,489,0.271515824541921,511,0.296747967479675,—,,499,0.28112676056338,490,0.275126333520494,501,0.296625222024867,519,0.312462372065021,508,0.291117478510029,504,0.295081967213115,530,0.302684180468304,525,0.305410122164049,518,0.302393461762989,567,0.32344552196235,575,0.333720255368543,654,0.365976496922216,674,0.361976369495166,690,0.368,710,0.381105743424584,726,0.39672131147541,771,0.407290015847861,803,0.408443540183113,747,0.40953947368421,731,0.428236672524897,880,0.444893832153691,802,0.43921139101862,857,0.463995668651868,842,0.479225953329539,929,0.508205689277899,880,0.506912442396313,888,0.526378186129223,891,0.521968365553603,895,0.512306811677161,877,0.50811123986095,916,0.525530694205393,941,0.51392681594757,1164,0.577667493796526,1130,0.574186991869919,1132,0.579028132992327
    International,,1235,0.726898175397293,1270,0.733256351039261,1312,0.728484175458079,1211,0.703252032520325,—,,1276,0.71887323943662,1291,0.724873666479506,1188,0.703374777975133,1142,0.687537627934979,1237,0.708882521489971,1204,0.704918032786885,1221,0.697315819531696,1194,0.694589877835951,1195,0.697606538237011,1186,0.67655447803765,1148,0.666279744631457,1133,0.634023503077784,1188,0.638023630504833,1185,0.632,1153,0.618894256575416,1104,0.60327868852459,1122,0.592709984152139,1163,0.591556459816887,1077,0.590460526315789,976,0.571763327475103,1098,0.555106167846309,1024,0.56078860898138,990,0.536004331348132,915,0.520774046670461,899,0.491794310722101,856,0.493087557603687,799,0.473621813870776,816,0.478031634446397,852,0.487693188322839,849,0.49188876013905,827,0.474469305794607,826,0.451119606772256,851,0.422332506203474,838,0.425813008130081,823,0.420971867007673
Total Natural Gas Sales Volumes (mm3),,7987,1.0,8299,1.0,8584,1.0,7907,1.0,—,,8362,1.0,8366,1.0,7657,1.0,7569,1.0,7643,1.0,8075,1.0,8407,1.0,8433,1.0,8726,1.0,8883,1.0,8268,1.0,9015,1.0,10162,1.0,10091,1.0,9751,1.0,9868,1.0,9834,1.0,10589,1.0,9293,1.0,9289,1.0,8950,1.0,9341,1.0,8532,1.0,9526,1.0,9994,1.0,9336,1.0,8901,1.0,12454,1.0,9958,1.0,9881,1.0,10205,1.0,10542,1.0,—,,10908,1.0,10631,1.0
  Upstream,,7987,1.0,8299,1.0,8584,1.0,7907,1.0,—,,8362,1.0,8366,1.0,7657,1.0,7569,1.0,7643,1.0,8075,1.0,8407,1.0,8433,1.0,8726,1.0,8883,1.0,8268,1.0,9015,1.0,10162,1.0,10091,1.0,9751,1.0,9868,1.0,9834,1.0,10589,1.0,9293,1.0,9289,1.0,8950,1.0,9341,1.0,8532,1.0,9526,1.0,9994,1.0,9336,1.0,8901,1.0,12454,1.0,9958,1.0,9881,1.0,10205,1.0,10542,1.0,—,,10908,1.0,10631,1.0
    International,,4290,0.537122824589959,4304,0.518616700807326,4445,0.5178238583411,4130,0.522321993170608,—,,4519,0.540420951925377,4558,0.544824288787951,4503,0.588089330024814,4306,0.568899458316819,4598,0.601596231846134,4933,0.610897832817337,5142,0.61163316284049,4978,0.590300011858176,5270,0.603942241576897,5475,0.616345829111787,4979,0.602201257861635,5681,0.630171935662784,6271,0.617102932493604,5836,0.578337132097909,6007,0.616039380576351,5923,0.600222942845561,5713,0.580943664836282,6226,0.587968646708849,5430,0.584310771548477,5513,0.593497685434385,5369,0.599888268156425,5430,0.581308211112301,4756,0.557430848570089,5450,0.572118412765064,5734,0.573744246547929,4875,0.522172236503856,4537,0.509718009212448,7990,0.641560944274932,5734,0.575818437437236,5785,0.585467057990082,5676,0.556197942185203,5600,0.531208499335989,—,,5770,0.528969563623029,5389,0.50691374282758
    United States,,3697,0.462877175410041,3995,0.481383299192674,4139,0.4821761416589,3777,0.477678006829392,—,,3843,0.459579048074623,3808,0.455175711212049,3154,0.411910669975186,3263,0.431100541683181,3045,0.398403768153866,3142,0.389102167182663,3265,0.38836683715951,3455,0.409699988141824,3456,0.396057758423103,3408,0.383654170888213,3289,0.397798742138365,3334,0.369828064337216,3891,0.382897067506396,4255,0.421662867902091,3744,0.383960619423649,3945,0.399777057154439,4121,0.419056335163718,4363,0.412031353291151,3863,0.415689228451523,3776,0.406502314565615,3581,0.400111731843575,3911,0.418691788887699,3776,0.442569151429911,4076,0.427881587234936,4260,0.426255753452071,4461,0.477827763496144,4364,0.490281990787552,4464,0.358439055725068,4224,0.424181562562764,4096,0.414532942009918,4529,0.443802057814797,4942,0.468791500664011,—,,5138,0.471030436376971,5242,0.49308625717242
Crude Oil Sales Volume - MB,,—,,—,,—,,—,,—,,—,,—,,—,,—,,—,,—,,—,,—,,—,,—,,—,,—,,—,,—,,—,,—,,—,,—,,—,,—,,—,,—,,—,,—,,—,,—,,—,,—,,—,,—,,—,,—,,—,,—,,—,
  Upstream,,226,,247,,49,,247,,—,,244,,48,,50,,58,,241,,52,,72,,65,,219,,135,,152,,284,,298,,148,,154,,335,,376,,375,,323,,258,,353,,350,,395,,272,,460,,366,,519,,529,,584,,389,,383,,468,,—,,560,,588,
    United States,,143,,155,,22,,163,,—,,157,,24,,26,,37,,149,,29,,36,,37,,129,,100,,117,,188,,203,,110,,115,,233,,284,,208,,196,,205,,249,,169,,186,,188,,298,,269,,295,,302,,316,,298,,300,,380,,—,,442,,458,
    International,,83,,92,,27,,84,,—,,87,,24,,24,,21,,92,,23,,36,,28,,90,,35,,35,,96,,95,,38,,39,,102,,92,,59,,31,,53,,104,,76,,106,,84,,162,,97,,224,,227,,268,,91,,83,,88,,—,,118,,130,
  Downstream,,—,,—,,—,,—,,—,,—,,169,,183,,173,,—,,175,,186,,162,,—,,115,,135,,138,,—,,165,,170,,—,,—,,108,,96,,105,,—,,105,,103,,152,,—,,151,,178,,144,,—,,157,,197,,197,,—,,160,,150,
    International,,—,,—,,—,,—,,—,,—,,64,,68,,46,,—,,65,,68,,62,,—,,60,,62,,64,,—,,74,,81,,—,,—,,81,,73,,80,,—,,76,,74,,129,,—,,120,,141,,123,,—,,137,,177,,174,,—,,139,,128,
    United States,,—,,—,,—,,—,,—,,—,,105,,115,,127,,—,,106,,118,,100,,—,,55,,73,,74,,—,,91,,89,,—,,—,,27,,23,,25,,—,,29,,29,,23,,—,,31,,37,,21,,—,,20,,20,,23,,—,,21,,22,
Average Realized Price $/BBL-Oil (Hedged),,—,,—,,—,,—,,—,,—,,—,,—,,—,,—,,—,,—,,—,,—,,—,,—,,—,,—,,—,,—,,—,,—,,—,,—,,—,,—,,—,,—,,—,,—,,—,,—,,—,,—,,—,,—,,—,,—,,—,,—,
  International,,—,,—,,—,,—,,—,,—,,29,,40,,41,,44,,49,,45,,—,,57,,61,,68,,69,,59,,58,,62,,56,,57,,43,,21.19,,38.96,,40,,55.62,,62,,67.92,,74,,93.31,,102,,89,,78,,68.89,,68,,76,,—,,72.52,,74.92,
  United States,,—,,—,,—,,—,,—,,—,,26,,36,,37,,40,,45,,41,,—,,50,,56,,59,,62,,56,,48,,52,,47,,47,,37,,19.29,,31.33,,33,,47.7,,54,,57.81,,63,,76.6,,89,,76,,66,,59.06,,56,,62,,—,,57.37,,59.85,
Revenue Growth - Covid-19 Impact%,,—,,—,,—,,—,,—,,—,,—,,—,,—,,—,,—,,—,,—,,—,,—,,—,,—,,—,,—,,—,,—,,—,,—,,—,,—,,—,,—,,—,,—,,—,,—,,—,,—,,—,,—,,—,,—,,—,,—,,—,
  International,,—,,—,,—,,—,,—,,—,,—,,—,,—,,—,,—,,—,,—,,—,,—,,—,,—,,—,,—,,—,,—,,—,,1832,,—,,—,,—,,—,,—,,—,,—,,—,,—,,—,,—,,—,,—,,—,,—,,—,,—,
Source: Bloomberg,,,,,,,,,,,,,,,,,,,,,,,,,,,,,,,,,,,,,,,,,,,,,,,,,,,,,,,,,,,,,,,,,,,,,,,,,,,,,,,,,
