RTX US Equity,"""=BDH($A$1, $B7, ""19900101"","""",""sort=a"",""dir=h"",""per=cq"")",Unnamed: 2,Unnamed: 3,Unnamed: 4,Unnamed: 5,Unnamed: 6,Unnamed: 7,Unnamed: 8,Unnamed: 9,Unnamed: 10,Unnamed: 11,Unnamed: 12,Unnamed: 13,Unnamed: 14,Unnamed: 15,Unnamed: 16,Unnamed: 17,Unnamed: 18,Unnamed: 19,Unnamed: 20,Unnamed: 21,Unnamed: 22,Unnamed: 23,Unnamed: 24,Unnamed: 25,Unnamed: 26,Unnamed: 27,Unnamed: 28,Unnamed: 29,Unnamed: 30,Unnamed: 31,Unnamed: 32,Unnamed: 33,Unnamed: 34,Unnamed: 35,Unnamed: 36,Unnamed: 37,Unnamed: 38,Unnamed: 39,Unnamed: 40,Unnamed: 41,Unnamed: 42,Unnamed: 43,Unnamed: 44,Unnamed: 45,Unnamed: 46,Unnamed: 47,Unnamed: 48,Unnamed: 49,Unnamed: 50,Unnamed: 51,Unnamed: 52,Unnamed: 53,Unnamed: 54,Unnamed: 55,Unnamed: 56,Unnamed: 57,Unnamed: 58,Unnamed: 59,Unnamed: 60,Unnamed: 61,Unnamed: 62,Unnamed: 63,Unnamed: 64,Unnamed: 65,Unnamed: 66,Unnamed: 67,Unnamed: 68,Unnamed: 69,Unnamed: 70,Unnamed: 71,Unnamed: 72,Unnamed: 73,Unnamed: 74,Unnamed: 75,Unnamed: 76,Unnamed: 77,Unnamed: 78,Unnamed: 79,Unnamed: 80,Unnamed: 81,Unnamed: 82,Unnamed: 83,Unnamed: 84,Unnamed: 85,Unnamed: 86,Unnamed: 87,Unnamed: 88,Unnamed: 89,Unnamed: 90,Unnamed: 91,Unnamed: 92,Unnamed: 93,Unnamed: 94,Unnamed: 95,Unnamed: 96,Unnamed: 97,Unnamed: 98,Unnamed: 99,Unnamed: 100,Unnamed: 101,Unnamed: 102,Unnamed: 103,Unnamed: 104,Unnamed: 105,Unnamed: 106,Unnamed: 107,Unnamed: 108,Unnamed: 109,Unnamed: 110,Unnamed: 111,Unnamed: 112,Unnamed: 113,Unnamed: 114,Unnamed: 115,Unnamed: 116,Unnamed: 117,Unnamed: 118,Unnamed: 119,Unnamed: 120,Unnamed: 121,Unnamed: 122,Unnamed: 123,Unnamed: 124,Unnamed: 125,Unnamed: 126,Unnamed: 127,Unnamed: 128,Unnamed: 129,Unnamed: 130,Unnamed: 131,Unnamed: 132,Unnamed: 133,Unnamed: 134,Unnamed: 135,Unnamed: 136,Unnamed: 137,Unnamed: 138,Unnamed: 139,Unnamed: 140
,"""=""=BDH($A$1, B"" & ROW() & "", """"19900101"""","""""""",""""sort=a"""",""""dates=h"""",""""dir=h"""",""""per=cq"""")""",,,,,,,,,,,,,,,,,,,,,,,,,,,,,,,,,,,,,,,,,,,,,,,,,,,,,,,,,,,,,,,,,,,,,,,,,,,,,,,,,,,,,,,,,,,,,,,,,,,,,,,,,,,,,,,,,,,,,,,,,,,,,,,,,,,,,,,,,,,
,,,,,,,,,,,,,,,,,,,,,,,,,,,,,,,,,,,,,,,,,,,,,,,,,,,,,,,,,,,,,,,,,,,,,,,,,,,,,,,,,,,,,,,,,,,,,,,,,,,,,,,,,,,,,,,,,,,,,,,,,,,,,,,,,,,,,,,,,,,,
,,,,,,,,,,,,,,,,,,,,,,,,,,,,,,,,,,,,,,,,,,,,,,,,,,,,,,,,,,,,,,,,,,,,,,,,,,,,,,,,,,,,,,,,,,,,,,,,,,,,,,,,,,,,,,,,,,,,,,,,,,,,,,,,,,,,,,,,,,,,
,,,,,,,,,,,,,,,,,,,,,,,,,,,,,,,,,,,,,,,,,,,,,,,,,,,,,,,,,,,,,,,,,,,,,,,,,,,,,,,,,,,,,,,,,,,,,,,,,,,,,,,,,,,,,,,,,,,,,,,,,,,,,,,,,,,,,,,,,,,,
Total Assets,,1990-03-30 00:00:00,1990-06-29 00:00:00,1990-09-28 00:00:00,1990-12-31 00:00:00,1991-03-28 00:00:00,1991-06-28 00:00:00,1991-09-30 00:00:00,1991-12-31 00:00:00,1992-03-31 00:00:00,1992-06-30 00:00:00,1992-09-30 00:00:00,1992-12-31 00:00:00,1993-03-31 00:00:00,1993-06-30 00:00:00,1993-09-30 00:00:00,1993-12-31 00:00:00,1994-03-31 00:00:00,1994-06-30 00:00:00,1994-09-30 00:00:00,1994-12-30 00:00:00,1995-03-31 00:00:00,1995-06-30 00:00:00,1995-09-29 00:00:00,1995-12-29 00:00:00,1996-03-29 00:00:00,1996-06-28 00:00:00,1996-09-30 00:00:00,1996-12-31 00:00:00,1997-03-31 00:00:00,1997-06-30 00:00:00,1997-09-30 00:00:00,1997-12-31 00:00:00,1998-03-31 00:00:00,1998-06-30 00:00:00,1998-09-30 00:00:00,1998-12-31 00:00:00,1999-03-31 00:00:00,1999-06-30 00:00:00,1999-09-30 00:00:00,1999-12-31 00:00:00,2000-03-31 00:00:00,2000-06-30 00:00:00,2000-09-29 00:00:00,2000-12-29 00:00:00,2001-03-30 00:00:00,2001-06-29 00:00:00,2001-09-28 00:00:00,2001-12-31 00:00:00,2002-03-28 00:00:00,2002-06-28 00:00:00,2002-09-30 00:00:00,2002-12-31 00:00:00,2003-03-31 00:00:00,2003-06-30 00:00:00,2003-09-30 00:00:00,2003-12-31 00:00:00,2004-03-31 00:00:00,2004-06-30 00:00:00,2004-09-30 00:00:00,2004-12-31 00:00:00,2005-03-31 00:00:00,2005-06-30 00:00:00,2005-09-30 00:00:00,2005-12-30 00:00:00,2006-03-31 00:00:00,2006-06-30 00:00:00,2006-09-29 00:00:00,2006-12-29 00:00:00,2007-03-30 00:00:00,2007-06-29 00:00:00,2007-09-28 00:00:00,2007-12-31 00:00:00,2008-03-31 00:00:00,2008-06-30 00:00:00,2008-09-30 00:00:00,2008-12-31 00:00:00,2009-03-31 00:00:00,2009-06-30 00:00:00,2009-09-30 00:00:00,2009-12-31 00:00:00,2010-03-31 00:00:00,2010-06-30 00:00:00,2010-09-30 00:00:00,2010-12-31 00:00:00,2011-03-31 00:00:00,2011-06-30 00:00:00,2011-09-30 00:00:00,2011-12-30 00:00:00,2012-03-30 00:00:00,2012-06-29 00:00:00,2012-09-28 00:00:00,2012-12-31 00:00:00,2013-03-28 00:00:00,2013-06-28 00:00:00,2013-09-30 00:00:00,2013-12-31 00:00:00,2014-03-31 00:00:00,2014-06-30 00:00:00,2014-09-30 00:00:00,2014-12-31 00:00:00,2015-03-31 00:00:00,2015-06-30 00:00:00,2015-09-30 00:00:00,2015-12-31 00:00:00,2016-03-31 00:00:00,2016-06-30 00:00:00,2016-09-30 00:00:00,2016-12-30 00:00:00,2017-03-31 00:00:00,2017-06-30 00:00:00,2017-09-29 00:00:00,2017-12-29 00:00:00,2018-03-29 00:00:00,2018-06-29 00:00:00,2018-09-28 00:00:00,2018-12-31 00:00:00,2019-03-29 00:00:00,2019-06-28 00:00:00,2019-09-30 00:00:00,2019-12-31 00:00:00,2020-03-31 00:00:00,2020-06-30 00:00:00,2020-09-30 00:00:00,2020-12-31 00:00:00,2021-03-31 00:00:00,2021-06-30 00:00:00,2021-09-30 00:00:00,2021-12-31 00:00:00,2022-03-31 00:00:00,2022-06-30 00:00:00,2022-09-30 00:00:00,2022-12-30 00:00:00,2023-03-31 00:00:00,2023-06-30 00:00:00,2023-09-29 00:00:00,2023-12-29 00:00:00,2024-03-28 00:00:00,2024-06-28 00:00:00,2024-09-30 00:00:00
"  + Cash, Cash Equivalents & STI",CASH_CASH_EQTY_STI_DETAILED,247.4,284.2,271.8,200.8,186.8,419.3,566,523,209,197,246,354,351,330,254,421,399,567,544,386,461,755,904,900,1088,1075,1259,1127,1265,1413,1283,655,703,718,663,550,657,885,1115,957,657,813,818,748,780,957,1365,1558,1337,1902,2301,2080,1927,2415,1421,1623,1731,2018,2340,2265,1963,1985,2102,2247,2417,2883,2914,2546,2481,3292,2810,2904,3139,3442,3615,4327,3272,4016,4632,4449,4788,4997,5731,4083,4440,5396,5966,5960,6285,5966,6242,4819,4767,4909,4621,4619,4477,4962,5035,5229,5281,5933,5477,7075,7215,6785,7107,7157,7156,9345,8523,8985,7667,11068,13799,6152,6240,6819,7341,4937,8001,6975,10001,8802,8579,8051,7476,7832,6040,4767,5381,6220,5893,5391,5456,6587,5607,6011,6682
    + Cash & Cash Equivalents,BS_CASH_NEAR_CASH_ITEM,247.4,284.2,271.8,200.8,186.8,419.3,566,523,209,197,246,354,351,330,254,421,399,567,544,386,461,755,904,900,1088,1075,1259,1127,1265,1413,1283,655,703,718,663,550,657,885,1115,957,657,813,818,748,780,957,1365,1558,1337,1902,2301,2080,1927,2415,1421,1623,1731,2018,2340,2265,1963,1985,2102,2247,2417,2883,2914,2546,2481,3292,2810,2904,3139,3442,3615,4327,3272,4016,4632,4449,4788,4997,5731,4083,4440,5396,5966,5960,6285,5966,6242,4819,4767,4909,4621,4619,4477,4962,5035,5229,5281,5933,5477,7075,7215,6785,7107,7157,7156,9345,8523,8985,7667,11068,13799,6152,6240,6819,7341,4937,8001,6975,10001,8802,8579,8051,7476,7832,6040,4767,5381,6220,5893,5391,5456,6587,5607,6011,6682
    + ST Investments,BS_MKT_SEC_OTHER_ST_INVEST,0,0,0,0,0,0,0,0,0,0,0,0,0,0,0,0,,0,0,0,0,0,0,0,0,0,0,0,0,0,0,0,0,0,0,0,0,0,0,0,0,0,0,0,0,0,0,0,0,0,0,0,0,0,0,0,0,0,0,0,0,0,0,0,0,0,0,0,0,,0,0,0,0,0,,0,0,0,0,0,0,0,0,0,0,0,0,0,0,0,0,0,0,0,0,0,0,0,0,0,0,0,0,0,0,0,0,0,0,0,0,0,0,0,0,0,0,0,0,0,0,0,0,0,0,0,0,0,0,0,0,0,0,0,0,0,0,0
  + Accounts & Notes Receiv,BS_ACCT_NOTE_RCV,3434.5,3878.8999,3832.5,3813.8999,3669.6001,3625.1001,3486,3371,3532,3815,3764,3135,3347,3239,2976,2981,3011,3454,3439,3745,3612,3566,3713,3682,3495,3772,3853,3717,3532,3898,3859,3742,4090,4259,4351,3417,3418,4142,4170,4337,4298,4382,4130,4445,4410,4437,4517,4093,4227,4591,4390,4277,4343,4653,4971,5187,5365,6000,6063,6315,6564,7374,7338,7240,7128,7810,7693,7679,7978,8428,8999,8844,9558,10103,9346,9480,8797,8522,8460,8469,8737,8881,8731,8925,9260,9801,9503,9546,8833,9538,10610,11099,10791,11158,11135,11458,11537,11795,11080,10448,11512,11516,10647,10653,10899,11544,11500,11481,11840,12597,13128,12595,11699,11973,12550,14271,13574,13695,13607,8743,13104,9496,10115,9254,10037,8912,9538,9661,9076,10394,9233,9108,10069,9903,10058,10838,10280,10252,10097
"    + Accounts Receivable, Net",BS_ACCTS_REC_EXCL_NOTES_REC,,,,,,,,,,,,,,,,,,,,,,,,,,,,,3532,3898,3859,,4090,4259,,3417,3418,4142,4170,4337,4298,4382,4130,4445,4410,4437,4517,4093,4227,4591,4390,3897,4343,4653,4971,5187,5365,6000,6063,6315,6564,7374,7338,7240,7128,7810,7693,7679,7978,8428,8999,8546,9558,10103,9346,9480,8797,8522,8460,8469,8737,8881,8731,8925,9260,9801,9503,9546,8833,9538,10610,11099,10791,11158,11135,11458,11537,11795,11080,10448,11512,11516,10647,10653,10899,11544,11500,11481,11840,12597,13128,12595,11699,11973,12550,14271,13574,13695,13607,8743,13104,9496,10115,9254,10037,8912,9538,9661,9076,10394,9233,9108,10069,9903,10058,10838,10280,10252,10097
"    + Notes Receivable, Net",NOTES_RECEIVABLE,,,,,,,,,,,,,,,,,,,,,,,,,,,,,,,,,,,,,,,,,,,,,,,,,,,,,,,,,,,,,,,,,,,,,,,,,,,,,0,0,0,0,0,0,0,0,0,0,0,0,0,0,0,0,0,0,0,0,0,0,0,0,0,0,0,0,0,0,0,0,0,0,0,0,0,0,0,0,0,0,0,0,0,0,0,0,0,0,0,0,0,0,0,0,0,0,0,0,0,0,0
  + Unbilled Revenues,BS_UNBILLED_REVENUES,,,,,,,,,,,,,,,,,,,,,,,,,,,,,,,,,,,,,,,,,,,,,,,,,,,,,,,,,,,,,,,,,,,,,,,,,,,,,,6480,6792,,,6309,,,,,,,,,,,,,,,,,,,,,,,,,,,,,,,2989,3273,3450,3486,3795,4334,4316,4462,4549,9943,9617,9931,10238,10485,10899,11361,11566,11836,12297,11534,12729,12970,12696,12139,13104,13581,14684
  + Inventories,BS_INVENTORIES,4131.7002,4163.2998,4145,4044.2,4209.5,4148.2002,4035.3999,3902,4045,3957,3960,3508,3639,3482,3284,3153,3432,3276,3139,2955,3174,3148,2957,2954,3259,3164,3154,3342,3565,3327,3346,3113,3307,3073,3110,3191,3302,3490,3504,3504,3641,3599,3704,3756,4005,4042,4205,3973,4143,4170,3967,3719,3963,3911,3963,4420,4495,4442,4622,5078,5298,5874,5964,5659,6472,6856,7197,6657,7508,7974,8550,8101,9075,9082,9011,8340,8601,2059,1294,7509,8172,1774,8430,7766,8827,8795,8617,7797,8366,8502,10467,9537,10161,10232,10765,10330,10992,9896,10341,7642,10336,10295,8453,8135,8507,8747,9081,8704,9386,9860,10083,9881,8938,8979,9068,10083,10474,10934,11242,9047,11506,10256,9843,9411,9498,9548,9426,9178,9749,10142,10443,10617,11327,11997,12050,11777,12386,13047,13465
    + Raw Materials,INVTRY_RAW_MATERIALS,,,,,,,,,,,,,,,,,,,,,,,,,,,,,,,,,,,,537,,,,702,713,638,621,738,694,720,760,728,778,792,753,740,770,778,756,743,819,807,810,844,913,1055,1198,1000,955,1003,1063,1082,1067,,1274,1281,1396,1355,1363,1271,1286,1244,1239,1281,1309,1281,1251,1221,1360,1361,1357,1321,1247,1139,1912,1861,1868,1928,1967,1983,2038,2039,2073,1948,2058,2011,1695,2037,2218,2225,2209,2040,2154,2146,2189,2038,2079,2298,2444,3052,2944,3024,3149,2984,3576,3375,3163,3015,2995,2973,2989,3024,3079,3210,3387,3477,3841,3931,3894,3911,4126,4250,
    + Work In Process,INVTRY_IN_PROGRESS,,,,,,,,,,,,,,,,,,,,,,,,,,,,,,,,,,,,2532,,,,2719,2668,2692,2892,3028,3104,3268,3306,3314,3293,3260,3139,3119,3224,3299,3563,3481,3666,3570,3743,3998,3977,4389,4667,4723,5495,5900,6240,6012,6504,,7551,7536,8539,8519,8833,9408,3441,3548,3325,3097,3400,3465,3762,3259,3681,3709,3696,3175,3596,3823,4659,4151,4500,4544,4864,4600,4993,3788,3945,2093,4006,3881,2519,2422,2639,2736,2807,2787,3075,3253,3453,3366,2526,2306,2292,2673,2819,2863,2921,2586,2850,3031,2915,2924,3240,3307,3295,3085,3471,3628,3747,3839,3994,4186,4297,4162,4384,4686,
    + Finished Goods,INVTRY_FINISHED_GOODS,,,,,,,,,,,,,,,,,,,,,,,,,,,,,,,,,,,,1795,,,,1871,2171,2183,2129,2099,2299,2288,2425,2176,2348,2607,2542,2329,2456,2373,2221,2221,2380,2321,2309,2603,2818,2953,2804,2640,2917,3054,3235,2956,3690,,4032,3694,3974,4150,3996,3634,3697,3591,3286,2889,3194,3077,3110,3026,3397,3426,3258,3078,3238,3083,3463,3205,3438,3385,3556,3360,3653,3824,3957,2975,3941,4116,3654,3183,3058,3229,3438,3305,3528,3753,3715,3845,4333,4375,4332,4358,4711,5047,5172,3477,5080,3850,3765,3472,3263,3268,3142,3069,3199,3304,3309,3301,3492,3880,3859,3704,3876,4111,
    + Other Inventory,BS_OTHER_INV,,,,,,,,,,,,,,,,,,,,,,,,,,,,,,,,,,,,-1673,,,,-1788,-1911,-1914,-1938,-2109,-2092,-2234,-2286,-2245,-2276,-2489,-2467,-2469,-2487,-2539,-2577,-2025,-2370,-2256,-2240,-2367,-2410,-2523,-2705,-2704,-2895,-3101,-3341,-3393,-3753,,-4307,-4410,-4834,-4942,-5181,-5973,177,-6324,-6556,242,269,-6049,307,260,389,299,306,223,285,457,433,320,355,375,378,387,308,245,366,626,331,287,585,493,592,557,627,572,629,708,726,632,0,0,0,0,0,0,0,0,0,0,0,0,0,0,0,0,0,0,0,0,0,0,0,0,0,0,
  + Other ST Assets,OTHER_CURRENT_ASSETS_DETAILED,818.4,764.1,729.9,953.3,1051.1,964.1,971.9,1135,1087,1118,971,1104,950,933,823,1151,1035,930,781,1142,1154,1131,1062,1416,1327,1203,1052,1425,1395,1423,1394,1508,1499,1563,1578,2670,2681,1472,1527,1829,1773,1619,1561,1713,1767,1660,1662,1639,1652,1650,1571,1675,1696,1730,1789,1760,1781,1703,1652,2012,1921,2062,2107,2060,2104,2072,2102,1962,2220,2018,2202,2222,2144,2152,2209,2320,2552,2559,2551,2767,2624,2440,2445,2736,2478,2437,2338,2455,4363,15136,4366,4155,3442,2491,2830,3035,2814,2988,2955,8164,2829,2925,7782,843,906,894,860,1208,923,1027,1229,1397,1448,1263,1337,1511,1319,1276,1310,34388,1715,5604,3935,5978,4200,3883,4653,4018,4309,4323,4467,4964,5486,5654,6258,7076,6646,6334,6836
    + Prepaid Expenses,BS_PREPAY,,,,,,,,,,,,,,,,,,,,,,,,,,,,,,,,,,,,,,,,,,,,,,,,,,,,,,,,,,,,,,,,,,,,,,,,,,,,,,,,,,,,,,,,,,,,,,,,,,,,,,,,,,,,,,,,,,,,,,,,,,,,,,,,,,,,,,,,,,,
    + Derivative & Hedging Assets,BS_DERIV_HEDGING_ASST_ST,,,,,,,,,,,,,,,,,,,,,,,,,,,,,,,,,,,,,,,,,,,,,,,,,,,,,,,,,,,,,,,,,,,,,,,,,,,,,104,62,132,220,229,133,161,104,209,203,96,109,127,131,76,95,60,90,61,0,,,,0,,,,0,,,,0,,,,0,213,62,,54,48,95,59,46,132,49,54,241,193,247,103,70,117,58,60,84,91,239,151,308,195,204,
    + Taxes Receivable,BS_TAXES_RECEIVABLE_SHORT_TERM,,,,,,,,,,,,,,,,,,,,,,,,,,,,,,,,,,,,,,,,,,,,,,,,,,,,,,,,,,,,,,,,,,,,,,,,,,,,,,,,,,,,,,,,,,,,,,,,,,,,,,,,,,,,,,,,,,,,,,,,,,,,,,,,,,,,,,,,,,,
    + Misc ST Assets,BS_OTHER_CUR_ASSET_LESS_PREPAY,,,,,,,,,,,,,,,,,,,,,,,,,,,,,,,,,,,,,,,,,,,,,,,,,,,,,,,,,,,,,,,,,,,,,,,,,,,,,875,904,753,858,719,683,681,1009,691,677,691,684,600,11339,932,1378,790,812,834,1071,892,992,966,1373,936,983,949,843,906,894,860,1208,923,1027,1229,1397,1235,1201,1337,1457,1271,1181,1251,2519,1583,5420,3825,5737,4007,3636,4550,3948,4192,4265,4407,4880,5395,5415,6107,6768,6451,6130,6836
Total Current Assets,BS_CUR_ASSET_REPORT,8632,9090.5,8979.2002,9012.2002,9117,9156.7002,9059.2998,8931,8873,9087,8941,8101,8287,7984,7337,7706,7877,8227,7903,8228,8401,8600,8636,8952,9169,9214,9318,9611,9757,10061,9882,9018,9599,9613,9702,9828,10058,9989,10316,10627,10369,10413,10213,10662,10962,11096,11749,11263,11359,12313,12229,11751,11929,12709,12144,12990,13372,14163,14677,15670,15746,17295,17511,17206,18121,19621,19906,18844,20187,21712,22561,22071,23916,24779,24181,24467,23222,23636,23729,23194,24321,24401,25337,23510,25005,26429,26424,25758,27847,39142,31685,29610,29161,28790,29351,29442,29820,29641,29411,31483,29958,30669,32359,26706,27527,27970,28548,28550,29305,32829,32963,32858,32741,36556,40204,35503,35402,37058,37816,61577,38875,42274,43511,43376,42552,40879,41992,42050,40740,41462,41821,42443,45504,45915,46518,48417,48023,49225,51764
"  + Property, Plant & Equip, Net",BS_NET_FIX_ASSET,4020.8,4051.1001,4179.3999,4396.2002,4420.2002,4405.1001,4527.2998,4607,4616,4615,4675,4602,4572,4593,4536,4565,4513,4467,4480,4532,4489,4454,4349,4420,4340,4283,4280,4371,4255,4245,4225,4127,4129,4131,4208,3555,3461,4145,4169,4460,4343,4235,4293,4487,4507,4567,4520,4549,4536,4593,4519,4587,4495,4521,4899,5080,5003,4847,4873,5231,5160,5187,5513,5623,5677,5586,5576,5725,5759,5875,6053,6296,6477,6550,6441,6348,6130,6179,6278,6364,6335,6090,6148,6280,6382,6329,6137,6201,5835,5717,8239,8518,8428,8399,8549,8866,8895,9026,9182,8592,9175,9266,8515,8732,8763,8911,8989,9158,9255,9475,9763,10186,10283,10115,10236,12297,14743,15032,14756,11574,15108,16907,16757,16842,16655,16565,16393,16930,16748,16607,16470,16999,16993,17107,17102,17386,17277,17357,17732
"    + Property, Plant & Equip",BS_GROSS_FIX_ASSET,7934.1001,8086.7998,8362.0996,8589.2002,8753.2998,8835.4004,9104.7998,9233,9395,9532,9751,9530,9639,9811,9840,9796,9907,9983,10184,10193,10253,10398,10316,10326,10403,10457,10603,10661,10595,10694,10766,10472,10535,10622,10897,9549,9495,10097,10178,10455,10238,10120,10179,10355,10426,10579,10536,10405,10501,10782,10719,10869,10926,11233,11686,12082,12231,12100,12149,12736,12745,12776,13173,13328,13502,13555,13655,13738,13856,,14609,14877,15439,15638,15417,15106,14791,15077,15475,15677,15834,15519,15796,15914,16306,16365,16042,15980,15522,15012,17861,18065,17947,18009,18388,18661,18869,19218,19744,18069,19632,19963,18244,18494,18813,19165,19384,19469,19892,20309,20975,21364,21820,21597,21956,24084,26884,27429,27205,21329,28168,27220,27627,28226,28467,28859,28992,29595,29726,29856,30003,30945,31380,31987,32309,33030,33262,33726,
    - Accumulated Depreciation,BS_ACCUM_DEPR,3913.3,4035.7,4182.7002,4193,4333.1001,4430.2998,4577.5,4626,4779,4917,5076,4928,5067,5218,5304,5231,5394,5516,5704,5661,5764,5944,5967,5906,6063,6174,6323,6290,6340,6449,6541,6345,6406,6491,6689,5994,6034,5952,6009,5995,5895,5885,5886,5868,5919,6012,6016,5856,5965,6189,6200,6282,6431,6712,6787,7002,7228,7253,7276,7505,7585,7589,7660,7705,7825,7969,8079,8013,8097,,8556,8581,8962,9088,8976,8758,8661,8898,9197,9313,9499,9429,9648,9634,9924,10036,9905,9779,9687,9295,9622,9547,9519,9610,9839,9795,9974,10192,10562,9477,10457,10697,9729,9762,10050,10254,10395,10311,10637,10834,11212,11178,11537,11482,11720,11787,12141,12397,12449,9755,13060,10313,10870,11384,11812,12294,12599,12665,12978,13249,13533,13946,14387,14880,15207,15644,15985,16369,
  + LT Investments & Receivables,BS_LT_INVEST,,,,1094.4,,,,1157,,,0,1063,0,0,0,1371,0,0,0,0,0,0,0,0,0,0,0,0,0,0,0,0,0,0,0,0,0,0,0,0,0,0,0,0,0,0,0,0,0,0,0,0,0,0,0,0,0,0,0,0,0,0,0,0,0,0,0,0,0,,0,0,0,0,0,,0,0,0,0,0,0,0,0,0,0,0,0,0,0,0,0,0,0,0,0,0,0,0,0,0,0,0,0,0,0,0,0,0,0,0,0,0,0,0,0,0,0,0,0,0,0,0,0,0,0,0,0,0,0,0,0,0,0,0,0,0,0,0
    + LT Investments,BS_LONG_TERM_INVESTMENTS,,,,,,,,,,,,,,,,,,,,,,,,,,,,,,,,,,,,,,,,,,,,,,,,,,,,,,,,,,,,,,,,,,,,,,,,,,,,,,,,,,,,,,,,,,,,,,,,,,,,,,,,,,,,,,,,,,,,,,,,,,,,,,,,,,,,,,,,,,,
    + LT Receivables,BS_LT_RECEIVABLES,,,,,,,,,,,,,,,,,,,,,,,,,,,,,,,,,,,,,,,,,,,,,,,,,,,,,,,,,,,,,,,,,,,,,,,,,,,,,,,,,,,,,,,,,,,,,,,,,,,,,,,,,,,,,,,,,,,,,,,,,,,,,,,,,,,,,,,,,,,
  + Other LT Assets,BS_OTHER_ASSETS_DEF_CHRG_OTHER,2262,2221.8999,2282.3999,1415.5,2533,2568.8,2570.7,1290,2447,2510,2492,2162,3293,3305,3584,1976,3264,3152,3313,2864,2805,2772,2756,2586,2517,2686,2816,2763,2677,2725,2814,3295,3612,3714,4378,4385,4393,7893,8595,9279,9489,9668,9651,10215,10218,10360,10341,11157,11112,11476,11744,12752,13295,13677,17019,17204,17553,17682,18081,19540,19629,22309,23044,23096,23233,23959,24114,22572,22637,22970,24883,26208,26660,27157,26188,26022,25446,26730,27570,26204,27732,27852,29164,28703,29277,29389,29387,29493,28042,29794,52022,51281,50924,51555,52426,52286,52514,53475,53181,51131,52194,52838,51261,52046,52281,52599,52525,51998,51813,52489,53626,53876,55755,54898,64499,86411,87235,86900,86437,66464,85589,102336,102131,101935,101401,101394,100387,102424,101878,100948,99934,99422,99139,99139,98823,96066,94887,94587,95326
    + Total Intangible Assets,BS_DISCLOSED_INTANGIBLES,,,,,,,,,,,,,,,,,,,,,,,,,,,,,,,,,,,,1417,1404,4839,5338,5641,5752,6121,6071,6771,6778,6696,6803,6802,6810,6933,6937,6981,7004,7068,9135,11224,9515,9644,10987,12127,11991,15263,15856,16066,16284,16606,16971,17362,17528,17894,19580,19877,20277,20466,19558,18806,18549,19210,19750,19836,21116,20813,21492,21781,22370,22450,21946,21861,19938,21009,42776,42990,42641,43136,43595,43689,43744,44093,43853,42976,43128,43639,42926,42904,43127,43377,43222,42743,43053,43468,43871,43793,44334,43438,43380,74536,74672,74321,73727,61082,73081,95272,95088,94824,94264,93917,92631,92952,92434,91368,90214,90663,90381,90356,89748,89098,88604,87850,87918
    + Goodwill,BS_GOODWILL,,,,,,,,,,,,,,,,,,,,,,,,,,,,,,,,,,,,1417,1404,4839,5338,5641,5752,6121,6071,6771,6778,6696,6803,6802,6810,6933,6937,6981,7004,7068,9135,9329,9515,9644,9666,10111,10003,12263,12726,13007,13254,13492,13828,14146,14299,14610,15871,16120,16415,16619,16074,15363,15228,15754,16204,16298,17069,16914,17422,17721,18193,18309,17980,17943,16169,16116,27630,27801,27516,27835,28100,28168,28216,28378,28169,27448,27557,27933,27354,27301,27408,27535,27422,27059,27273,27587,27916,27910,28339,27699,27679,48112,48392,48358,48041,36609,47481,53269,53524,54285,54265,54394,53789,54436,54316,53806,53168,53840,53904,54122,53883,53699,53644,53347,53759
    + Other Intangible Assets,OTHER_INTANGIBLE_ASSETS_DETAILED,,,,,,,,,,,,,,,,,,,,,,,,,,,,,,,,,,,,0,0,0,0,0,0,0,0,0,0,0,0,0,0,0,0,0,0,0,0,1895,0,0,1321,2016,1988,3000,3130,3059,3030,3114,3143,3216,3229,3284,3709,3757,3862,3847,3484,3443,3321,3456,3546,3538,4047,3899,4070,4060,4177,4141,3966,3918,3769,4893,15146,15189,15125,15301,15495,15521,15528,15715,15684,15528,15571,15706,15572,15603,15719,15842,15800,15684,15780,15881,15955,15883,15995,15739,15701,26424,26280,25963,25686,24473,25600,42003,41564,40539,39999,39523,38842,38516,38118,37562,37046,36823,36477,36234,35865,35399,34960,34503,34159
    + Prepaid Expense,BS_PREPAID_EXPENSE_LT,,,,,,,,,,,,,,,,,,,,,,,,,,,,,,,,,,,,,,,,,,,,,,,,,,,,,,,,,,,,,,,,,,,,,,,,,,,,,,,,,,,,,,,,,,,,,,,,,,,,,,,,,,,,,,,,,,,,,,,,,,,,,,,,,,,,,,,,,,,
    + Deferred Tax Assets,BS_DEFERRED_TAX_ASSETS_LT,,,,,,,,,,,,,,,,,,,,,,,,,,,,,,,,,,,,,,,,,,,,,,,,,,,,,,,,,,,,,,,,,,,,,,,,,,,,,3530,3451,3268,2102,2081,2037,2308,1970,1861,1724,1744,2387,2357,2443,1541,1599,1552,1596,1583,1236,1237,1273,1223,1491,1462,1378,1341,1961,1905,1812,1765,1809,1804,1817,1723,1723,1763,1626,1701,1646,1703,1712,1699,0,1444,732,699,0,0,0,,0,0,0,,,0,0,,,0,0,
    + Derivative & Hedging Assets,BS_DERIV_HEDGING_ASST_LT,,,,,,,,,,,,,,,,,,,,,,,,,,,,,,,,,,,,,,,,,,,,,,,,,,,,,,,,,,,,,,,,,,,,,,,,,,,,,8,30,63,38,41,15,26,29,45,23,5,5,19,3,47,33,11,8,25,90,118,132,100,142,131,74,126,101,,,101,170,,168,390,253,128,49,150,31,22,26,10,0,5,,,0,,,,0,,,,0,,,,,,,
    + Investments in Affiliates,BS_INVEST_IN_ASSOC_CO,,,,,,,,,,,,,,,,,,,,,,,,,,,,,,,,,,,,,,,,,,,,,,,,,,,,,,,,,,,,,,,,,,,,,,,,,,,,,,,,,,,,,,,,,,,,,,,,,,,,,,,,,,,,,,,,,,,,,,,,,,,,,,,,,,,,,,,,,,,
    + Misc LT Assets,OTHER_NONCURRENT_ASSETS_DETAILED,2262,2221.8999,2282.3999,1415.5,2533,2568.8,2570.7,1290,2447,2510,2492,2162,3293,3305,3584,1976,3264,3152,3313,2864,2805,2772,2756,2586,2517,2686,2816,2763,2677,2725,2814,3295,3612,3714,4378,2968,2989,3054,3257,3638,3737,3547,3580,3444,3440,3664,3538,4355,4302,4543,4807,5771,6291,6609,7884,5980,8038,8038,7094,7413,7638,7046,7188,7030,6949,7353,7143,5210,5109,5076,5303,6331,6383,6691,6630,7216,3359,4039,4489,3887,4494,4987,5338,4286,5001,5192,5692,4688,5728,6339,7658,6016,6720,6815,7223,6503,7415,7977,8005,5841,7473,7747,6868,6338,7249,7410,7437,6825,6956,7036,7642,7150,9530,9785,19268,9512,10838,10841,11001,5363,11059,6332,6344,6687,7137,7477,7756,6258,9444,9580,9720,5458,8758,8783,9075,5672,6283,6737,7408
Total Noncurrent Assets,BS_TOT_NON_CUR_ASSET,6282.8,6273,6461.7998,6906.1002,6953.2002,6973.9001,7097.9998,7054,7063,7125,7167,7827,7865,7898,8120,7912,7777,7619,7793,7396,7294,7226,7105,7006,6857,6969,7096,7134,6932,6970,7039,7422,7741,7845,8586,7940,7854,12038,12764,13739,13832,13903,13944,14702,14725,14927,14861,15706,15648,16069,16263,17339,17790,18198,21918,22284,22556,22529,22954,24771,24789,27496,28557,28719,28910,29545,29690,28297,28396,28845,30936,32504,33137,33707,32629,32370,31576,32909,33848,32568,34067,33942,35312,34983,35659,35718,35524,35694,33877,35511,60261,59799,59352,59954,60975,61152,61409,62501,62363,59723,61369,62104,59776,60778,61044,61510,61514,61156,61068,61964,63389,64062,66038,65013,74735,98708,101978,101932,101193,78038,100697,119243,118888,118777,118056,117959,116780,119354,118626,117555,116404,116421,116132,116246,115925,113452,112164,111944,113058
Total Assets,BS_TOT_ASSET,14914.7998,15363.5,15441,15918.2998,16070.2002,16130.5996,16157.2998,15985,15936,16212,16108,15928,16152,15882,15457,15618,15654,15846,15696,15624,15695,15826,15741,15958,16026,16183,16414,16745,16689,17031,16921,16440,17340,17458,18288,17768,17912,22027,23080,24366,24201,24316,24157,25364,25687,26023,26610,26969,27007,28382,28492,29090,29719,30907,34062,35274,35928,36692,37631,40441,40535,44791,46068,45925,47031,49166,49596,47141,48583,50557,53497,54575,57053,58486,56810,56837,54798,56545,57577,55762,58388,58343,60649,58493,60664,62147,61948,61452,61724,74653,91946,89409,88513,88744,90326,90594,91229,92142,91774,91206,91327,92773,92135,87484,88571,89480,90062,89706,90373,94793,96352,96920,98779,101569,114939,134211,137380,138990,139009,139615,139572,161517,162399,162153,160608,158838,158772,161404,159366,159017,158225,158864,161636,162161,162443,161869,160187,161169,164822
,,#N/A Mandatory parameter [FIELDS] cannot be empty,,,,,,,,,,,,,,,,,,,,,,,,,,,,,,,,,,,,,,,,,,,,,,,,,,,,,,,,,,,,,,,,,,,,,,,,,,,,,,,,,,,,,,,,,,,,,,,,,,,,,,,,,,,,,,,,,,,,,,,,,,,,,,,,,,,,,,,,,,
Cash from Operating Activities,,#N/A Mandatory parameter [FIELDS] cannot be empty,,,,,,,,,,,,,,,,,,,,,,,,,,,,,,,,,,,,,,,,,,,,,,,,,,,,,,,,,,,,,,,,,,,,,,,,,,,,,,,,,,,,,,,,,,,,,,,,,,,,,,,,,,,,,,,,,,,,,,,,,,,,,,,,,,,,,,,,,,
  + Net Income,CF_NET_INC,134.5,207.5,239.8,168.8,40.2,43.4,119.5,-1224.1,-228,148,126,-333,64,130,157,136,67,165,188,165,135,218,210,187,164,259,254,229,224,304,300,244,260,360,348,287,308,1077,90,56,377,509,496,426,440,588,565,345,467,624,612,533,502,632,639,588,579,837,722,612,651,971,821,626,768,1103,996,865,819,1148,1197,1060,1000,1275,1269,1145,722,976,1058,1073,866,1110,1198,1199,1012,1318,1324,1325,330,1328,1415,2057,1266,1560,1432,1463,1213,1680,1854,1473,1426,1542,1362,3278,1183,1379,1480,1013,1386,1439,1330,397,1297,2048,1238,686,1346,1900,1148,1143,-83,-3835,264,135,753,1032,1393,686,1084,1304,1387,1422,1426,1327,-984,1426,1709,111,1472
Cash from Operating Activities,CF_CASH_FROM_OPER,-246.2,-34.1,897.6,534,-63.4,509,662.5,781.9,-169,290,326,756,-386,619,637,638,1,116,751,489,105,740,669,530,333,705,511,546,509,583,538,460,547,657,578,576,406,597,2750,716,526,621,675,681,633,750,641,861,601,824,859,603,252,803,1022,798,790,1101,950,821,846,1188,1155,1145,975,812,1361,1655,453,1449,1383,2045,888,1418,1835,2020,485,1540,1853,1475,1154,1400,1676,2052,1361,1258,1959,2012,1302,1727,1644,1973,694,1960,1634,2589,1335,1742,1945,2296,1310,1538,897,2638,-1429,1572,1938,1799,993,2146,-29,2521,453,2102,1762,2005,1500,1496,2491,2782,660,210,1590,1335,718,1307,1929,3117,476,1286,778,4628,-863,719,3316,4711,342,2733,2523
,,#N/A Mandatory parameter [FIELDS] cannot be empty,,,,,,,,,,,,,,,,,,,,,,,,,,,,,,,,,,,,,,,,,,,,,,,,,,,,,,,,,,,,,,,,,,,,,,,,,,,,,,,,,,,,,,,,,,,,,,,,,,,,,,,,,,,,,,,,,,,,,,,,,,,,,,,,,,,,,,,,,,
Cash from Investing Activities,,#N/A Requesting Data...,,,,,,,,,,,,,,,,,,,,,,,,,,,,,,,,,,,,,,,,,,,,,,,,,,,,,,,,,,,,,,,,,,,,,,,,,,,,,,,,,,,,,,,,,,,,,,,,,,,,,,,,,,,,,,,,,,,,,,,,,,,,,,,,,,,,,,,,,,
  + Change in Fixed & Intang,FIXED_INTANG_ASST_CHANGE,,,,,,,,,,,,,,,,,,,,,-148,-183,-155,-294,-129,-178,-167,-320,-161,-189,-172,-297,-106,-126,-171,-314,-129,-163,-193,-277,-149,-177,-274,-337,-207,-207,-174,-205,-156,-119,-130,-181,-87,-109,-126,-208,-123,-148,-180,-344,-152,-183,-249,-345,-201,-218,-184,-351,-208,-251,-238,-456,-237,-305,-268,-406,-167,-173,-161,-325,-147,-155,-177,-359,-171,-200,-208,-359,-187,-1488,-467,-790,-452,-512,-630,-697,-475,-572,-475,-665,-455,-446,-474,-714,-384,-464,-496,-743,-426,-540,-538,-890,-415,-475,-534,-878,-450,-466,-534,-838,-403,-486,-419,-659,-419,-388,-511,-1045,-489,-520,-648,-1024,-674,-686,-786,-1020,-630,-692,-681
    + Disp in Fixed & Intang,DISPOSAL_OF_FIXED_INTANG,,,,,,,,,,,,,,,,,,,,,,,,,,,,,0,0,0,0,0,0,0,0,0,0,0,0,0,0,0,0,0,0,0,0,0,0,0,0,0,0,0,0,0,0,0,0,0,0,0,0,0,0,0,0,0,0,0,0,0,0,0,0,0,0,0,0,0,0,0,0,0,0,0,0,0,0,0,0,0,0,0,0,0,0,0,0,0,0,0,0,0,0,0,0,0,0,0,0,0,0,0,0,0,0,0,0,0,0,0,0,0,0,0,0,0,0,0,0,0,0,0,0,0,0,0
    + Acq of Fixed & Intang,ACQUIS_OF_FIXED_INTANG,,,,,,,,,,,,,,,,,,,,,-148,-183,-155,-294,-129,-178,-167,-320,-161,-189,-172,-297,-106,-126,-171,-314,-129,-163,-193,-277,-149,-177,-274,-337,-207,-207,-174,-205,-156,-119,-130,-181,-87,-109,-126,-208,-123,-148,-180,-344,-152,-183,-249,-345,-201,-218,-184,-351,-208,-251,-238,-456,-237,-305,-268,-406,-167,-173,-161,-325,-147,-155,-177,-359,-171,-200,-208,-359,-187,-1488,-467,-790,-452,-512,-630,-697,-475,-572,-475,-665,-455,-446,-474,-714,-384,-464,-496,-743,-426,-540,-538,-890,-415,-475,-534,-878,-450,-466,-534,-838,-403,-486,-419,-659,-419,-388,-511,-1045,-489,-520,-648,-1024,-674,-686,-786,-1020,-630,-692,-681
  + Net Change in LT Investment,NET_CHG_IN_LT_INVEST_DETAILED,,,,,,,,,,,,,,,,,,,,,,,,,,,,,0,0,0,0,0,0,0,0,0,0,0,0,0,0,0,0,0,0,0,0,0,0,0,0,0,0,0,0,0,0,0,0,0,0,0,0,0,0,0,0,0,0,0,0,0,0,0,0,0,0,0,0,0,0,0,0,0,0,0,0,0,0,0,0,0,0,0,0,0,0,0,0,0,0,0,0,0,0,0,0,596,0,0,0,0,0,0,0,0,0,0,0,0,0,0,0,0,0,0,0,0,0,0,0,0,0,0,0,0,0,0
    + Dec in LT Investment,CF_DECR_INVEST,,,,,,,,,,,,,,,,,,,,,,,,,,,,,0,0,0,0,0,0,0,0,0,0,0,0,0,0,0,0,0,0,0,0,0,0,0,0,0,0,0,0,0,0,0,0,0,0,0,0,0,0,0,0,0,0,0,0,0,0,0,0,0,0,0,0,0,0,0,0,0,0,0,0,0,0,0,0,0,0,0,0,0,0,0,0,0,0,0,0,0,0,0,0,596,0,0,0,0,0,0,0,0,0,0,0,0,0,0,0,0,0,0,0,0,0,0,0,0,0,0,0,0,0,0
    + Inc in LT Investment,CF_INCR_INVEST,,,,,,,,,,,,,,,,,,,,,,,,,,,,,0,0,0,0,0,0,0,0,0,0,0,0,0,0,0,0,0,0,0,0,0,0,0,0,0,0,0,0,0,0,0,0,0,0,0,0,0,0,0,0,0,0,0,0,0,0,0,0,0,0,0,0,0,0,0,0,0,0,0,0,0,0,0,0,0,0,0,0,0,0,0,0,0,0,0,0,0,0,0,0,0,0,0,0,0,0,0,0,0,0,0,0,0,0,0,0,0,0,0,0,0,0,0,0,0,0,0,0,0,0,0
  + Net Cash From Acq & Div,CF_NT_CSH_RCVD_PD_FOR_ACQUIS_DIV,,,,,,,,,,,,,,,,,,,,,,,,,,,,,,,,,,,,,,,,,,,,,,,,,,,,,,,,,,,,,,,,,,,,,,,,,,,,,-122,-31,-297,-95,-2067,-169,-115,-186,-57,18,192,-16,-20,95,-15721,45,722,511,112,64,106,-34,-206,76,-72,-18,-67,-181,-63,-425,101,-112,-100,-49,-10,-2,-90,1050,-38,-15215,114,0,1,0,0,234,2341,-19,1043,25,0,805,35,53,-60,0,0,0,6,0,1283,0,0
    + Cash from Divestitures,CF_CASH_FOR_DIVESTITURES,,,,,,,,,,,,,,,,,,,,,,,,,,,,,,,,,,,,,,,,,,,,,,,,,,,,,,,,,,,,,,,,,,,,,,,,,,,,,0,44,63,51,41,91,68,5,49,96,237,112,52,232,78,63,746,553,166,95,123,33,88,100,158,8,6,28,16,34,98,63,-5,24,18,56,35,1059,5,6,133,0,1,0,0,234,2341,-19,1049,25,0,805,35,53,6,0,0,0,6,0,1283,0,0
    + Cash for Acq of Subs,CF_CASH_FOR_ACQUIS_SUBSIDIARIES,,,,,,,,,,,,,,,,,,,,,,,,,,,,,,,,,,,,,,,,,,,,,,,,,,,,,,,,,,,,,,,,,,,,,,,,,,,,,-122,-75,-360,-146,-2108,-260,-183,-191,-106,-78,-45,-128,-72,-137,-15799,-18,-24,-42,-54,-31,-17,-67,-294,-24,-230,-26,-73,-209,-79,-459,3,-175,-95,-73,-28,-35,-125,-9,-43,-15221,-19,0,0,0,0,0,0,0,-6,0,0,0,0,0,-66,0,0,0,0,0,0,0,0
    + Cash for JVs,CF_CASH_FOR_JOINT_VENTURES_ASSOC,,,,,,,,,,,,,,,,,,,,,,,,,,,,,,,,,,,,,,,,,,,,,,,,,,,,,,,,,,,,,,,,,,,,,,,,,,,,,0,0,0,0,0,0,0,0,0,0,0,0,0,0,0,0,0,0,0,0,0,0,0,0,0,0,0,0,0,0,0,0,0,0,0,-23,0,0,0,0,0,0,0,0,0,0,0,0,0,0,0,0,0,0,0,0,0,0,0,0,0,0,0
  + Other Investing Activities,OTHER_INVESTING_ACT_DETAILED,,,,,,,,,,,,,,,,,,,,,,,,0,,,,0,51,-1,-122,-276,-286,-248,-725,-152,-57,-2009,-568,-1015,-244,-152,-49,-719,-220,-209,-43,-12,-112,-287,-46,-57,-21,-111,-1122,23,27,-197,-169,-628,-22,-2369,-843,-486,-126,-115,177,-243,48,-126,-1381,-570,-195,-494,309,-740,68,-102,254,47,90,89,-35,81,26,82,31,-9,97,-10769,10465,-55,69,-230,-189,-91,-73,175,162,14,733,-238,-379,-483,-46,2,-124,245,-209,-262,-120,-469,-471,163,-209,139,-58,-248,-96,-106,-637,3348,174,-131,-42,20,133,-985,-64,-151,-47,86,95,63,-79,42,40,-41,-34
  + Net Cash From Disc Ops,CF_NET_CASH_DISCONTINUED_OPS_INV,,,,,,,,,,,,,,,,,,,,,,,,,,,,,,,,,,,,,,,,,,,,,,,,,,,,,,,,,,,,,,,,,,,,,,,,,,,,,0,0,0,0,0,0,0,-37,1,-6,-6,-25,-1,-6,-345,3326,-51,402,,-141,,0,,-28,-33,-27,-6,9066,0,6,0,0,0,0,0,0,0,0,0,0,,0,-127,-175,-241,0,0,0,,,0,0,,0,0,0,0,0,0,0,0,0,0
Cash from Investing Activities,CF_CASH_FROM_INV_ACT,,,,,,,,,,,,,,,,,,,,,,,,-294,,,,-320,-110,-190,-294,-573,-392,-374,-896,-466,-186,-2172,-761,-1292,-393,-329,-323,-1056,-427,-416,-217,-217,-268,-406,-176,-238,-108,-220,-1248,-185,-96,-345,-349,-972,-174,-2552,-1092,-831,-327,-333,-7,-594,-160,-377,-1619,-1026,-432,-799,41,-1146,-221,-306,-204,-373,-2124,-235,-327,-501,-201,-106,9,-409,-111,-12168,-6068,2526,288,171,-707,-865,-442,-431,-519,-603,173,-729,-926,7688,-493,-881,-519,-610,-139,-851,-668,-1361,-976,738,-781,-15954,-394,-714,-756,-1119,-1281,3096,2096,-809,582,-343,-378,-1225,-518,-618,-755,-938,-579,-623,-859,-978,693,-733,-715
,,#N/A Mandatory parameter [FIELDS] cannot be empty,,,,,,,,,,,,,,,,,,,,,,,,,,,,,,,,,,,,,,,,,,,,,,,,,,,,,,,,,,,,,,,,,,,,,,,,,,,,,,,,,,,,,,,,,,,,,,,,,,,,,,,,,,,,,,,,,,,,,,,,,,,,,,,,,,,,,,,,,,
Cash from Financing Activities,,#N/A Mandatory parameter [FIELDS] cannot be empty,,,,,,,,,,,,,,,,,,,,,,,,,,,,,,,,,,,,,,,,,,,,,,,,,,,,,,,,,,,,,,,,,,,,,,,,,,,,,,,,,,,,,,,,,,,,,,,,,,,,,,,,,,,,,,,,,,,,,,,,,,,,,,,,,,,,,,,,,,
  + Dividends Paid,CF_DVD_PAID,,,,,,,,,,,,,,,,,,,,,,,,,,,,,-74,-73,-72,-72,-71,-83,-81,-81,-81,-81,-96,-95,-94,-95,-93,-105,-106,-106,-106,-105,-116,-116,-116,-114,-115,-127,-127,-164,-166,-165,-165,-164,-208,-209,-208,-207,-207,-249,-249,-246,-245,-245,-296,-294,-293,-290,-286,-341,-339,-340,-339,-338,-373,-371,-370,-368,-368,-413,-411,-410,-412,-413,-463,-464,-465,-465,-465,-513,-514,-512,-512,-510,-553,-543,-547,-541,-509,-526,-526,-508,-505,-503,-533,-533,-535,-535,-536,-564,-609,-610,-611,-612,-614,-724,-688,-706,-705,-756,-751,-745,-745,-798,-794,-791,-790,-844,-838,-767,-769,-823,-823
  + Cash From (Repayment) Debt,PROC_FR_REPAYMNTS_BOR_DETAILED,,,,,,,,,,,,,,,,,,,,,,,,,,,,,-40,-23,-55,-7,-78,-6,547,57,39,-173,731,758,-51,167,-177,421,63,53,254,-285,-324,357,13,-134,15,-25,-581,-215,-281,-20,42,301,-735,1805,594,442,-14,461,-483,-289,286,348,483,-172,862,718,-328,1039,-597,-31,-409,-700,2172,108,212,-2022,193,909,-28,-1075,-467,10833,4941,-5464,-375,-1151,-473,-889,-194,40,-204,-194,2186,461,249,-2120,2630,-486,74,1468,540,1894,423,222,-309,1288,11565,-1965,-343,-24,-376,-1041,-14473,-626,-14,-1006,-299,-59,-249,334,6,-25,3,-15,2566,851,-80,9556,-972,-685,-12
  + Cash (Repurchase) of Equity,PROC_FR_REPURCH_EQTY_DETAILED,,,,,,,,,,,,,,,,,,,,,,,,,,,,,-145,-157,-237,-167,-89,-188,-225,72,-97,-170,-282,81,-300,-222,-151,311,-200,81,-147,-18,-21,-89,-131,-304,-158,34,4,50,-97,-220,-119,-154,-29,-184,-327,-359,-271,-264,-537,-650,-379,-397,-392,-458,-759,-659,-921,-690,-164,-85,-319,-190,-401,-587,-445,-381,-638,-694,-647,30,120,18,322,62,-182,-266,-216,-158,-249,-308,-407,-349,-2976,2,113,-5998,2,-33,-524,-1719,-922,-426,-57,-17,-20,-26,7,-250,-24,-34,-39,-27,-47,4,-4,9,-375,-632,-993,-327,-743,-1036,-616,-408,-562,-596,-1429,-10283,-56,-44,-294
    + Increase in Capital Stock,CF_INCR_CAP_STOCK,,,,,,,,,,,,,,,,,,,,,,,,,,,,,0,0,0,143,0,0,0,220,0,0,0,354,0,0,0,438,0,246,26,43,79,37,37,2,43,84,54,150,119,44,89,150,86,76,58,62,104,111,43,88,121,143,108,43,42,60,29,0,36,65,111,130,99,63,49,175,89,79,28,30,120,18,322,62,153,69,114,42,86,27,18,56,24,2,1113,2,2,3,4,7,11,11,3,6,5,1,27,3,5,6,3,13,0,4,0,9,0,0,0,0,0,0,0,0,0,0,0,0,0,0,0
    + Decrease in Capital Stock,CF_DECR_CAP_STOCK,,,,,,,,,,,,,,,,,,,,,,,,,,,,,-145,-157,-237,-310,-89,-188,-225,-148,-97,-170,-282,-273,-300,-222,-151,-127,-200,-165,-173,-61,-100,-126,-168,-306,-201,-50,-50,-100,-216,-264,-208,-304,-115,-260,-385,-421,-375,-375,-580,-738,-500,-540,-500,-501,-801,-719,-950,-690,-200,-150,-430,-320,-500,-650,-494,-556,-727,-773,-675,0,0,0,0,0,-335,-335,-330,-200,-335,-335,-425,-405,-3000,0,-1000,-6000,0,-36,-528,-1726,-933,-437,-60,-23,-25,-27,-20,-253,-29,-40,-42,-40,-47,0,-4,0,-375,-632,-993,-327,-743,-1036,-616,-408,-562,-596,-1429,-10283,-56,-44,-294
  + Other Financing Activities,OTHER_FIN_AND_DEC_CAP,,,,,,,,,,,,,,,,,,,,,,,,,,,,,-2,8,-10,-140,47,16,-6,-171,26,2227,-2112,-326,12,14,74,-322,69,-185,-17,-43,-93,-5,-50,-34,-39,23,-64,-82,-42,-64,-37,93,-2,-26,-5,-45,14,39,-54,-36,-20,33,-29,-1,-31,-85,-168,-170,-109,-120,-56,-55,-80,-63,-110,-61,-58,-30,-213,-138,-78,-224,-191,-99,3,-86,-85,-145,-38,-68,-107,-123,-40,-78,-134,-256,-93,-38,-141,-226,-42,-88,-74,-372,-46,-28,14,-95,-101,157,609,1251,-1033,-1026,-18,-101,-165,-128,-70,-792,-263,-23,2024,-1635,-118,-39,-30,-1124,-210,-32,-29
  + Net Cash From Disc Ops,CF_NET_CASH_DISCONTINUED_OPS_FIN,,,,,,,,,,,,,,,,,,,,,,,,,,,,,,,,,,,,,,,,,,,,,,,,,,,,,,,,,,,,,,,,,,,,,,,,,,,,,0,0,0,0,0,0,0,-13,-8,-2,-2,-2,-2,2,,,,,,-9,,0,-82,-12,-1,-4,4,-8,0,0,0,0,,0,0,0,0,0,0,0,,0,-712,-1241,17529,0,32,35,5,19,3,0,0,0,0,0,0,0,0,0,0,0,0
Cash from Financing Activities,CFF_ACTIVITIES_DETAILED,,,,,,,,,,,,,,,,,,,,,,,,,,,,,-261,-245,-374,-386,-191,-261,235,-123,-113,1803,-1759,418,-433,-136,-347,305,-174,-157,-16,-451,-554,147,-284,-586,-297,-95,-768,-411,-586,-469,-279,76,-974,1386,54,-169,-478,-13,-1323,-1221,-358,-261,-234,-925,-221,-316,-1703,-162,-1209,-576,-1123,-1283,1318,-913,-713,-2845,-879,-230,-1301,-1595,-839,10216,4609,-5965,-1019,-1968,-1239,-1714,-995,-848,-1312,-1188,-1384,-162,-316,-8923,2030,-1083,-1117,-985,-929,877,-241,-700,-910,699,11050,-2874,-1077,-511,-1129,-1670,1362,-2372,-692,-1769,-1539,-1556,-2060,-1530,-1745,-1882,617,-2849,1096,-628,-2377,-2618,-2007,-1584,-1158
,,#N/A Mandatory parameter [FIELDS] cannot be empty,,,,,,,,,,,,,,,,,,,,,,,,,,,,,,,,,,,,,,,,,,,,,,,,,,,,,,,,,,,,,,,,,,,,,,,,,,,,,,,,,,,,,,,,,,,,,,,,,,,,,,,,,,,,,,,,,,,,,,,,,,,,,,,,,,,,,,,,,,
  Effect of Foreign Exchange Rates,CF_EFFECT_FOREIGN_EXCHANGES,,,,,,,,,,,,,,,,,,,,,,,,,,,,,,,,,,,,,,,,,,,,,,,,,,,,,,,,,,,,,,,,,,,,,,,,,,,,,-110,86,90,-2,-9,-43,98,22,76,34,-97,-14,50,-87,62,5,-18,-35,24,-12,-40,22,-41,-97,-53,5,-95,-31,17,-7,18,-148,69,26,113,42,119,-137,-93,-9,41,-25,-80,46,-95,9,21,43,23,56,-69,-11,15,-35,-37,15,1,18,-15,14,-8,-4,23
,,#N/A Mandatory parameter [FIELDS] cannot be empty,,,,,,,,,,,,,,,,,,,,,,,,,,,,,,,,,,,,,,,,,,,,,,,,,,,,,,,,,,,,,,,,,,,,,,,,,,,,,,,,,,,,,,,,,,,,,,,,,,,,,,,,,,,,,,,,,,,,,,,,,,,,,,,,,,,,,,,,,,
Net Changes in Cash,CF_NET_CHNG_CASH,,,,534,,,,781.9,,,,756,,,,638,,,,489,,,,236,,,,226,138,148,-130,-499,-36,22,-83,-13,107,228,230,-158,-300,156,5,-70,32,177,408,193,-221,565,399,-221,-153,488,-994,202,108,287,322,-75,-302,22,117,145,170,466,31,-160,-65,811,-470,94,235,303,173,712,-1055,744,616,-183,339,209,734,-1272,357,956,570,-6,402,-312,247,-1461,-55,128,-288,-2,-142,485,73,408,46,652,-440,1372,125,-399,320,56,-6,2198,-825,502,-1314,3402,11938,-16832,70,246,526,39,646,943,3015,-1200,-216,-536,-578,351,-1772,-1249,603,856,-345,-514,65,1129,-980,412,673
,,#N/A Mandatory parameter [FIELDS] cannot be empty,,,,,,,,,,,,,,,,,,,,,,,,,,,,,,,,,,,,,,,,,,,,,,,,,,,,,,,,,,,,,,,,,,,,,,,,,,,,,,,,,,,,,,,,,,,,,,,,,,,,,,,,,,,,,,,,,,,,,,,,,,,,,,,,,,,,,,,,,,
Cash Paid for Taxes,CF_CASH_PAID_FOR_TAX,,,,,,,,,,,,,,,,,,,,,,,,,,,,,,,,,,,,,,,,,,,,,,,,,,,,,,,,,,,,,,,,,,,,,,,,,,,,,,,,,,,,,,,,,,,,,,,,2789,,,,,,,,,,,,,,,,,,,,,,,,,,,,,,,,,,,,,,,,,,,
,,#N/A Mandatory parameter [FIELDS] cannot be empty,,,,,,,,,,,,,,,,,,,,,,,,,,,,,,,,,,,,,,,,,,,,,,,,,,,,,,,,,,,,,,,,,,,,,,,,,,,,,,,,,,,,,,,,,,,,,,,,,,,,,,,,,,,,,,,,,,,,,,,,,,,,,,,,,,,,,,,,,,
Reference Items,,#N/A Mandatory parameter [FIELDS] cannot be empty,,,,,,,,,,,,,,,,,,,,,,,,,,,,,,,,,,,,,,,,,,,,,,,,,,,,,,,,,,,,,,,,,,,,,,,,,,,,,,,,,,,,,,,,,,,,,,,,,,,,,,,,,,,,,,,,,,,,,,,,,,,,,,,,,,,,,,,,,,
Net Cash Paid for Acquisitions,CF_NET_CASH_PAID_FOR_AQUIS,,,,,,,,,,,,,,,,,,,,,,,,,,,,,46,101,269,,235,434,1104,,95,2069,2612,,269,442,507,,173,276,416,,118,312,323,,18,94,1076,-91,44,165,341,,125,2546,899,493,119,253,146,393,240,130,1264,403,157,389,162,477,122,75,360,146,2108,260,183,191,106,78,45,128,72,137,15799,18,24,42,54,31,17,67,294,24,230,26,73,209,79,459,-3,175,95,73,28,-133,125,9,43,15087,19,0,,,0,,0,,6,0,0,,0,0,66,0,,,0,0,,,
Free Cash Flow,CF_FREE_CASH_FLOW,,,,,,,,,,,,,,,,,,,,,-43,557,514,236,204,527,344,226,348,394,366,163,441,531,407,262,277,434,2557,439,377,444,401,344,426,543,467,656,445,705,729,422,165,694,896,590,667,953,770,477,694,1005,906,800,774,594,1177,1304,245,1198,1145,1589,651,1113,1567,1614,318,1367,1692,1150,1007,1245,1499,1693,1190,1058,1751,1653,1115,1483,1327,1332,399,1591,1251,2067,1002,1336,1621,1765,987,1207,507,2030,-1715,1209,1544,1143,668,1700,-472,1721,116,1730,1349,1225,1137,1112,2047,2036,335,-248,1201,712,331,947,1496,2163,37,807,263,3773,-1383,193,2752,3906,-125,2196,1971
Free Cash Flow to Firm,CF_FREE_CASH_FLOW_FIRM,,,,,,,,,,,,,,,,,,,,,-2.6508,600.8482,551.141,274.3772,242.4027,564.0404,379.9582,261.4692,380.2122,427.2187,399.0675,194.801,473.1989,561.9213,439.917,301.1283,314.8046,473.489,2618.9043,502.0231,436.8003,507.1452,468.3718,417.8185,500.4209,619.6716,549.133,732.8972,515.9169,773.6888,795.604,494.094,230.5054,760.9798,964.3841,662.6643,729.6678,1023.5073,834.1095,545.7761,765.9636,1096.4244,1002.5212,904,876.2649,708.442,1288.7425,1416.56,346.034,1315.1263,1278.543,1711.3051,768.9821,1238.845,1696.5353,1742.7739,448.0698,1496.2342,1813.5803,1281.7284,1137.2825,1379.2781,1632.7963,1834.9472,1302.9286,1172.0408,1865.1869,1789.8813,1245.8687,1630.2004,1518.0466,1526.0463,593.7797,1786.3886,1427.8449,2257.2031,1171.4383,1540.0717,1800.3243,2023.3217,1161.5369,1382.2229,667.6695,1803.5161,-1539.6382,1388.072,1734.8036,1513.8405,836.6699,1886.3043,-281.2928,1798.532,301.2952,1924.729,1595.4519,1398.1678,1488.9484,1529.9579,2372.4852,2414.6996,482.4695,,1396.4303,,581.6399,1210.2503,1862.2541,2447.5675,353.4042,1112.4713,534.1807,4071.9707,-1101.1028,488.9863,3108.078,4373.7942,270.4943,2397.986,2370.4544
Free Cash Flow to Equity,FREE_CASH_FLOW_EQUITY,,,,,,,,,,,,,,,,,,,,,,,,,,,,,305,365,306,154,357,517,949,311,306,250,3277,1189,312,597,216,752,476,585,715,367,112,1052,734,282,170,666,310,-51,,,812,778,-41,2810,1500,1242,760,1055,694,1015,531,,,,,1831,1239,2653,-279,1336,1283,450,3179,1353,1711,-329,1383,1967,1723,578,648,12316,6268,-4132,24,440,778,1178,808,1376,1417,1571,3173,1668,756,-90,915,723,1618,2611,1208,3594,-49,1943,-193,3018,12914,-740,794,1088,1671,995,-14138,-874,1187,-294,32,888,1247,2497,43,782,266,3758,1183,1044,2672,13462,-1097,1511,1959
Free Cash Flow per Basic Share,FREE_CASH_FLOW_PER_SH,,,,,,,,,,,,,,,,,,,,,-0.0413,0.5316,0.4912,0.2258,0.1942,0.5022,0.3287,0.2169,0.3665,0.4177,0.3905,0.1766,0.4806,0.5794,0.4482,0.2906,0.3071,0.4728,2.6635,0.4611,0.3985,0.4723,0.4284,0.3667,0.4522,0.5764,0.4968,0.6994,0.4704,0.7452,0.7706,0.447,0.1755,0.7415,0.9532,0.6071,0.6697,0.9607,0.7762,0.4818,0.6996,1.0101,0.9133,0.8105,0.7866,0.6043,1.201,1.3416,0.2531,1.2402,1.189,1.6569,0.6838,1.179,1.6795,1.7505,0.3464,1.4875,1.8451,1.2568,1.1022,1.3675,1.6553,1.8769,1.3241,1.1849,1.9701,1.8615,1.2515,1.66,1.4805,1.4878,0.4427,1.7656,1.3888,2.2941,1.1122,1.4843,1.8057,1.9721,1.1086,1.3758,0.5785,2.3882,-2.0788,1.4649,1.8774,1.4252,0.8418,2.1546,-0.5988,2.1812,0.1469,2.1885,1.7048,1.4885,1.3326,1.3015,2.3939,2.3774,0.3903,-0.1652,0.7946,0.4708,0.219,0.6287,0.9987,1.4512,0.0249,0.5456,0.1789,2.5745,-0.9458,0.1324,1.9004,2.8829,-0.094,1.6489,1.4784
Price to Free Cash Flow,PX_TO_FREE_CASH_FLOW,,,,,,,,,,,,,,,,,,,,,,,,5.794,5.736,5.9988,7.0943,7.8647,7.8972,9.2033,8.5831,7.9455,9.2891,8.383,6.6898,8.915,12.2878,13.9817,4.6845,4.9094,4.6633,4.3455,11.6218,13.9177,12.5699,11.846,7.2472,8.5669,9.7557,8.3026,6.2032,7.5069,7.9684,9.7854,9.8353,11.2821,8.5652,8.4555,9.138,10.5521,10.2732,10.2056,9.8481,9.6044,9.7122,12.0095,10.9818,9.3748,11.276,10.366,11.7968,10.4039,8.5098,7.7285,6.8133,5.9729,5.1156,5.822,6.6188,8.2942,7.628,6.8713,7.8063,7.7358,8.022,8.6414,6.5291,6.799,7.8046,6.6066,7.3841,8.2265,10.8669,10.5893,12.5063,11.3934,10.504,10.8441,9.3013,10.641,10.8507,10.4481,10.4246,10.3947,26.0807,25.7071,16.4098,24.0466,11.7986,11.4338,17.9094,16.4323,19.1069,18.8228,13.2546,11.3598,11.3222,13.1781,12.3566,11.9279,8.6085,12.333,16.9383,47.9787,58.5718,40.3724,37.0959,26.0976,31.9224,31.8206,37.1999,30.3619,41.6161,50.494,19.6556,21.1946,20.2274,15.839,20.4796
Cash Flow to Net Income,CASH_FLOW_TO_NET_INC,-1.8305,-0.1643,3.7431,3.1635,-1.5771,11.7281,5.5439,,,1.9595,2.5873,,-6.0313,4.7615,4.0573,4.6912,0.0149,0.703,3.9947,2.9636,0.7778,3.3945,3.1857,2.8342,2.0305,2.722,2.0118,2.3843,2.2723,1.9178,1.7933,1.8852,2.1038,1.825,1.6609,2.007,1.3182,0.5543,30.5556,12.7857,1.3952,1.22,1.3609,1.5986,1.4386,1.2755,1.1345,2.4957,1.2869,1.3205,1.4036,1.1313,0.502,1.2706,1.5994,1.3571,1.3644,1.3154,1.3158,1.3415,1.2995,1.2235,1.4068,1.8291,1.2695,0.7362,1.3665,1.9133,0.5531,1.2622,1.1554,1.9292,0.888,1.1122,1.446,1.7642,0.6717,1.5779,1.7514,1.3747,1.3326,1.2613,1.399,1.7114,1.3449,0.9545,1.4796,1.5185,3.9455,1.3005,1.1618,0.9592,0.5482,1.2564,1.1411,1.7697,1.1006,1.0369,1.0491,1.5587,0.9187,0.9974,0.6586,0.8048,-1.2079,1.14,1.3095,1.7759,0.7165,1.4913,-0.0218,6.3501,0.3493,1.0264,1.4233,2.9227,1.1144,0.7874,2.1699,2.4339,,,6.0227,9.8889,0.9535,1.2665,1.3848,4.5437,0.4391,0.9862,0.5609,3.2546,-0.6052,0.5418,,3.3036,0.2001,24.6216,1.714
,,#N/A Mandatory parameter [FIELDS] cannot be empty,,,,,,,,,,,,,,,,,,,,,,,,,,,,,,,,,,,,,,,,,,,,,,,,,,,,,,,,,,,,,,,,,,,,,,,,,,,,,,,,,,,,,,,,,,,,,,,,,,,,,,,,,,,,,,,,,,,,,,,,,,,,,,,,,,,,,,,,,,
Revenue,SALES_REV_TURN,4730.7002,5602.3999,5212.8999,5896,4747.2998,5205,5181.2002,5706.5,5058,5635,5287,5661,4725,5508,5056,5447,4745,5306,5135,5615,5318,5774,5604,6106,5449,6002,5908,6153,5886,6432,5936,6341,5220,5848,5710,6009,5382,5984,6068,6410,6390,6961,6465,6767,6671,7332,6920,6974,6374,7324,7299,7215,6702,7790,7954,8588,8646,9622,9339,9838,9407,11152,10905,11261,10615,12264,12163,12787,12278,13904,13863,14714,13958,15944,15085,14770,12249,13196,13375,14100,12040,13802,13620,14864,12680,14469,14235,14377,12416,13807,15042,16443,14399,16006,15462,16759,14745,17191,14613,14980,13320,14690,13788,14300,13357,14874,14354,14659,13815,15280,15062,15680,15242,16705,16510,18044,18365,11329,11373,11694,11360,14061,14747,16419,15251,15880,16213,17044,15716,16314,16951,18093,17214,18315,13464,19927,19305,19721,20089
    + Sales & Services Revenue,IS_SALES_AND_SERVICES_REVENUES,,,,,,,,,,,,,,,,,,,,,,,,,,,,,,,,,,,,,,,,,,,,,,,,,,,,,,,,,,,,,,,,,,,,,,,,,,,,,12199,13060,13187,14100,12040,13802,13620,14864,12680,14469,14235,14377,12416,13807,15042,16443,14399,16006,15462,16759,14745,17191,14613,14980,13320,14690,13788,14300,13357,14874,14354,14659,13815,15280,15062,15680,15242,16705,16510,18044,18365,11329,11373,11694,11360,14061,14747,16419,15251,15880,16213,17044,15716,16314,16951,18093,17214,18315,13464,19927,19305,19721,20089
  - Cost of Revenue,IS_COGS_TO_FE_AND_PP_AND_G,3489.1001,4222.2998,3812.8,4491,3623.6001,4138.6001,3975.8999,4648.8999,3951,4433,4088,4443,3749,4320,3914,4254,3735,4202,4013,4382,4183,4486,4325,4606,4209,4558,4476,4494,4536,4888,4483,4663,3961,4309,4202,4425,3977,4347,4857,5004,4628,4987,4525,4830,4812,5184,4923,5168,4485,5190,5238,5248,4866,5619,5713,6310,6270,6971,6740,7189,6815,7990,7891,8239,7650,8775,8794,9521,8996,10129,10068,10729,10238,11636,10935,10828,9107,9601,9836,10317,8732,10015,9667,11000,9164,10468,10338,10411,8930,9934,11003,12286,10465,11552,11020,12284,10690,12931,10165,10731,9506,10472,9800,10653,9654,10741,10342,10723,10136,11100,11106,11795,11280,12422,12536,13747,13707,8554,8509,9116,8572,12214,13004,14266,12537,12655,13089,13616,12560,12856,13464,14526,13645,14518,12750,15918,15744,16141,16055
    + Cost of Goods & Services,IS_COG_AND_SERVICES_SOLD,,,,,,,,,,,,,,,,,,,,,,,,,,,,,,,,,,,,,,,,,,,,,,,,,,,,,,,,,,,,,,,,,,,,,,,,,,,,,9107,9601,9836,10317,8732,10015,9667,11000,9164,10468,10338,10411,8930,9934,11003,12286,10465,11552,11020,12284,10690,12931,10165,10731,9506,10472,9800,10653,9654,10741,10342,10723,10136,11100,11106,11795,11280,12422,12536,13747,13707,8554,8509,9116,8572,12214,13004,14266,12537,12655,13089,13616,12560,12856,13464,14526,13645,14518,12750,15918,15744,16141,16055
Gross Profit,GROSS_PROFIT,1241.6001,1380.1001,1400.0999,1405,1123.6997,1066.3999,1205.3003,1057.6001,1107,1202,1199,1218,976,1188,1142,1193,1010,1104,1122,1233,1135,1288,1279,1500,1240,1444,1432,1659,1350,1544,1453,1678,1259,1539,1508,1584,1405,1637,1211,1406,1762,1974,1940,1937,1859,2148,1997,1806,1889,2134,2061,1967,1836,2171,2241,2278,2376,2651,2599,2649,2592,3162,3014,3022,2965,3489,3369,3266,3282,3775,3795,3985,3720,4308,4150,3942,3142,3595,3539,3783,3308,3787,3953,3864,3516,4001,3897,3966,3486,3873,4039,4157,3934,4454,4442,4475,4055,4260,4448,4249,3814,4218,3988,3647,3703,4133,4012,3936,3679,4180,3956,3885,3962,4283,3974,4297,4658,2775,2864,2578,2788,1847,1743,2153,2714,3225,3124,3428,3156,3458,3487,3567,3569,3797,714,4009,3561,3580,4034
  + Other Operating Income,IS_OTHER_OPER_INC,,,,,,,,,,,,,,,,,,,,,,,,,,,,,,,,,,,,,,,,,,,,,,,,,,,,,,,,,,,,,,,,,,,,,,0,,,0,0,0,0,0,0,0,0,0,0,0,0,0,0,0,0,0,0,0,0,0,0,0,0,0,0,0,0,0,0,0,0,0,0,0,0,0,0,0,0,0,0,0,0,0,0,0,0,0,0,0,0,0,0,0,0,0,0,0,0,0,0,0,0,0,0,0
  - Operating Expenses,IS_OPERATING_EXPN,977.8,1003.9,1026.3,1107.2,1012.7,1054.6,991.1,1093.6,964,959,974,1653,910,946,871,957,843,909,840,922,847,905,893,969,933,983,978,1100,973,1043,958,1090,938,956,927,1084,975,999,1092,1359,1095,1096,1090,1192,1082,1159,1175,1161,1092,1103,1059,1140,999,1138,1193,1351,1413,1401,1365,1615,1504,1673,1630,1801,1683,1748,1722,1838,1778,1910,1907,2192,2046,2209,2101,2139,1892,1958,1768,1976,1785,1905,2025,2011,1828,1851,1746,2121,1773,1694,1998,2406,1928,1947,2076,2145,1957,1905,1836,1969,1632,1803,1686,3255,1758,1796,1761,2297,1535,1890,1924,2087,2034,1407,2136,2386,2613,1389,1434,1622,1493,5607,1309,2011,1701,1943,1781,2108,2076,2105,1967,2076,1917,2304,2110,2232,1691,3051,2006
"    + Selling, General & Admin",IS_SGA_EXPENSE,,,,,,,,,,,,,,,,,,,,,,,,,,,,,,,,,,,,,,,,,,,,,,,,,,,,,,,,,,,,,,,,,,,,,,1494,,1711,1635,1775,1665,1649,1483,1574,1424,1555,1424,1491,1478,1631,1456,1576,1512,1623,1529,1509,1619,1795,1627,1737,1633,1721,1596,1623,1501,1620,1476,1426,1359,1625,1363,1451,1390,1856,1537,1538,1582,1720,1711,1759,1681,1915,1997,902,902,1039,977,1811,1401,1351,1220,1368,1229,1407,1469,1424,1351,1389,1398,1600,1401,1445,1394,1449,1389
    + Selling & Marketing,IS_SELLING_EXPENSES,,,,,,,,,,,,,,,,,,,,,,,,,,,,,,,,,,,,,,,,,,,,,,,,,,,,,,,,,,,,,,,,,,,,,,,,,,,,,,,,,,,,,,,,,,,,,,,,,,,,,,,,,,,,,,,,,,,,,,,,,,,,,,,,,,,,,,,,,,,
    + General & Administrative,IS_GENERAL_AND_ADMINISTRATIVE,,,,,,,,,,,,,,,,,,,,,,,,,,,,,,,,,,,,,,,,,,,,,,,,,,,,,,,,,,,,,,,,,,,,,,,,,,,,,,,,,,,,,,,,,,,,,,,,,,,,,,,,,,,,,,,,,,,,,,,,,,,,,,,,,,,,,,,,,,,
    + Research & Development,IS_OPERATING_EXPENSES_RD,,,,,,,,,,,,,,,,,,,,,,,,,,,,,,,,,,,,,,,,,,,,,,,,,,,,,,,,,,,,,,,,,,,,,,,,,,,,,409,384,344,421,397,459,433,457,470,494,465,524,544,525,590,712,610,631,630,658,624,666,640,624,564,558,546,611,541,588,582,626,586,609,592,630,554,589,586,733,728,605,592,668,535,695,642,710,589,657,676,810,635,698,662,716,607,729,712,757,669,706,751
    + Other Operating Expense,IS_OTHER_OPERATING_EXPENSES,,,,,,,,,,,,,,,,,,,,,,,,,,,,,,,,,,,,,,,,,,,,,,,,,,,,,,,,,,,,,,,,,,,,,,,,,,,,,0,0,0,0,-36,-45,114,-77,-98,-219,-231,-26,-300,-340,-211,-101,-309,-421,-187,-234,-263,-384,-305,-275,-408,-181,-219,1019,-146,-243,-211,-185,-588,-257,-250,-263,-231,-941,-131,-262,-112,-118,-60,-85,-19,3101,-734,-50,-108,-82,-124,-109,-28,-17,-46,-29,-88,-25,-3,30,-372,896,-134
Operating Income (Loss),IS_OPER_INC,263.8,376.2,373.8,297.8,111,11.8,214.2,-36,143,243,225,-435,66,242,271,236,167,195,282,311,288,383,386,531,307,461,454,559,377,501,495,588,321,583,581,500,430,638,119,47,667,878,850,745,777,989,822,645,797,1031,1002,827,837,1033,1048,927,963,1250,1234,1034,1088,1489,1384,1221,1282,1741,1647,1428,1504,1865,1888,1793,1674,2099,2049,1803,1250,1637,1771,1807,1523,1882,1928,1853,1688,2150,2151,1845,1713,2179,2041,1751,2006,2507,2366,2330,2098,2355,2612,2280,2182,2415,2302,392,1945,2337,2251,1639,2144,2290,2032,1798,1928,2876,1838,1911,2045,1386,1430,956,1295,-3760,434,142,1013,1282,1343,1320,1080,1353,1520,1491,1652,1493,-1396,1777,1870,529,2028
  - Non-Operating (Income) Loss,IS_NONOP_INCOME_LOSS,,,,,,,,,,,,,,,,,,,,,,,,,,,,,,,,,,,,,,,,,,,,,,,,,,,,,,,,,,,,,,,,,,,,,,,,,,,,,175,177,170,183,171,149,161,167,148,141,139,67,129,168,216,260,236,217,226,218,225,206,185,266,217,217,184,206,223,225,225,366,90,226,92,93,38,42,70,123,223,152,113,269,164,98,97,105,-145,-148,-133,453,-162,-145,-157,-149,-129,-114,-74,42,19,101,122
"    + Interest Expense, Net",IS_NET_INTEREST_EXPENSE,,,,,,,,,,,,,,,,,,,,,,,,,,,,,48,49,49,,47,45,48,57,55,57,63,85,86,93,97,106,107,109,100,110,99,96,93,93,91,93,95,96,87,91,89,,100,120,135,,142,155,156,,150,,179,174,,,,,,,,,171,149,161,167,148,141,139,67,129,168,216,260,236,217,226,218,225,206,185,266,217,217,184,206,223,225,225,366,213,226,223,247,229,234,258,317,431,352,402,417,332,335,350,349,346,342,358,308,318,329,311,318,315,333,369,488,405,475,496
    + Interest Expense,IS_INT_EXPENSE,97.4,107.7,90.4,66.1,82.9,81.8,84.7,89.6,73,68,71,70,68,64,60,59,66,63,59,87,62,67,57,58,58,56,54,53,48,49,49,47,47,45,48,57,55,57,63,85,86,93,97,106,107,109,100,110,99,96,93,93,91,93,95,96,87,91,89,96,100,120,135,143,142,155,156,153,150,163,179,174,165,176,177,171,175,177,170,183,186,192,182,191,165,164,166,177,164,190,260,279,255,272,248,259,243,245,235,377,239,245,223,238,241,248,252,420,236,251,258,272,256,258,323,388,450,420,424,436,339,346,356,367,357,346,367,320,349,342,326,334,339,350,391,551,420,494,496
    - Interest Income,IS_INT_INC,,,,,,,,,,,,,,,,,,,,,,,,,,,,,,,,,,,,,,,,,,,,,,,,,,,,,,,,,,,,,,,,,,,,,,,,,,,,,,,,,15,43,21,24,17,23,27,110,35,22,44,19,19,55,22,41,18,39,50,111,22,28,39,32,18,23,27,54,23,25,35,25,27,24,65,71,19,68,22,19,7,11,6,18,11,4,9,12,31,13,15,16,24,17,22,63,15,19,0
    + Other Investment (Inc) Loss,IS_OTHER_INVESTMENT_INCOME_LOSS,,,,,,,,,,,,,,,,,,,,,,,,,,,,,,,,,,,,,,,,,,,,,,,,,,,,,,,,,,,,,,,,,,,,,,,,,,,,,,,,,,,,,,,,,,,,,,,,,,,,,,,,,,,,,,,,,,,,,,,,,,,,,,,,,,,,,,,,,,,
    + (Income) Loss from Affiliates,INCOME_LOSS_FROM_AFFILIATES,,,,,,,,,,,,,,,,,,,,,,,,,,,,,,,,,,,,,,,,,,,,,,,,,,,,,,,,,,,,,,,,,,,,,,,,,,,,,,,,,,,,,,,,,,,,,,,,,,,,,,,,,,,,,,,,,,,,,,,,,,,,,,,,,,,,,,,,,,,
    + Other Non-Op (Income) Loss,IS_OTHER_NON_OPERATING_INC_LOSS,,,,,,,,,,,,,,,,,,,,,,,,,,,,,,,,,,,,,,,,,,,,,,,,,,,,,,,,,,,,,,,,,,,,,,,,,,,,,0,0,0,0,0,0,0,0,0,0,0,0,0,0,0,0,0,0,0,0,0,0,0,0,0,0,0,0,0,0,0,0,-123,0,-131,-154,-191,-192,-188,-194,-208,-200,-289,-148,-168,-237,-253,-244,-491,-490,-491,145,-480,-474,-468,-467,-444,-447,-443,-446,-386,-374,-374
"Pretax Income (Loss), Adjusted",PRETAX_INC,237.2,355.9,416.8,281.3,84.3,101.9,222.1,-1299.2999,178,276,242,-496,137,240,283,249,141,308,335,292,252,382,376,334,293,446,431,390,377,503,489,402,362,521,506,421,435,638,115,69,581,785,753,639,670,880,722,535,698,935,909,734,746,940,953,831,876,1159,1087,938,988,1369,1249,1078,1140,1586,1491,1275,1354,1702,1709,1619,1509,1923,1872,1632,1075,1460,1601,1624,1352,1733,1767,1686,1540,2009,2012,1778,1584,2011,1825,1491,1770,2290,2140,2112,1873,2149,2427,2014,1965,2198,2118,186,1722,2112,2026,1273,2054,2064,1940,1705,1890,2834,1768,1788,1822,1234,1317,687,1131,-3858,337,37,1158,1430,1476,867,1242,1498,1677,1640,1781,1607,-1322,1735,1851,428,1906
  - Abnormal Losses (Gains),IS_ABNORMAL_ITEM,,,,,,,,,,,,,,,,,,,,,,,,,,,,,,,,,0,0,0,0,0,0,346,306,0,0,0,0,0,0,0,126,-15,0,0,0,0,0,0,0,9,-49,58,59,18,-110,50,97,6,-95,33,82,69.51,25,-35,65,19.5,94,56,-68,163,249,174,108,67,160,217,194,30,-41,66,79,9,-17,94,321,14,-3,128,136,125,165,-50,128,-33,39,73,1736,62,116,129,685,51,60,159,216,99,-647,743,186,201,267,153,483,380,4301.7215,136,666,584,525,637,1388,620,418,398,521,468,750,3632,485,674,2031,455
    + Abnormal Derivatives,IS_DERIVATIVES_HEDGING,,,,,,,,,,,,,,,,,,,,,,,,,,,,,,,,,,,,,,,,,,,,,,,,,,,,,,,,,,,,,,,,,,,,,,,,,,,,,,,,,,,,,,,,,,,,,,,,,,,,,,,,,,,,,,,,,,,,,,,,,,,,,,,,,,,,,,,,,,,
    + Disposal of Assets,IS_GAIN_LOSS_DISPOSAL_ASSETS,,,,,,,,,,,,,,,,,,,,,,,,,,,,,,,,,,,,,,,,,,,,,,,,,,,,,,,,,,,,,,,,,,,,,,,,,,,,,,,,,,,,-18,,,-28,-81,,32,,,,,,,,,,,,,,,,,,,,,,,,,,,,,,,,,,,,,,,,,,,,,,,,,
    + Asset Write-Down,IS_IMPAIRMENT_ASSETS,,,,,,,,,,,,,,,,,,,,,,,,,,,,,,,,,,,,,,,,,,,,,,,,,,,,,,,,,,,,,,,,,,,,,,,,,,,,,,,,,,86,,,,,,,,,,39,,,,,,,,,,,,,,,,,,,,,,48,,,,,,,,3,,,,,,,,,,,,,,,,,
    + Impairment of Intangibles,IS_IMPAIR_OF_INTANG_ASSETS,,,,,,,,,,,,,,,,,,,,,,,,,,,,,,,,,,,,,,,,,,,,,,,,,,,,,,,,,,,,,,,,,,,,,,,,,,,,,,,,,,,,,,,,,,,,,,,,,,,,,,,,,,,,,,,,,,,,,,,,,40,17,,,,,,,,,,,,,,,,,
    + Gain/Loss on Sale/Acquisition of Business,IS_SALE_OF_BUSINESS,,,,,,,,,,,,,,,,,,,,,,,,,,,,,,,,,,,,,,,,,,,,,,,,,,,,,,,,,,,,,,,,,,,,,,,,,,,,,,-52,-57,-27,,-11,,-21,,-73,,-79,-215,-142,-34,,-38,-193,,,,,-83,,,,,,,,,,,,,,,-795,-4,4,25,,,,,17.7215,-601,13,,,,,,,,7,,,,2,-9,,
    + Legal Settlement,IS_LEGAL_LITIGATION_SETTLEMENT,,,,,,,,,,,,,,,,,,,,,,,,,,,,,,,,,,,,,,,,,,,,,,,,,,,,,,,,,,,,,,,,,,,,,,,,,,,,,,,,,,,,,,-25,,45,10,,,24,,,,,,,,,,,,,,,,,,,,,,,,,,,,,,,,,,,,147,,,,,,,,,,,
    + Sale of Investments,IS_GAIN_LOSS_ON_INVESTMENTS,,,,,,,,,,,,,,,,,,,,,,,,,,,,,,,,,,,,,,,,,,,,,,,,,,,,,,,,,,,,,,,,,,,,,,,,,,,,,,,,,,,,,,,-41,,,,,,,,,,,,-30,,,,,,,,,,,,-120,,,,,,,,,,,,,,,,,,,,,,,,,,,,
    + Other Abnormal Items,IS_OTHER_ONE_TIME_ITEMS,,,,,,,,,,,,,,,,,,,,,,,,,,,,,,,,,,,,,,,,,,,,,,,,,,,,,,,,,,,,,,,,,,,,,,,,,,,,,,,,,,,159,,,,20,46,103,,,,,,25,,,110,,,,,,1540,,,95,423,,,187,96,,,646,-21,,,-103,72,101,25,-82,-16,25,-50,,17,97,-42,-108,,-57,193,3011,-60,147,1491,-128
"Pretax Income (Loss), GAAP",PRETAX_INC,237.2,355.9,416.8,281.3,84.3,101.9,222.1,-1299.2999,178,276,242,-496,137,240,283,249,141,308,335,292,252,382,376,334,293,446,431,390,377,503,489,402,362,521,506,421,435,638,115,69,581,785,753,639,670,880,722,535,698,935,909,734,746,940,953,831,876,1159,1087,938,988,1369,1249,1078,1140,1586,1491,1275,1354,1702,1709,1619,1509,1923,1872,1632,1075,1460,1601,1624,1352,1733,1767,1686,1540,2009,2012,1778,1584,2011,1825,1491,1770,2290,2140,2112,1873,2149,2427,2014,1965,2198,2118,186,1722,2112,2026,1273,2054,2064,1940,1705,1890,2834,1768,1788,1822,1234,1317,687,1131,-3858,337,37,1158,1430,1476,867,1242,1498,1677,1640,1781,1607,-1322,1735,1851,428,1906
  - Income Tax Expense (Benefit),IS_INC_TAX_EXP,91.3,134.1,154.2,99.5,31.2,37.9,82.4,-76.5,68,106,93,-190,56,87,99,94,51,117,118,98,88,132,131,113,99,151,144,129,124,162,159,130,114,163,159,132,136,196,2,-9,177,252,230,194,204,261,129,161,198,266,258,165,209,263,267,202,245,261,304,266,277,326,356,294,319,415,423,337,442,479,434,481,430,548,502,403,276,394,456,455,405,521,468,433,486,612,628,403,320,453,484,454,418,645,614,561,567,359,575,634,530,626,592,363,469,587,492,149,586,532,506,1219,522,695,419,990,397,6,306,-44,639,-38,152,-178,345,342,3,96,116,160,282,172,300,248,-389,262,108,253,371
Income (Loss) from Cont Ops,IS_INC_BEF_XO_ITEM,145.9,221.8,262.6,181.8,53.1,64,139.7,-1222.8,110,170,149,-306,81,153,184,155,90,191,217,194,164,250,245,221,194,295,287,261,253,341,330,272,248,358,347,289,299,442,113,78,404,533,523,445,466,619,593,374,500,669,651,569,537,677,686,629,631,898,783,672,711,1043,893,784,821,1171,1068,938,912,1223,1275,1138,1079,1375,1370,1229,799,1066,1145,1169,947,1212,1299,1253,1054,1397,1384,1375,1264,1558,1341,1037,1352,1645,1526,1551,1306,1790,1852,1380,1435,1572,1526,-177,1253,1525,1534,1124,1468,1532,1434,486,1368,2139,1349,798,1425,1228,1011,731,492,-3820,185,215,813,1088,1473,771,1126,1338,1395,1468,1481,1359,-933,1473,1743,175,1535
  - Net Extraordinary Losses (Gains),XO_GL_NET_OF_TAX,0,0,0,0,0,0,0,0,322,0,0,0,0,0,0,0,0,0,0,0,0,0,0,0,0,0,0,0,0,0,0,0,-31,-27,-22,-18,-30,-660,0,0,0,0,0,0,0,0,0,0,0,0,0,0,0,0,0,0,0,0,0,0,0,0,0,95,0,0,0,0,0,0,0,0,0,0,0,,0,0,0,0,0,0,0,0,-47,-33,-37,-47,859,136,-170,-1113,4,-8,-17,-14,0,0,-100,-195,-63,-80,65,-3532,-11,47,-37,11,0,0,0,0,0,0,0,0,0,-717,-190,-486,478,-9,-113,11,19,8,7,-1,19,0,0,0,0,0,0,0,0,0,0
    + Discontinued Operations,IS_DISCONTINUED_OPERATIONS,,,,,,,,,,,,,,,,,,,,,,,,,,,,,,,,,,,,,,,,,,,,,,,,,,,,,,,,,,,,,,,,,,,,,,,,,,,,,0,0,0,0,0,0,0,0,-47,-33,-37,-47,859,136,-170,-1113,4,-8,-17,-14,0,0,-100,-195,-63,-80,65,-3532,-11,47,-37,11,0,0,0,0,0,0,0,0,0,-717,-190,-486,478,-9,-113,11,19,8,7,-1,19,0,0,0,0,0,0,0,0,0,0
    + XO & Accounting Changes,EXTRAORD_ITEMS_ACCOUNTING_CHANGS,,,,,,,,,,,,,,,,,,,,,,,,,,,,,,,,,,,,,,,,,,,,,,,,,,,,,,,,,,,,,,,,,,,,,,,,,,,,,0,0,0,0,0,0,0,0,0,0,0,0,0,0,0,0,0,0,0,0,0,0,0,0,0,0,0,0,0,0,0,0,0,0,0,0,0,0,0,0,0,0,0,0,0,0,0,0,0,0,0,0,0,0,0,0,0,0,0,0,0,0,0
Income (Loss) Incl. MI,NI_INCLUDING_MINORITY_INT_RATIO,145.9,221.8,262.6,181.8,53.1,64,139.7,-1222.7999,-212,170,149,-306,81,153,184,155,90,191,217,194,164,250,245,221,194,295,287,261,253,341,330,272,279,385,369,307,329,1102,113,78,404,533,523,445,466,619,593,374,500,669,651,569,537,677,686,629,631,898,783,672,711,1043,893,689,821,1171,1068,938,912,1223,1275,1138,1079,1375,1370,1229,799,1066,1145,1169,947,1212,1299,1253,1101,1430,1421,1422,405,1422,1511,2150,1348,1653,1543,1565,1306,1790,1952,1575,1498,1652,1461,3355,1264,1478,1571,1113,1468,1532,1434,486,1368,2139,1349,798,1425,1945,1201,1217,14,-3811,298,204,794,1080,1466,772,1107,1338,1395,1468,1481,1359,-933,1473,1743,175,1535
  - Minority Interest,MIN_NONCONTROL_INTEREST_CREDITS,11.4,14.3,22.8,13,12.9,20.6,20.2,1.3,16,22,23,27,17,23,27,19,23,26,29,29,29,32,35,34,30,36,33,32,29,37,30,28,19,25,21,20,21,25,23,22,27,24,27,19,26,31,28,29,33,45,39,36,35,45,47,41,52,61,61,60,60,72,72,63,53,68,72,73,93,75,78,78,79,100,101,84,77,90,87,96,81,102,101,54,89,112,97,97,75,94,96,93,82,93,111,102,93,110,98,102,72,110,99,77,81,99,91,100,82,93,104,89,71,91,111,112,79,45,53,74,97,24,34,69,41,48,73,86,23,34,8,46,55,32,51,47,34,64,63
"Net Income, GAAP",NET_INCOME,134.5,207.5,239.8,168.8,40.2,43.4,119.5,-1224.1,-228,148,126,-333,64,130,157,136,67,165,188,165,135,218,210,187,164,259,254,229,224,304,300,244,260,360,348,287,308,1077,90,56,377,509,496,426,440,588,565,345,467,624,612,533,502,632,639,588,579,837,722,612,651,971,821,626,768,1103,996,865,819,1148,1197,1060,1000,1275,1269,1145,722,976,1058,1073,866,1110,1198,1199,1012,1318,1324,1325,330,1328,1415,2057,1266,1560,1432,1463,1213,1680,1854,1473,1426,1542,1362,3278,1183,1379,1480,1013,1386,1439,1330,397,1297,2048,1238,686,1346,1900,1148,1143,-83,-3835,264,135,753,1032,1393,686,1084,1304,1387,1422,1426,1327,-984,1426,1709,111,1472
  - Preferred Dividends,IS_TOT_CASH_PFD_DVD,12.387,4.559,9.531,9.423,9.332,9.404,9.465,33.799,11,10,11,10,11,10,11,11,5,11,10,16,6,7,7,,7,8,7,8,8,8,8,8,8,8,8,9,8,8,9,8,8,8,8,8,8,8,7,8,8,8,8,8,8,8,0,0,,0,0,0,0,0,0,0,0,0,0,0,0,0,0,0,0,0,0,0,0,0,0,0,0,0,0,0,0,0,0,0,0,0,0,0,0,0,0,0,0,0,0,0,0,0,0,0,0,0,0,0,0,0,0,0,0,0,0,0,0,0,0,0,0,0,0,0,0,0,0,0,0,0,0,0,0,0,0,0,0,0,0
  - Other Adjustments,OTHER_ADJUSTMENTS,,,,,,,,,,,,,,,,,,,,,,,,,,,,,,,,,,,,,,,,,0,0,0,0,0,0,0,0,0,0,0,0,0,0,0,0,,0,0,0,0,0,0,0,0,0,0,0,0,0,0,0,0,0,0,0,0,0,0,0,0,0,0,0,0,0,0,0,0,0,0,0,0,0,0,0,0,0,0,0,0,0,0,0,0,0,0,0,0,0,0,0,0,0,0,0,0,0,0,0,0,0,0,0,0,0,0,0,0,0,0,0,0,0,0,0,0,0,0
"Net Income Avail to Common, GAAP",EARN_FOR_COMMON,122.113,202.941,230.269,159.377,30.868,33.996,110.035,-1257.899,-239,138,115,-343,53,120,146,125,62,154,178,149,129,211,203,187,157,251,247,221,216,296,292,236,252,352,340,278,300,1069,81,48,369,501,488,418,432,580,558,337,459,616,604,525,494,624,639,588,579,837,722,612,651,971,821,626,768,1103,996,865,819,1148,1197,1060,1000,1275,1269,1145,722,976,1058,1073,866,1110,1198,1199,1012,1318,1324,1325,330,1328,1415,2057,1266,1560,1432,1463,1213,1680,1854,1473,1426,1542,1362,3278,1183,1379,1480,1013,1386,1439,1330,397,1297,2048,1238,686,1346,1900,1148,1143,-83,-3835,264,135,753,1032,1393,686,1084,1304,1387,1422,1426,1327,-984,1426,1709,111,1472
,,#N/A Mandatory parameter [FIELDS] cannot be empty,,,,,,,,,,,,,,,,,,,,,,,,,,,,,,,,,,,,,,,,,,,,,,,,,,,,,,,,,,,,,,,,,,,,,,,,,,,,,,,,,,,,,,,,,,,,,,,,,,,,,,,,,,,,,,,,,,,,,,,,,,,,,,,,,,,,,,,,,,
"Net Income Avail to Common, Adj",EARN_FOR_COMMON,122.113,202.941,230.269,159.377,30.868,33.996,110.035,-1257.899,-239,138,115,-343,53,120,146,125,62,154,178,149,129,211,203,187,157,251,247,221,216,296,292,236,252,352,340,278,300,1069,81,48,369,501,488,418,432,580,558,337,459,616,604,525,494,624,639,588,579,837,722,612,651,971,821,626,768,1103,996,865,819,1148,1197,1060,1000,1275,1269,1145,722,976,1058,1073,866,1110,1198,1199,1012,1318,1324,1325,330,1328,1415,2057,1266,1560,1432,1463,1213,1680,1854,1473,1426,1542,1362,3278,1183,1379,1480,1013,1386,1439,1330,397,1297,2048,1238,686,1346,1900,1148,1143,-83,-3835,264,135,753,1032,1393,686,1084,1304,1387,1422,1426,1327,-984,1426,1709,111,1472
  Net Abnormal Losses (Gains),IS_NET_ABNORMAL_ITEMS,,,,,,,,,,,,,,,,,,,,,,,,,,,,,,,,,,,,,,,346,306,,,,,,,,85,-9.75,,,,,,,,6.48,-70.7,41.76,,11.7,-91.62,35.75,,4.3,-70.63,23.63,,69.51,,-40.3,,,61.1,,-65.9,86.12,152.38,60.72,56.93,20,80,39.05,33.1,20,-27.308,28.014,-11.65,-187.949,-17.212,25.548,268.4942,-85.9,-23.95,59.2,82.53,83,-364.912,-30.45,170.2,-20.45,23,52,1126.4,42,-88,20.1811,238.3,175.35,40,160,877,124,-472,580.34,844,158.3796,-42.8539,113,338,713,4174.8672,94.4362,495.4938,598,412.5,496,1089.3785,489.53,330.31,312.68,412.7282,367,585,2804.32,381.2094,373.76,1767,307.6477
  Net Extraordinary Losses (Gains),XO_GL_NET_OF_TAX,0,0,0,0,0,0,0,0,322,0,0,0,0,0,0,0,0,0,0,0,0,0,0,0,0,0,0,0,0,0,0,0,-31,-27,-22,-18,-30,-660,0,0,0,0,0,0,0,0,0,0,0,0,0,0,0,0,0,0,0,0,0,0,0,0,0,95,0,0,0,0,0,0,0,0,0,0,0,,0,0,0,0,0,0,0,0,-47,-33,-37,-47,859,136,-170,-1113,4,-8,-17,-14,0,0,-100,-195,-63,-80,65,-3532,-11,47,-37,11,0,0,0,0,0,0,0,0,0,-717,-190,-486,478,-9,-113,11,19,8,7,-1,19,0,0,0,0,0,0,0,0,0,0
,,#N/A Mandatory parameter [FIELDS] cannot be empty,,,,,,,,,,,,,,,,,,,,,,,,,,,,,,,,,,,,,,,,,,,,,,,,,,,,,,,,,,,,,,,,,,,,,,,,,,,,,,,,,,,,,,,,,,,,,,,,,,,,,,,,,,,,,,,,,,,,,,,,,,,,,,,,,,,,,,,,,,
Basic Weighted Avg Shares,IS_AVG_NUM_SH_FOR_EPS,964.896,964.384,969.512,969.38,970.328,971.88,972.752,973.968,980.984,985.536,988.048,989.832,998.584,1003.64,1004.144,1022.624,1063.504,1034.496,1023.8,1041.6,1040.568,1047.712,1046.504,1045.272,1050.384,1049.304,1046.4,1041.884,949.584,943.324,937.292,922.852,917.664,916.528,908,901.728,902,918,960,952,946,940,936,938,942,942,940,938,946,946,946,944,940,936,940,971.9,996,992,992,990,992,995,992,987,984,983,980,972,968,966,963,959,952,944,933,922,918,919,917,915,913.6,910.4,905.6,902,898.7,892.9,888.8,888,890.9,893.4,896.3,895.2533,901.3,901.1,900.8,901,900.9,900.1,897.7,895,890.3,877.3,876.4,850,825,825.3,822.4,802,793.5,789,788.3,789,789.9,790.5,791.3,823,853.2,854.4,855.1,856.4,858.4,1501.3,1511.5,1512.3,1511.1,1506.4,1497.9,1490.5,1486.8,1479.2,1470.1,1465.5,1462.2,1457.5,1448.1,1354.9,1329.4,1331.8,1333.2
"Basic EPS, GAAP",IS_EPS,0.1312,0.205,0.2375,0.165,0.0313,0.035,0.1125,-1.2913,-0.2438,0.1388,0.1175,-0.3463,0.0538,0.1187,0.145,0.1225,0.0625,0.1538,0.1762,0.1425,0.1287,0.2062,0.2,0.1775,0.155,0.245,0.2425,0.2125,0.2275,0.315,0.3125,0.255,0.275,0.385,0.375,0.31,0.335,1.165,0.085,0.05,0.39,0.535,0.52,0.445,0.46,0.615,0.595,0.36,0.485,0.65,0.64,0.555,0.525,0.665,0.67,0.605,0.555,0.82,0.73,0.62,0.655,0.98,0.83,0.64,0.78,1.12,1.02,0.89,0.85,1.19,1.24,1.11,1.05,1.35,1.36,1.24,0.79,1.06,1.15,1.17,0.95,1.22,1.32,1.33,1.13,1.48,1.49,1.49,0.37,1.49,1.58,2.29,1.4,1.73,1.59,1.63,1.35,1.87,2.07,1.65,1.6,1.76,1.55,3.86,1.43,1.67,1.8,1.27,1.75,1.83,1.69,0.5,1.64,2.59,1.56,0.83,1.58,2.22,1.34,1.33,-0.1,-2.55,0.17,0.09,0.5,0.69,0.93,0.4602,0.73,0.88,0.94,0.97,0.98,0.91,-0.68,1.05,1.29,0.08,1.1
"Basic EPS from Cont Ops, GAAP",IS_EARN_BEF_XO_ITEMS_PER_SH,0.1312,0.205,0.2375,0.165,0.0313,0.035,0.1125,-1.2913,0.085,0.1388,0.1175,-0.3463,0.0538,0.1187,0.145,0.1225,0.0625,0.1538,0.1762,0.1425,0.1287,0.2062,0.2,0.1775,0.155,0.245,0.2425,0.2125,0.2275,0.315,0.3125,0.255,0.24,0.355,0.35,0.29,0.3,0.445,0.085,0.05,0.39,0.535,0.52,0.445,0.46,0.615,0.595,0.36,0.485,0.65,0.64,0.555,0.525,0.665,0.67,0.605,0.555,0.82,0.73,0.62,0.655,0.98,0.83,0.73,0.78,1.12,1.02,0.89,0.85,1.19,1.24,1.11,1.05,1.35,1.36,1.24,0.79,1.06,1.15,1.17,0.95,1.22,1.32,1.33,1.08,1.44,1.45,1.44,1.33,1.64,1.39,1.05,1.41,1.72,1.57,1.61,1.35,1.87,1.96,1.43,1.53,1.67,1.63,-0.3,1.42,1.73,1.76,1.28,1.75,1.83,1.69,0.5,1.64,2.59,1.56,0.83,1.58,1.38,1.12,0.77,0.4602,-2.56,0.1,0.1,0.51,0.69,0.93,0.4596,0.74,0.88,0.94,0.97,0.98,0.91,-0.68,1.05,1.29,0.08,1.1
"Basic EPS from Cont Ops, Adjusted",IS_BASIC_EPS_CONT_OPS,,,,0.165,,,,-1.2913,,,,-0.3463,,,,0.1225,,,,0.1425,0.1287,0.2062,0.2,0.1775,0.155,0.245,0.2425,0.2125,0.2275,0.315,0.3125,0.255,0.24,0.355,0.35,0.29,0.3,0.445,0.42,0.35,0.39,0.535,0.52,0.445,0.46,0.615,0.595,0.45,0.475,0.65,0.64,0.555,0.525,0.665,0.67,0.605,0.565,0.75,0.77,0.66,0.6668,0.89,0.87,0.8,0.78,1.05,1.04,0.95,0.92,1.21,1.2,1.17,1.07,1.41,1.4,1.18,0.8803,1.2278,1.22,1.2349,0.9698,1.3071,1.366,1.366,1.096,1.4085,1.4795,1.4261,1.1236,1.6194,1.4175,1.3544,1.3138,1.6958,1.6365,1.6998,1.4386,1.461,1.92,1.6181,1.508,1.6927,1.6876,1.0264,1.4715,1.6212,1.7792,1.5739,1.9677,1.8745,1.8901,1.6147,1.799,1.9937,2.2979,1.8591,1.7632,1.3344,1.2525,1.1618,1.2908,0.2204,0.1624,0.4242,0.9066,0.9642,1.2658,1.1905,1.0711,1.1049,1.1562,1.2519,1.2262,1.3118,1.257,1.3338,1.5667,1.4101,1.3349
,,#N/A Mandatory parameter [FIELDS] cannot be empty,,,,,,,,,,,,,,,,,,,,,,,,,,,,,,,,,,,,,,,,,,,,,,,,,,,,,,,,,,,,,,,,,,,,,,,,,,,,,,,,,,,,,,,,,,,,,,,,,,,,,,,,,,,,,,,,,,,,,,,,,,,,,,,,,,,,,,,,,,
Diluted Weighted Avg Shares,IS_SH_FOR_DILUTED_EPS,964.896,964.384,969.512,969.38,970.328,971.88,972.752,973.968,980.984,985.536,988.048,989.832,998.584,1003.64,1004.144,1022.624,1063.504,1034.496,1023.8,1041.6,1040.568,1047.712,1046.504,1045.272,1050.384,1049.304,1046.4,1041.884,1024.944,1020.096,1015.532,998.22,995.244,996.392,986,980.668,984,1002,988,976,1022,1016,1012,1014,1016,1014,1008,1004,1014,1014,1010,1008,1002,1000,1008,1013.78,1016,1010,1010,1008,1016,1018,1015,1010,1009,1009,1006,998,993,990,989,984,975,966,951,933,926,929,929,931,929.3,925.4,919.5,916,914.9,909.8,901.9,901.3605,903.9,904.8,907.2,910.177,913.8,914.1,915.5,917,917,914.7,910.2,907,904.2,889.4,885,850,831.3,833.6,831.2,810,802.3,798.2,797.1,798,800.4,799.6,801.8,831,860.7,863.7,864.1,867,865.8,1501.3,1514.2,1515.4,1514.1,1513.5,1505.9,1500.2,1497.9,1489.6,1479.3,1476.3,1474.2,1468.7,1448.1,1361.7,1337.3,1342.1,1346.2
"Diluted EPS, GAAP",IS_DILUTED_EPS,0.1312,0.205,0.2375,0.165,0.0313,0.035,0.1125,-1.2913,-0.2438,0.1388,0.1175,-0.3463,0.0538,0.1187,0.145,0.1225,0.0625,0.1538,0.1762,0.1425,0.1287,0.2062,0.2,0.1775,0.155,0.245,0.2425,0.2125,0.2175,0.2975,0.295,0.2425,0.26,0.36,0.35,0.29,0.315,1.075,0.08,0.05,0.37,0.5,0.49,0.42,0.43,0.58,0.56,0.345,0.46,0.615,0.605,0.53,0.5,0.63,0.635,0.58,0.54,0.81,0.715,0.61,0.64,0.95,0.81,0.62,0.76,1.09,0.99,0.87,0.82,1.16,1.21,1.08,1.03,1.32,1.33,1.23,0.78,1.05,1.14,1.15,0.93,1.2,1.3,1.31,1.11,1.45,1.47,1.47,0.36,1.47,1.56,2.26,1.39,1.71,1.57,1.6,1.32,1.84,2.04,1.63,1.58,1.73,1.54,3.86,1.42,1.65,1.78,1.25,1.73,1.8,1.67,0.5,1.62,2.56,1.54,0.83,1.56,2.2,1.33,1.32,-0.1,-2.55,0.17,0.09,0.5,0.68,0.93,0.4573,0.72,0.88,0.94,0.96,0.97,0.9,-0.68,1.05,1.28,0.08,1.09
"Diluted EPS from Cont Ops, GAAP",IS_DIL_EPS_BEF_XO,0.1312,0.205,0.2375,0.165,0.0313,0.035,0.1125,-1.2913,0.085,0.1388,0.1175,-0.3463,0.0538,0.1187,0.145,0.1225,0.0625,0.1538,0.1762,0.1425,0.1287,0.2062,0.2,0.1775,0.155,0.245,0.2425,0.2125,0.2175,0.2975,0.295,0.2425,0.23,0.335,0.33,0.275,0.285,0.415,0.08,0.05,0.37,0.5,0.49,0.42,0.43,0.58,0.56,0.345,0.46,0.615,0.605,0.53,0.5,0.63,0.635,0.58,0.54,0.81,0.715,0.61,0.64,0.95,0.81,0.71,0.76,1.09,0.99,0.87,0.82,1.16,1.21,1.08,1.03,1.32,1.33,1.23,0.78,1.05,1.14,1.15,0.93,1.2,1.3,1.31,1.06,1.41,1.43,1.42,1.31,1.62,1.37,1.04,1.39,1.7,1.55,1.58,1.32,1.84,1.93,1.41,1.51,1.64,1.61,-0.3,1.41,1.71,1.74,1.26,1.73,1.8,1.67,0.5,1.62,2.56,1.54,0.83,1.56,1.37,1.11,0.76,0.4521,-2.56,0.1,0.1,0.51,0.69,0.93,0.4566,0.74,0.88,0.94,0.96,0.97,0.9,-0.68,1.05,1.28,0.08,1.09
"Diluted EPS from Cont Ops, Adjusted",IS_DIL_EPS_CONT_OPS,0.1312,0.205,0.2375,0.165,0.0313,0.035,0.1125,-1.2913,0.085,0.1388,0.1175,-0.3463,0.0538,0.1187,0.145,0.1225,0.0625,0.1538,0.1762,0.1425,0.1287,0.2062,0.2,0.1775,0.155,0.245,0.2425,0.2125,0.2175,0.2975,0.295,0.2425,0.23,0.335,0.33,0.275,0.285,0.415,0.415,0.35,0.37,0.5,0.49,0.42,0.43,0.58,0.56,0.43,0.45,0.615,0.605,0.53,0.5,0.63,0.635,0.58,0.545,0.74,0.755,0.65,0.65,0.86,0.85,0.78,0.76,1.02,1.01,0.93,0.89,1.18,1.17,1.14,1.05,1.38,1.37,1.17,0.873,1.214,1.2054,1.2111,0.9515,1.2864,1.3425,1.3461,1.0819,1.38,1.4611,1.4071,1.1021,1.601,1.3982,1.335,1.296,1.6738,1.6147,1.67,1.4105,1.4411,1.8965,1.5977,1.4874,1.6659,1.6688,1.0252,1.4605,1.6044,1.7643,1.5542,1.9486,1.8501,1.8707,1.599,1.7749,1.9697,2.2638,1.8456,1.744,1.3204,1.2408,1.1499,1.2756,0.2204,0.1624,0.4242,0.905,0.9625,1.2594,1.1828,1.0668,1.1017,1.1514,1.2396,1.2189,1.2983,1.2566,1.33,1.5595,1.3966,1.3185
,,#N/A Mandatory parameter [FIELDS] cannot be empty,,,,,,,,,,,,,,,,,,,,,,,,,,,,,,,,,,,,,,,,,,,,,,,,,,,,,,,,,,,,,,,,,,,,,,,,,,,,,,,,,,,,,,,,,,,,,,,,,,,,,,,,,,,,,,,,,,,,,,,,,,,,,,,,,,,,,,,,,,
Reference Items,,#N/A Mandatory parameter [FIELDS] cannot be empty,,,,,,,,,,,,,,,,,,,,,,,,,,,,,,,,,,,,,,,,,,,,,,,,,,,,,,,,,,,,,,,,,,,,,,,,,,,,,,,,,,,,,,,,,,,,,,,,,,,,,,,,,,,,,,,,,,,,,,,,,,,,,,,,,,,,,,,,,,
Accounting Standard,ACCOUNTING_STANDARD,US GAAP,US GAAP,US GAAP,US GAAP,US GAAP,US GAAP,US GAAP,US GAAP,US GAAP,US GAAP,US GAAP,US GAAP,US GAAP,US GAAP,US GAAP,US GAAP,US GAAP,US GAAP,US GAAP,US GAAP,US GAAP,US GAAP,US GAAP,US GAAP,US GAAP,US GAAP,US GAAP,US GAAP,US GAAP,US GAAP,US GAAP,US GAAP,US GAAP,US GAAP,US GAAP,N.A.,US GAAP,US GAAP,US GAAP,N.A.,US GAAP,US GAAP,US GAAP,N.A.,US GAAP,US GAAP,US GAAP,US GAAP,US GAAP,US GAAP,US GAAP,US GAAP,US GAAP,US GAAP,US GAAP,US GAAP,US GAAP,US GAAP,US GAAP,US GAAP,US GAAP,US GAAP,US GAAP,US GAAP,US GAAP,US GAAP,US GAAP,US GAAP,US GAAP,US GAAP,US GAAP,US GAAP,US GAAP,US GAAP,US GAAP,US GAAP,US GAAP,US GAAP,US GAAP,US GAAP,US GAAP,US GAAP,US GAAP,US GAAP,US GAAP,US GAAP,US GAAP,US GAAP,US GAAP,US GAAP,US GAAP,US GAAP,US GAAP,US GAAP,US GAAP,US GAAP,US GAAP,US GAAP,US GAAP,US GAAP,US GAAP,US GAAP,US GAAP,US GAAP,US GAAP,US GAAP,US GAAP,US GAAP,US GAAP,US GAAP,US GAAP,US GAAP,US GAAP,US GAAP,US GAAP,US GAAP,US GAAP,US GAAP,US GAAP,US GAAP,US GAAP,US GAAP,US GAAP,US GAAP,US GAAP,US GAAP,US GAAP,US GAAP,US GAAP,US GAAP,US GAAP,US GAAP,US GAAP,US GAAP,US GAAP,US GAAP,US GAAP,US GAAP,US GAAP
EBITDA,EBITDA,444.4,560.5,544.2,462.4,312.3,208.4,391.2,153.1,347,462,432,-213,266,433,479,452,371,406,490,528,495,597,586,754,516,676,665,777,588,720,697,790,502,762,765,710,613,835,328,277,879,1095,1060,965,999,1214,1042,883,972,1220,1175,1017,1017,1220,1251,1156,1225,1502,1464,1268,1314,1726,1649,1477,1546,1997,1899,1689,1782,2142,2196,2103,1993,2425,2375,2153,1556,1940,2087,2140,1850,2221,2270,2145,2004,2472,2492,2146,2031,2486,2463,2228,2450,2946,2818,2730,2565,2823,3029,2748,2640,2872,2788,854,2411,2831,2747,2145,2656,2817,2575,2356,2509,3468,2431,2578,2987,2036,2122,1642,2023,-2649,1598,1295,2136,2414,2501,2464,2094,2352,2567,2539,2686,2537,-322,2836,2929,1601,3122
EBITDA Margin (T12M),EBITDA_MARGIN,,,,9.3811,8.7583,7.2517,6.5351,5.1104,5.1994,6.2709,6.4284,4.7502,4.4443,4.3341,4.6062,7.8607,8.359,8.3098,8.3313,8.6294,8.9782,9.6603,9.8875,10.6657,10.6964,10.9322,11.1272,11.2028,11.299,11.2802,11.3984,11.3641,11.321,11.7841,12.1934,12.02,12.4188,12.6619,10.6044,8.6101,9.3312,9.9849,12.6249,15.0434,15.3328,15.5609,15.2402,14.8331,14.8949,14.921,15.1943,15.5395,15.5186,15.2693,15.1883,14.9642,14.7128,14.7486,14.7728,14.5787,14.5213,14.5259,14.423,14.4318,14.5631,14.8052,14.9429,14.9094,14.8852,14.6914,14.7808,15.0167,14.9436,14.9062,14.9009,14.9706,14.6586,14.5099,14.4355,14.5937,15.2093,15.5635,15.834,15.6205,15.7188,15.9815,16.2015,16.3448,16.4712,16.6955,16.4013,15.9562,16.1281,16.2983,16.7581,17.4752,17.5618,17.0457,17.6076,18.1459,18.7009,19.5979,19.4582,16.3179,15.8992,15.7744,15.5454,17.7032,17.9872,17.8375,17.3303,17.3872,16.7423,17.4002,16.7828,16.5201,16.4656,15.6145,16.4487,16.6543,17.0972,6.4717,5.0403,4.0062,3.9353,11.9476,13.0891,14.7776,14.6069,14.4148,14.3537,14.241,14.7932,14.6359,11.0902,11.2261,11.2377,9.727,13.2689
EBIT,EBIT,263.8,376.2,373.8,297.8,111,11.8,214.2,-36,143,243,225,-435,66,242,271,236,167,195,282,311,288,383,386,531,307,461,454,559,377,501,495,588,321,583,581,500,430,638,119,47,667,878,850,745,777,989,822,645,797,1031,1002,827,837,1033,1048,927,963,1250,1234,1034,1088,1489,1384,1221,1282,1741,1647,1428,1504,1865,1888,1793,1674,2099,2049,1803,1250,1637,1771,1807,1523,1882,1928,1853,1688,2150,2151,1845,1713,2179,2041,1751,2006,2507,2366,2330,2098,2355,2612,2280,2182,2415,2302,392,1945,2337,2251,1639,2144,2290,2032,1798,1928,2876,1838,1911,2045,1386,1430,956,1295,-3760,434,142,1013,1282,1343,1320,1080,1353,1520,1491,1652,1493,-1396,1777,1870,529,2028
Gross Margin,GROSS_MARGIN,26.2456,24.6341,26.8584,23.8297,23.6703,20.488,23.263,18.5333,21.8861,21.331,22.6783,21.5156,20.6561,21.5686,22.587,21.902,21.2856,20.8066,21.85,21.959,21.3426,22.3069,22.823,24.566,22.7565,24.0586,24.2383,26.9625,22.9358,24.005,24.4778,26.4627,24.1188,26.3167,26.4098,26.3605,26.1055,27.3563,19.9572,21.9345,27.5743,28.358,30.0077,28.6242,27.8669,29.2962,28.8584,25.8962,29.636,29.1371,28.2367,27.2626,27.3948,27.8691,28.1745,26.5254,27.4809,27.5514,27.8295,26.9262,27.5539,28.3537,27.6387,26.836,27.9322,28.4491,27.6988,25.5416,26.7307,27.1505,27.375,27.0831,26.6514,27.0196,27.5108,26.6892,25.6511,27.2431,26.4598,26.8298,27.4751,27.4381,29.0235,25.9957,27.7287,27.6522,27.3762,27.5857,28.0767,28.051,26.8515,25.2813,27.3213,27.8271,28.7285,26.7021,27.5008,24.7804,30.4387,28.3645,28.6336,28.7134,28.9237,25.5035,27.7233,27.7867,27.9504,26.8504,26.6305,27.356,26.2648,24.7768,25.994,25.639,24.0703,23.814,25.3635,24.4947,25.1824,22.0455,24.5423,13.1356,11.8194,13.1129,17.7956,20.3086,19.2685,20.1126,20.0814,21.1965,20.5711,19.7148,20.7331,20.7316,5.303,20.1184,18.446,18.1532,20.0806
Operating Margin,OPER_MARGIN,5.5763,6.715,7.1707,5.0509,2.3382,0.2267,4.1342,-0.6309,2.8272,4.3123,4.2557,-7.6842,1.3968,4.3936,5.36,4.3327,3.5195,3.6751,5.4917,5.5387,5.4156,6.6332,6.8879,8.6964,5.6341,7.6808,7.6845,9.085,6.405,7.7892,8.3389,9.273,6.1494,9.9692,10.1751,8.3209,7.9896,10.6618,1.9611,0.7332,10.4382,12.6131,13.1477,11.0093,11.6474,13.4888,11.8786,9.2486,12.5039,14.077,13.7279,11.4622,12.4888,13.2606,13.1758,10.7941,11.1381,12.9911,13.2134,10.5103,11.5659,13.3519,12.6914,10.8427,12.0772,14.196,13.5411,11.1676,12.2496,13.4134,13.619,12.1857,11.9931,13.1648,13.583,12.2072,10.2049,12.4053,13.2411,12.8156,12.6495,13.6357,14.1557,12.4664,13.3123,14.8594,15.1106,12.833,13.7967,15.7818,13.5687,10.6489,13.9315,15.6629,15.302,13.903,14.2286,13.699,17.8745,15.2203,16.3814,16.4398,16.6957,2.7413,14.5617,15.712,15.682,11.1808,15.5194,14.9869,13.4909,11.4668,12.6493,17.2164,11.1326,10.5908,11.1353,12.2341,12.5736,8.1751,11.3996,-26.7406,2.943,0.8649,6.6422,8.073,8.2835,7.7447,6.872,8.2935,8.967,8.2408,9.5968,8.1518,-10.3684,8.9175,9.6866,2.6824,10.0951
Profit Margin,PROF_MARGIN,2.8431,3.7038,4.6001,2.863,0.8468,0.8338,2.3064,-21.451,-4.5077,2.6264,2.3832,-5.8824,1.3545,2.3602,3.1052,2.4968,1.412,3.1097,3.6611,2.9386,2.5385,3.7755,3.7473,3.0626,3.0097,4.3152,4.2993,3.7218,3.8056,4.7264,5.0539,3.848,4.9808,6.156,6.0946,4.7762,5.7228,17.998,1.4832,0.8736,5.8998,7.3122,7.6721,6.2953,6.5957,8.0196,8.1647,4.9469,7.3266,8.5199,8.3847,7.3874,7.4903,8.113,8.0337,6.8468,6.6967,8.6988,7.731,6.2208,6.9204,8.707,7.5287,5.559,7.235,8.9938,8.1888,6.7647,6.6705,8.2566,8.6345,7.204,7.1644,7.9967,8.4123,7.7522,5.8944,7.3962,7.9103,7.6099,7.1927,8.0423,8.7959,8.0665,7.9811,9.1091,9.301,9.2161,2.6579,9.6183,9.407,12.5099,8.7923,9.7463,9.2614,8.7296,8.2265,9.7726,12.6873,9.8331,10.7057,10.4969,9.8782,22.9231,8.8568,9.2712,10.3107,6.9104,10.0326,9.4175,8.8302,2.5319,8.5094,12.2598,7.4985,3.8018,7.3292,16.7711,10.0941,9.7742,-0.7306,-27.274,1.7902,0.8222,4.9374,6.4987,8.5919,4.0249,6.8974,7.9931,8.1824,7.8594,8.284,7.2454,-7.3084,7.1561,8.8526,0.5629,7.3274
Sales per Employee,ACTUAL_SALES_PER_EMPL,,,,,,,,,,,,,,,,,,,,,,,,,,,,,,,,,,,,,,,,,,,,,,,,,,,,,,,,42242.9907,,,,46847.619,,,,50679.568,,,,59613.0536,,,,65221.6312,,,,66203.4962,,,,68214.8041,,,,71392.8915,,,,,,,,75426.6055,,,,79051.8868,,,,70827.4232,,,,72588.8325,,,,72713.2937,,,,76487.8049,,,,88019.5122,,,,48083.8816,,,,90712.7072,,,,97954.023,,,,99412.0879,,,,107713.5135,,,
,,#N/A Mandatory parameter [FIELDS] cannot be empty,,,,,,,,,,,,,,,,,,,,,,,,,,,,,,,,,,,,,,,,,,,,,,,,,,,,,,,,,,,,,,,,,,,,,,,,,,,,,,,,,,,,,,,,,,,,,,,,,,,,,,,,,,,,,,,,,,,,,,,,,,,,,,,,,,,,,,,,,,
Returns,,#N/A Mandatory parameter [FIELDS] cannot be empty,,,,,,,,,,,,,,,,,,,,,,,,,,,,,,,,,,,,,,,,,,,,,,,,,,,,,,,,,,,,,,,,,,,,,,,,,,,,,,,,,,,,,,,,,,,,,,,,,,,,,,,,,,,,,,,,,,,,,,,,,,,,,,,,,,,,,,,,,,
Return on Common Equity,RETURN_COM_EQY,,,,,12.3368,8.9207,6.3816,-23.2801,-28.9489,-26.7549,-26.106,-8.9756,-1.0031,-1.452,-0.6194,12.744,12.9892,13.6167,14.3074,14.7755,16.4001,17.4722,17.9228,18.783,19.2459,19.7745,20.5066,21.04,22.4976,23.1241,23.9542,24.824,25.3923,26.2523,27.2046,28.9197,29.0784,34.235,30.1072,26.0635,27.1695,13.827,19.3597,24.0341,24.8951,25.1014,25.0773,23.7914,23.6084,22.7588,22.2664,26.3573,25.8456,24.0462,23.0563,23.3775,23.4048,24.0207,23.5436,21.1758,21.0715,21.3014,21.2285,19.6372,19.8771,19.6785,20.1453,21.7685,21.3349,20.3384,20.5498,21.8566,22.1959,22.0498,22.2625,25.2654,23.5889,20.931,19.716,21.3737,22.2098,22.0144,21.3723,21.0996,21.473,22.1634,22.1376,23.0163,19.2613,19.0041,18.5004,21.4671,24.9189,25.3998,23.5934,19.8027,19.3741,19.0482,19.832,19.7213,21.1032,19.6222,17.9732,25.9787,25.8407,24.2218,24.5177,18.4029,18.7964,18.4871,17.4985,15.9191,15.3558,16.9615,16.0679,15.4843,15.1355,14.3376,13.9995,13.8045,10.3804,-3.0135,-4.6138,-6.1771,-4.829,3.1574,4.7435,5.3212,5.8194,6.3113,6.3055,7.1338,7.6265,7.7833,4.5656,4.8252,5.2191,3.4412,7.219
Return on Assets,RETURN_ON_ASSET,,,,,4.2362,3.1257,2.3539,-6.4006,-8.0559,-7.3253,-7.3026,-1.7986,0.0312,-0.081,0.1141,3.0876,3.0812,3.3094,3.5695,3.745,4.166,4.4582,4.6315,4.7495,4.9116,5.1236,5.374,5.5408,5.9055,6.0878,6.3417,6.4608,6.5121,6.75,6.8846,7.3375,7.3925,10.2317,8.5187,7.2673,7.5986,4.4537,6.0884,7.2713,7.5008,7.7475,7.954,7.4064,7.4582,7.3559,7.4335,7.9773,8.0069,7.6878,7.3728,7.3364,7.4276,7.8196,7.6046,7.2641,7.3813,7.2555,7.3,7.107,7.2768,7.0628,7.3026,8.0201,7.9131,7.6773,7.8162,8.3055,8.34,8.3123,8.3476,8.4174,7.8873,7.1494,6.8207,6.8011,7.0203,7.1496,7.1845,7.6548,7.5916,7.8463,7.917,8.3021,7.0219,6.2968,5.7156,6.801,8.0752,7.7088,6.9292,6.3566,6.3068,6.3996,6.8204,6.8427,7.0477,6.8085,6.3107,8.5153,8.188,7.9033,8.0353,5.7057,5.8767,5.7719,5.5446,4.8782,4.719,5.166,4.7139,4.5593,4.5037,4.2983,4.0008,4.0442,2.9666,-1.0828,-1.6662,-2.3323,-1.7876,1.3635,2.0631,2.3885,2.6221,2.8107,2.8145,3.2454,3.4511,3.4635,1.9902,1.9923,2.1614,1.3992,2.8833
Return on Capital,RETURN_ON_CAP,,,,,10.2802,8.2749,7.0657,,,,,-0.3449,3.4529,3.3475,3.969,10.3609,10.5833,10.9879,11.2419,12.3804,13.4614,14.9463,13.3842,15.0005,15.4839,17.2693,15.9624,16.9955,19.0903,19.7538,20.3685,19.702,21.3385,21.7952,21.4506,21.2424,22.8507,27.248,22.3854,18.2923,20.2434,12.2679,15.4628,16.8024,18.1208,18.3952,18.5555,17.0589,17.9092,17.3426,16.9613,18.6806,19.0721,17.9924,17.2517,17.5352,17.8094,18.4856,18.0422,16.8943,17.4147,16.8271,16.8122,15.8234,16.3802,15.5176,15.9172,17.0497,16.8819,16.1647,16.44,17.4758,17.4083,17.2362,17.3583,18.5731,17.5619,15.8591,15.1958,15.7574,15.9044,15.9685,15.8823,16.395,16.039,16.2399,16.2123,17.63,15.3169,12.9645,11.8901,14.6724,17.012,15.68,14.0341,13.1886,13.0105,13.1547,13.7852,14.0513,14.3962,13.5941,12.6089,16.9015,15.8804,15.1772,15.3555,12.2829,12.1316,11.868,11.3685,9.9011,9.5987,10.2612,9.0723,8.9343,8.9414,8.7143,8.0088,8.324,6.2777,-0.1629,-1.1454,-2.2202,-1.4103,3.3306,4.5664,4.8903,5.2947,5.6532,5.443,6.006,6.2837,6.3417,4.3418,4.4912,4.8438,3.8583,6.1106
Return on Invested Capital,RETURN_ON_INV_CAPITAL,,,,,8.0208,5.4625,4.4712,,,,,1.4182,0.7869,0.8554,1.378,7.1336,8.3437,7.7893,7.7402,8.5615,9.9813,12.3057,11.6249,14.8083,15.3258,17.3494,16.1717,17.0056,19.0543,19.6009,20.0864,19.6753,20.3796,21.1447,21.2095,19.1788,21.4633,17.8629,13.3007,8.9105,11.4808,11.1237,14.7746,16.2885,18.1234,18.3944,18.55,16.5339,17.9021,17.3376,16.9566,20.1397,20.2354,17.9968,18.1071,20.1904,18.8436,18.5355,18.8636,18.3923,18.2661,17.5755,17.1618,16.8555,17.7466,16.6861,17.1232,17.9939,17.8902,16.4374,17.0676,18.0453,17.5051,16.7416,17.1932,18.0893,16.9974,15.4681,15.1873,15.6017,15.8687,15.7736,15.3256,15.3094,15.1938,15.4322,15.3725,16.2065,17.0582,14.9647,13.4362,13.8593,14.4422,13.0428,12.0317,13.0204,12.8898,12.877,13.1,12.4616,13.0385,12.2939,11.9924,9.021,8.4706,8.0457,7.6267,11.8664,11.9903,11.6665,11.029,8.3659,7.9971,8.23,7.0923,6.5865,6.7248,5.5531,4.6825,4.7854,3.567,-2.0052,-2.8577,-3.6015,-3.7758,0.7074,1.5274,2.0857,2.3679,2.6337,2.563,2.6759,3.0544,3.5102,1.4539,1.6293,2.0246,1.0794,3.9452
,,#N/A Mandatory parameter [FIELDS] cannot be empty,,,,,,,,,,,,,,,,,,,,,,,,,,,,,,,,,,,,,,,,,,,,,,,,,,,,,,,,,,,,,,,,,,,,,,,,,,,,,,,,,,,,,,,,,,,,,,,,,,,,,,,,,,,,,,,,,,,,,,,,,,,,,,,,,,,,,,,,,,
Margins,,#N/A Mandatory parameter [FIELDS] cannot be empty,,,,,,,,,,,,,,,,,,,,,,,,,,,,,,,,,,,,,,,,,,,,,,,,,,,,,,,,,,,,,,,,,,,,,,,,,,,,,,,,,,,,,,,,,,,,,,,,,,,,,,,,,,,,,,,,,,,,,,,,,,,,,,,,,,,,,,,,,,
Gross Margin,GROSS_MARGIN,26.2456,24.6341,26.8584,23.8297,23.6703,20.488,23.263,18.5333,21.8861,21.331,22.6783,21.5156,20.6561,21.5686,22.587,21.902,21.2856,20.8066,21.85,21.959,21.3426,22.3069,22.823,24.566,22.7565,24.0586,24.2383,26.9625,22.9358,24.005,24.4778,26.4627,24.1188,26.3167,26.4098,26.3605,26.1055,27.3563,19.9572,21.9345,27.5743,28.358,30.0077,28.6242,27.8669,29.2962,28.8584,25.8962,29.636,29.1371,28.2367,27.2626,27.3948,27.8691,28.1745,26.5254,27.4809,27.5514,27.8295,26.9262,27.5539,28.3537,27.6387,26.836,27.9322,28.4491,27.6988,25.5416,26.7307,27.1505,27.375,27.0831,26.6514,27.0196,27.5108,26.6892,25.6511,27.2431,26.4598,26.8298,27.4751,27.4381,29.0235,25.9957,27.7287,27.6522,27.3762,27.5857,28.0767,28.051,26.8515,25.2813,27.3213,27.8271,28.7285,26.7021,27.5008,24.7804,30.4387,28.3645,28.6336,28.7134,28.9237,25.5035,27.7233,27.7867,27.9504,26.8504,26.6305,27.356,26.2648,24.7768,25.994,25.639,24.0703,23.814,25.3635,24.4947,25.1824,22.0455,24.5423,13.1356,11.8194,13.1129,17.7956,20.3086,19.2685,20.1126,20.0814,21.1965,20.5711,19.7148,20.7331,20.7316,5.303,20.1184,18.446,18.1532,20.0806
Operating Margin,OPER_MARGIN,5.5763,6.715,7.1707,5.0509,2.3382,0.2267,4.1342,-0.6309,2.8272,4.3123,4.2557,-7.6842,1.3968,4.3936,5.36,4.3327,3.5195,3.6751,5.4917,5.5387,5.4156,6.6332,6.8879,8.6964,5.6341,7.6808,7.6845,9.085,6.405,7.7892,8.3389,9.273,6.1494,9.9692,10.1751,8.3209,7.9896,10.6618,1.9611,0.7332,10.4382,12.6131,13.1477,11.0093,11.6474,13.4888,11.8786,9.2486,12.5039,14.077,13.7279,11.4622,12.4888,13.2606,13.1758,10.7941,11.1381,12.9911,13.2134,10.5103,11.5659,13.3519,12.6914,10.8427,12.0772,14.196,13.5411,11.1676,12.2496,13.4134,13.619,12.1857,11.9931,13.1648,13.583,12.2072,10.2049,12.4053,13.2411,12.8156,12.6495,13.6357,14.1557,12.4664,13.3123,14.8594,15.1106,12.833,13.7967,15.7818,13.5687,10.6489,13.9315,15.6629,15.302,13.903,14.2286,13.699,17.8745,15.2203,16.3814,16.4398,16.6957,2.7413,14.5617,15.712,15.682,11.1808,15.5194,14.9869,13.4909,11.4668,12.6493,17.2164,11.1326,10.5908,11.1353,12.2341,12.5736,8.1751,11.3996,-26.7406,2.943,0.8649,6.6422,8.073,8.2835,7.7447,6.872,8.2935,8.967,8.2408,9.5968,8.1518,-10.3684,8.9175,9.6866,2.6824,10.0951
Incremental Operating Margin,INCREMENTAL_OPERATING_MARGIN,,,,,,-91.696,-503.4747,-176.1478,10.2993,53.7674,10.208,-876.9231,-23.1231,-0.7874,,,505,-23.2673,13.9241,44.6429,21.1169,40.1709,22.1748,44.8065,14.5038,34.2105,22.3684,59.5745,16.0183,9.3023,146.4286,15.4255,-8.4084,,,-26.506,67.284,40.4412,,,23.5119,24.565,184.131,195.5182,39.1459,29.9191,,,,,47.4934,75.5187,12.1951,0.4292,7.0229,7.2833,6.4815,11.845,13.4296,8.56,16.4258,15.6209,9.5785,13.1413,16.0596,22.6619,20.9062,13.5649,13.3494,7.561,14.1765,18.9414,10.119,11.4706,13.1751,17.8571,-24.8098,-16.8122,-16.2573,,,40.429,64.0816,6.0209,25.7813,40.1799,36.2602,-1.6427,,,,,14.7756,14.9159,77.381,183.2278,26.5896,,,-2.8106,,,-37.5758,-277.6471,,,,347.3538,43.4498,,,15.573,,41.1228,,4.78,3.7464,-27.7158,-7.9424,-15.0394,-10.7066,,,,,277.1853,62.0055,188.48,14.4086,16.3594,23.9837,16.3012,38.1842,6.9965,-83.6249,15.5943,10.4256,,51.683
Pretax Margin,PRETAX_INC_TO_NET_SALES,5.0141,6.3526,7.9955,4.771,1.7757,1.9577,4.2867,-22.7688,3.5192,4.898,4.5773,-8.7617,2.8995,4.3573,5.5973,4.5713,2.9715,5.8047,6.5239,5.2004,4.7386,6.6159,6.7095,5.47,5.3771,7.4309,7.2952,6.3384,6.405,7.8203,8.2379,6.3397,6.9349,8.909,8.8616,7.0062,8.0825,10.6618,1.8952,1.0764,9.0923,11.2771,11.6473,9.4429,10.0435,12.0022,10.4335,7.6714,10.9507,12.7662,12.4538,10.1733,11.131,12.0668,11.9814,9.6763,10.1319,12.0453,11.6394,9.5345,10.5028,12.2758,11.4535,9.5729,10.7395,12.9322,12.2585,9.9711,11.0279,12.2411,12.3278,11.0031,10.811,12.061,12.4097,11.0494,8.7762,11.064,11.9701,11.5177,11.2292,12.5562,12.9736,11.3428,12.1451,13.8849,14.1342,12.367,12.7577,14.5651,12.1327,9.0677,12.2925,14.3071,13.8404,12.6022,12.7026,12.5007,16.6085,13.4446,14.7523,14.9626,15.3612,1.3007,12.8921,14.1993,14.1145,8.6841,14.8679,13.5079,12.8801,10.8737,12.3999,16.965,10.7087,9.9091,9.921,10.8924,11.5801,5.8748,9.956,-27.4376,2.2852,0.2253,7.5929,9.005,9.1038,5.0868,7.9028,9.1823,9.8932,9.0643,10.3462,8.7742,-9.8188,8.7068,9.5882,2.1703,9.4878
Income before XO Margin,INC_BEF_XO_ITEMS_TO_NET_SALES,3.0841,3.959,5.0375,3.0834,1.1185,1.2296,2.6963,-21.4282,2.1748,3.0169,2.8182,-5.4054,1.7143,2.7778,3.6392,2.8456,1.8967,3.5997,4.2259,3.455,3.0839,4.3298,4.3719,3.6194,3.5603,4.915,4.8578,4.2418,4.2983,5.3016,5.5593,4.2895,4.751,6.1218,6.0771,4.8095,5.5556,7.3864,1.8622,1.2168,6.3224,7.6569,8.0897,6.576,6.9855,8.4424,8.5694,5.3628,7.8444,9.1344,8.919,7.8863,8.0125,8.6906,8.6246,7.3242,7.2982,9.3328,8.3842,6.8307,7.5582,9.3526,8.1889,6.9621,7.7343,9.5483,8.7807,7.3356,7.4279,8.796,9.1971,7.7341,7.7303,8.6239,9.0819,8.3209,6.523,8.0782,8.5607,8.2908,7.8654,8.7813,9.5374,8.4298,8.3123,9.6551,9.7225,9.5639,10.1804,11.2841,8.915,6.3066,9.3895,10.2774,9.8694,9.2547,8.8572,10.4124,12.6736,9.2123,10.7733,10.7012,11.0676,-1.2378,9.3808,10.2528,10.6869,7.6676,10.6261,10.0262,9.5206,3.0995,8.9752,12.8045,8.1708,4.4225,7.7593,10.8394,8.8895,6.2511,4.331,-27.1673,1.2545,1.3095,5.3308,6.8514,9.0853,4.5236,7.1647,8.2015,8.2296,8.1136,8.6035,7.4201,-6.9296,7.392,9.0287,0.8874,7.641
Net Income Margin,PROF_MARGIN,2.8431,3.7038,4.6001,2.863,0.8468,0.8338,2.3064,-21.451,-4.5077,2.6264,2.3832,-5.8824,1.3545,2.3602,3.1052,2.4968,1.412,3.1097,3.6611,2.9386,2.5385,3.7755,3.7473,3.0626,3.0097,4.3152,4.2993,3.7218,3.8056,4.7264,5.0539,3.848,4.9808,6.156,6.0946,4.7762,5.7228,17.998,1.4832,0.8736,5.8998,7.3122,7.6721,6.2953,6.5957,8.0196,8.1647,4.9469,7.3266,8.5199,8.3847,7.3874,7.4903,8.113,8.0337,6.8468,6.6967,8.6988,7.731,6.2208,6.9204,8.707,7.5287,5.559,7.235,8.9938,8.1888,6.7647,6.6705,8.2566,8.6345,7.204,7.1644,7.9967,8.4123,7.7522,5.8944,7.3962,7.9103,7.6099,7.1927,8.0423,8.7959,8.0665,7.9811,9.1091,9.301,9.2161,2.6579,9.6183,9.407,12.5099,8.7923,9.7463,9.2614,8.7296,8.2265,9.7726,12.6873,9.8331,10.7057,10.4969,9.8782,22.9231,8.8568,9.2712,10.3107,6.9104,10.0326,9.4175,8.8302,2.5319,8.5094,12.2598,7.4985,3.8018,7.3292,16.7711,10.0941,9.7742,-0.7306,-27.274,1.7902,0.8222,4.9374,6.4987,8.5919,4.0249,6.8974,7.9931,8.1824,7.8594,8.284,7.2454,-7.3084,7.1561,8.8526,0.5629,7.3274
Net Income to Common Margin,NET_INCOME_TO_COMMON_MARGIN,2.5813,3.6224,4.4173,2.7031,0.6502,0.6531,2.1237,-22.0433,-4.7252,2.449,2.1751,-6.059,1.1217,2.1786,2.8877,2.2948,1.3066,2.9024,3.4664,2.6536,2.4257,3.6543,3.6224,3.0626,2.8813,4.1819,4.1808,3.5917,3.6697,4.602,4.9191,3.7218,4.8276,6.0192,5.9545,4.6264,5.5741,17.8643,1.3349,0.7488,5.7746,7.1972,7.5483,6.177,6.4758,7.9105,8.0636,4.8322,7.2011,8.4107,8.2751,7.2765,7.3709,8.0103,8.0337,6.8468,6.6967,8.6988,7.731,6.2208,6.9204,8.707,7.5287,5.559,7.235,8.9938,8.1888,6.7647,6.6705,8.2566,8.6345,7.204,7.1644,7.9967,8.4123,7.7522,5.8944,7.3962,7.9103,7.6099,7.1927,8.0423,8.7959,8.0665,7.9811,9.1091,9.301,9.2161,2.6579,9.6183,9.407,12.5099,8.7923,9.7463,9.2614,8.7296,8.2265,9.7726,12.6873,9.8331,10.7057,10.4969,9.8782,22.9231,8.8568,9.2712,10.3107,6.9104,10.0326,9.4175,8.8302,2.5319,8.5094,12.2598,7.4985,3.8018,7.3292,16.7711,10.0941,9.7742,-0.7306,-27.274,1.7902,0.8222,4.9374,6.4987,8.5919,4.0249,6.8974,7.9931,8.1824,7.8594,8.284,7.2454,-7.3084,7.1561,8.8526,0.5629,7.3274
,,#N/A Mandatory parameter [FIELDS] cannot be empty,,,,,,,,,,,,,,,,,,,,,,,,,,,,,,,,,,,,,,,,,,,,,,,,,,,,,,,,,,,,,,,,,,,,,,,,,,,,,,,,,,,,,,,,,,,,,,,,,,,,,,,,,,,,,,,,,,,,,,,,,,,,,,,,,,,,,,,,,,
Additional,,#N/A Mandatory parameter [FIELDS] cannot be empty,,,,,,,,,,,,,,,,,,,,,,,,,,,,,,,,,,,,,,,,,,,,,,,,,,,,,,,,,,,,,,,,,,,,,,,,,,,,,,,,,,,,,,,,,,,,,,,,,,,,,,,,,,,,,,,,,,,,,,,,,,,,,,,,,,,,,,,,,,
Effective Tax Rate,EFF_TAX_RATE,38.4907,37.6791,36.9962,35.3715,37.0107,37.1933,37.1004,,38.2022,38.4058,38.4298,,40.8759,36.25,34.9823,37.751,36.1702,37.987,35.2239,33.5616,34.9206,34.555,34.8404,33.8323,33.7884,33.8565,33.4107,33.0769,32.8912,32.2068,32.5153,32.3383,31.4917,31.286,31.4229,31.3539,31.2644,30.721,1.7391,,30.4647,32.1019,30.5445,30.3599,30.4478,29.6591,17.867,30.0935,28.3668,28.4492,28.3828,22.4796,28.0161,27.9787,28.0168,24.3081,27.968,22.5194,27.9669,28.3582,28.0364,23.813,28.5028,27.2727,27.9825,26.1665,28.3702,26.4314,32.644,28.1434,25.395,29.7097,28.4957,28.4971,26.8162,24.6936,25.6744,26.9863,28.4822,28.0172,29.9556,30.0635,26.4856,25.6821,31.5584,30.4629,31.2127,22.6659,20.202,22.5261,26.5205,30.4494,23.6158,28.1659,28.6916,26.5625,30.2723,16.7054,23.6918,31.4796,26.972,28.4804,27.9509,195.1613,27.2358,27.7936,24.2843,11.7046,28.5297,25.7752,26.0825,71.4956,27.619,24.5236,23.6991,55.3691,21.7892,0.4862,23.2346,,56.4987,,45.1039,,29.7927,23.9161,0.2033,11.0727,9.3398,10.6809,16.8157,10.4878,16.8445,15.4325,,15.1009,5.8347,59.1121,19.4648
