Unnamed: 0,Unnamed: 1,Unnamed: 2,Unnamed: 3,Unnamed: 4,Unnamed: 5,Unnamed: 6,Unnamed: 7,Unnamed: 8,Unnamed: 9,Unnamed: 10,Unnamed: 11,Unnamed: 12,Unnamed: 13,Unnamed: 14,Unnamed: 15,Unnamed: 16,Unnamed: 17,Unnamed: 18,Unnamed: 19,Unnamed: 20,Unnamed: 21,Unnamed: 22,Unnamed: 23,Unnamed: 24,Unnamed: 25,Unnamed: 26,Unnamed: 27,Unnamed: 28,Unnamed: 29,Unnamed: 30,Unnamed: 31,Unnamed: 32,Unnamed: 33,Unnamed: 34,Unnamed: 35,Unnamed: 36,Unnamed: 37,Unnamed: 38,Unnamed: 39
PetroChina Co Ltd (857 HK) - By Measure,,,,,,,,,,,,,,,,,,,,,,,,,,,,,,,,,,,,,,,
,,,,,,,,,,,,,,,,,,,,,,,,,,,,,,,,,,,,,,,
In Millions of CNY except Per Share,,FY 2005,,FY 2006,,FY 2007,,FY 2008,,FY 2009,,FY 2010,,FY 2011,,FY 2012,,FY 2013,,FY 2014,,FY 2015,,FY 2016,,FY 2017,,FY 2018,,FY 2019,,FY 2020,,FY 2021,,FY 2022,,FY 2023,
12 Months Ending,,12/31/2005,,12/31/2006,,12/31/2007,,12/31/2008,,12/31/2009,,12/31/2010,,12/31/2011,,12/31/2012,,12/31/2013,,12/31/2014,,12/31/2015,,12/31/2016,,12/31/2017,,12/31/2018,,12/31/2019,,12/31/2020,,12/31/2021,,12/31/2022,,12/31/2023,
Revenue,,552229,1.0,688978,1.0,836353,1.0,1072604,1.0,1019275,1.0,1465415,1.0,2003843,1.0,2195296,1.0,2258124,1.0,2282962,1.0,1725428,1.0,1616903,1.0,2015890,1.0,2374934,1.0,2516810,1.0,1933836,1.0,2614349,1.0,3239167,1.0,3011012,1.0
  Marketing,,—,,—,,—,,724584,0.676323578415038,732806,0.71973348078844,1072547,0.7324774819996,1494171,0.746373086888565,1664940,0.759148063829098,1683706,0.746301086669373,1694275,0.742905287934309,1236707,0.717498938290915,1175272,0.727546908176973,1480764,0.735056515544877,1722355,0.725763158382649,1850234,0.735751489012444,1221030,0.632131036871334,1772577,0.678717641220743,2251392,0.695538699942908,1992638,0.662557377485249
    Intersegment Sales,,—,,—,,—,,—,,—,,—,,—,,—,,—,,-244226,-0.107088156793345,—,,—,,—,,—,,—,,—,,—,,—,,—,
    Marketing Gross,,—,,—,,—,,—,,—,,—,,—,,—,,—,,1938501,0.849993444727654,—,,—,,—,,—,,—,,—,,—,,—,,—,
  Natural Gas Marketing,,21265,0.0385075756615462,33300,0.0483785205180134,43456,0.0520254811842214,56609,0.0528385962848985,68902,0.0676728578822841,105442,0.0720097959874969,156696,0.0782732881464642,180634,0.0823620979504999,217391,0.0963583544467631,259864,0.113945103211557,255519,0.148244176844763,219693,0.135999975238178,265310,0.131700827504728,326727,0.137675693715226,350371,0.139326152776773,335334,0.173603457014334,397496,0.152200749256411,497055,0.153558770973745,533942,0.17753711976246
    Intersegment Sales,,—,,—,,—,,—,,—,,—,,—,,—,,—,,-24398,-0.0106980290773465,—,,—,,—,,—,,—,,—,,—,,—,,—,
    Natural Gas and Pipeline Gross,,—,,—,,—,,—,,—,,—,,—,,—,,—,,284262,0.124643132288904,—,,—,,—,,—,,—,,—,,—,,—,,—,
"  Refining, Chemicals & New Materials",,—,,—,,—,,164319,0.153374645426314,119778,0.117641281405826,156174,0.106656340723349,188686,0.0942530354776366,180943,0.0825029899656616,190128,0.084274055569247,178080,0.0780844748788371,140421,0.0814678969341555,143657,0.0889302273754326,172289,0.0855248723001852,204665,0.0862414059879553,190501,0.0757533341233377,282108,0.146048190912343,324954,0.124424503073912,337024,0.104119244809237,336183,0.111781731972954
    Intersegment Sales,,—,,—,,—,,—,,—,,—,,—,,—,,—,,-668002,-0.292905353706272,—,,—,,—,,—,,—,,—,,—,,—,,—,
    Refining and Chemicals Gross,,—,,—,,—,,—,,—,,—,,—,,—,,—,,846082,0.370989828585109,—,,—,,—,,—,,—,,—,,—,,—,,—,
"  Oil, Gas & New Energies",,66265,0.119995509109446,81721,0.118724957214792,93040,0.111387398043537,125845,0.117463179873749,96677,0.0949523799234504,130110,0.0888563812895546,162356,0.0811005894873343,166652,0.0759868482547401,164843,0.0730665033146164,148388,0.0650651339752969,90989,0.0527889879301662,76768,0.0475228892094169,96127,0.0477177846502092,119417,0.0503197419141703,123648,0.0491690240874455,93137,0.0482173152019896,116629,0.0446571064489351,151433,0.0467832842741088,144732,0.0481237707793363
    Intersegment Sales,,—,,—,,—,,—,,—,,—,,—,,—,,—,,-629186,-0.275885323512556,—,,—,,—,,—,,—,,—,,—,,—,,—,
    Exploration and Production Gross,,—,,—,,—,,—,,—,,—,,—,,—,,—,,777574,0.340950457487853,—,,—,,—,,—,,—,,—,,—,,—,,—,
  Head Office & Other,,0,,656,,1070,,1247,,1112,,1142,,1934,,2127,,2056,,—,,1792,,1513,,1400,,1770,,2056,,2227,,2693,,2263,,3517,
  Refining & Marketing,,395475,0.716143121784622,498493,0.724214829687268,607078,0.726793194641816,—,,—,,—,,—,,—,,—,,—,,—,,—,,—,,—,,—,,—,,—,,—,,—,
  Chemicals & Marketing,,69224,0.125353793444386,74808,0.108681692579926,91709,0.109793926130425,—,,—,,—,,—,,—,,—,,—,,—,,—,,—,,—,,—,,—,,—,,—,,—,
  Other,,—,,—,,—,,—,,—,,—,,—,,—,,—,,2355,,—,,—,,—,,—,,—,,—,,—,,—,,—,
    Intersegment Sales,,—,,—,,—,,—,,—,,—,,—,,—,,—,,-672,,—,,—,,—,,—,,—,,—,,—,,—,,—,
    Other Gross,,—,,—,,—,,—,,—,,—,,—,,—,,—,,3027,,—,,—,,—,,—,,—,,—,,—,,—,,—,
Intersegment Revenue,,313665,1.0,398449,1.0,460921,1.0,957366,1.0,734676,1.0,997425,1.0,1487187,1.0,1573024,1.0,1579629,1.0,1566484,1.0,1060123,1.0,929381,1.0,1155643,1.0,1547356,1.0,1622303,1.0,1243597,1.0,1639935,1.0,2151286,1.0,2197773,1.0
"  Refining, Chemicals & New Materials",,—,,—,,—,,396410,0.414137140290118,381522,0.519490316115117,508599,0.510149343855978,659025,0.443260443633737,702275,0.446563412290692,681687,0.431721256138387,668002,0.426616988501812,502007,0.473856153625421,438853,0.472547020179886,535515,0.463654970709602,692660,0.447816389203168,712178,0.439437290633008,492667,0.396583853681586,650018,0.39665864014538,827572,0.385261973971126,884978,0.403316667054043
"  Oil, Gas & New Energies",,270943,0.863797363429136,339619,0.853260473588342,378888,0.82318102517419,500522,0.522904946223079,308649,0.420264536720333,414774,0.416038340516831,612421,0.411914577065539,623166,0.396259492910243,618851,0.391926398893475,629186,0.401827294719928,384423,0.362865864709347,335716,0.361491422929115,409303,0.354379187280192,539295,0.3486633263294,552672,0.341016833275846,437670,0.352312728964635,571705,0.348869920316537,777846,0.362112886136245,747603,0.34070988232431
  Marketing,,—,,—,,—,,53557,0.0559520264940791,35489,0.0483227489597177,61987,0.062175952720317,198959,0.133819892424301,225618,0.143466226128228,263100,0.166624656902669,244226,0.155974024978733,146719,0.138491497138024,126344,0.136044371845715,179692,0.155579374988095,280639,0.181437853563924,315157,0.194462252700907,276503,0.222577573278745,397485,0.242556143950147,520502,0.242310793472857,534421,0.243555090096803
  Natural Gas Marketing,,4949,0.0157779796917093,5617,0.014112178883236,6610,0.0143610422510119,6706,0.00700588699272353,8756,0.0119223982048321,11601,0.011636362906874,16362,0.0110050868764238,21562,0.0137108686708368,15360,0.00972768806546937,24398,0.0155816917995264,26259,0.0247864845272076,27784,0.0299171850452839,30476,0.0263864670221111,34156,0.0220824309035074,40652,0.0250836233902382,35437,0.0285258440750332,19526,0.0119152955879356,22156,0.0103143464197729,27249,0.0124183605248442
  Head Office & Other,,—,,424,,648,,171,,260,,464,,420,,403,,631,,—,,715,,684,,657,,606,,1644,,1320,,1201,,3210,,3522,
  Refining & Marketing,,33019,0.105268359555577,44806,0.112570818415929,63766,0.138539518937674,—,,—,,—,,—,,—,,—,,—,,—,,—,,—,,—,,—,,—,,—,,—,,—,
  Chemicals & Marketing,,4754,0.0151562973235777,7983,0.0200565291124929,11009,0.0239184136371241,—,,—,,—,,—,,—,,—,,—,,—,,—,,—,,—,,—,,—,,—,,—,,—,
  Other,,—,,—,,—,,—,,—,,—,,—,,—,,—,,672,,—,,—,,—,,—,,—,,—,,—,,—,,—,
Revenue Including Intersegment Revenue,,865894,1.0,1087427,1.0,1297274,1.0,2029970,1.0,1753951,1.0,2462840,1.0,3491030,1.0,3768320,1.0,3837753,1.0,3849446,1.0,2785551,1.0,2546284,1.0,3171533,1.0,3900944,1.0,4139113,1.0,3177433,1.0,4254284,1.0,5390453,1.0,5208785,1.0
  Marketing,,—,,—,,—,,778141,0.383594307663792,768295,0.438379667906554,1134534,0.460961452669677,1693130,0.485321652111001,1890558,0.502034898387855,1946806,0.507632984673536,1938501,0.503975515927932,1383426,0.497090955083714,1301616,0.511624012858051,1660456,0.523889753385102,2003105,0.513805325442573,2165391,0.523621461750011,1497533,0.471829485999182,2170062,0.510555972510758,2771894,0.514745458664656,2527059,0.48580976464441
    Other Business,,—,,—,,—,,—,,—,,—,,—,,—,,—,,—,,—,,—,,—,,—,,—,,257,8.09732926765486e-05,573,0.000134811158505455,—,,—,
    Other,,—,,—,,—,,—,,—,,—,,—,,—,,—,,—,,—,,—,,—,,—,,—,,1300,0.000409592531048689,1272,0.000299266655530434,—,,—,
    Non-Oil In Gas Stations,,—,,—,,—,,—,,—,,—,,—,,—,,—,,—,,—,,—,,—,,—,,—,,22360,0.00704499153403745,25148,0.00591663353245232,—,,—,
    Chemical Products,,—,,—,,—,,—,,—,,—,,—,,—,,—,,—,,—,,—,,—,,—,,—,,30344,0.00956051981703187,48240,0.0113495467474749,—,,—,
    Refined Products,,—,,—,,—,,—,,—,,—,,—,,—,,—,,—,,—,,—,,—,,—,,—,,822192,0.259049001759988,1064890,0.250539362270286,—,,—,
    Natural Gas,,—,,—,,—,,—,,—,,—,,—,,—,,—,,—,,—,,—,,—,,—,,—,,173696,0.0547266032869486,344196,0.0809798630243342,—,,—,
    Crude Oil,,—,,—,,—,,—,,—,,—,,—,,—,,—,,—,,—,,—,,—,,—,,—,,447384,0.140957803777451,685743,0.161336489122175,—,,—,
"  Refining, Chemicals & New Materials",,—,,—,,—,,560729,0.276418351612382,501300,0.28603560809527,664773,0.270097438926977,847711,0.242989317437332,883218,0.234537241853635,871815,0.227327248083866,846082,0.219966155533238,642428,0.230836451022693,582510,0.228966226390843,707804,0.223318933476701,874125,0.224216943246854,902679,0.21828025399156,774775,0.244109271725576,974972,0.22938412710363,1164596,0.216267469888468,1221161,0.234759828719049
    Others Business,,—,,—,,—,,—,,—,,—,,—,,—,,—,,—,,—,,—,,—,,—,,—,,162,5.10415307922213e-05,178,4.18785099720261e-05,—,,—,
    Others,,—,,—,,—,,—,,—,,—,,—,,—,,—,,—,,—,,—,,—,,—,,—,,8254,0.00260059750098145,7072,0.00166384731754027,—,,—,
    Chemical Business,,—,,—,,—,,—,,—,,—,,—,,—,,—,,—,,—,,—,,—,,—,,—,,150296,0.0473539377280721,207810,0.0488919840297008,—,,—,
    Refined Products,,—,,—,,—,,—,,—,,—,,—,,—,,—,,—,,—,,—,,—,,—,,—,,616063,0.19410369496573,759912,0.178786417246417,—,,—,
"  Oil, Gas & New Energies",,337208,0.389433348654685,421340,0.387850290929141,471928,0.364266770405911,626367,0.308775422074465,405326,0.231274025307846,544884,0.221386507743677,774777,0.222083392094881,789818,0.209735009121592,783694,0.204349547048212,777574,0.202155303413383,475412,0.17082446414789,412484,0.162134392416612,505430,0.159468000388708,658712,0.168962552403857,676320,0.163543520320703,530807,0.167241986637201,688334,0.161946080242048,929279,0.172568700348005,892335,0.171545284987002
    Other Business,,—,,—,,—,,—,,—,,—,,—,,—,,—,,—,,—,,—,,—,,—,,—,,231,7.27814420555748e-05,349,8.21101122485231e-05,—,,—,
    Others,,—,,—,,—,,—,,—,,—,,—,,—,,—,,—,,—,,—,,—,,—,,—,,78631,0.0247743617760688,90539,0.0213013394065015,—,,—,
    Natural Gas,,—,,—,,—,,—,,—,,—,,—,,—,,—,,—,,—,,—,,—,,—,,—,,118388,0.0373006465890709,133148,0.0313260665491873,—,,—,
    Crude Oil,,—,,—,,—,,—,,—,,—,,—,,—,,—,,—,,—,,—,,—,,—,,—,,333557,0.105094196830006,464298,0.109236564174111,—,,—,
  Natural Gas Marketing,,26214,0.0302739134351318,38917,0.0358237285140015,50066,0.0386444121288466,63315,0.0312119186493617,77658,0.0443106986903301,117043,0.0475546006596691,173058,0.0496056383567864,202196,0.0536928506369182,232751,0.0606902201943852,284262,0.0739030251254479,281778,0.101248129745703,247477,0.0972753683344948,295786,0.0933233127494892,362626,0.0930151789067165,391023,0.0945547639377252,370771,0.116819255638041,417022,0.0981138201435633,519211,0.0964183710988713,561191,0.107885121649538
    Other Business,,—,,—,,—,,—,,—,,—,,—,,—,,—,,—,,—,,—,,—,,—,,—,,401,0.000126343542269634,84,1.97628923463494e-05,—,,—,
    Other,,—,,—,,—,,—,,—,,—,,—,,—,,—,,—,,—,,—,,—,,—,,—,,23800,0.00749869402996831,32208,0.0075776575796574,—,,—,
    Pipeline Transportataion Business,,—,,—,,—,,—,,—,,—,,—,,—,,—,,—,,—,,—,,—,,—,,—,,52273,0.0164697156734678,3360,0.000790515693853976,—,,—,
    Natural Gas,,—,,—,,—,,—,,—,,—,,—,,—,,—,,—,,—,,—,,—,,—,,—,,294297,0.0927245023923355,381370,0.0897258839777056,—,,—,
  Head Office & Other,,—,,1080,,1718,,1418,,1372,,1606,,2354,,2530,,2687,,—,,2507,,2197,,2057,,2376,,3700,,3547,,3894,,5473,,7039,
    Other Business,,—,,—,,—,,—,,—,,—,,—,,—,,—,,—,,—,,—,,—,,—,,—,,32,,23,,—,,—,
    Other,,—,,—,,—,,—,,—,,—,,—,,—,,—,,—,,—,,—,,—,,—,,—,,3515,,3871,,—,,—,
  Refining & Marketing,,428494,0.49485733819613,543299,0.500115524781677,670844,0.517803939003795,—,,—,,—,,—,,—,,—,,—,,—,,—,,—,,—,,—,,—,,—,,—,,—,
  Chemicals & Marketing,,73978,0.0854353997140528,82791,0.0762104557751805,102718,0.0792848784614482,—,,—,,—,,—,,—,,—,,—,,—,,—,,—,,—,,—,,—,,—,,—,,—,
  Other,,—,,—,,—,,—,,—,,—,,—,,—,,—,,3027,,—,,—,,—,,—,,—,,—,,—,,—,,—,
Operating Income,,192171,1.0,197976,1.0,199855,1.0,159571,1.0,143444,1.0,187777,1.0,182461,1.0,174519,1.0,188284,1.0,169833,1.0,53629,1.0,38623,1.0,72683,1.0,122942,1.0,121762,1.0,75937,1.0,161153,1.0,216645,1.0,235448,1.0
"  Oil, Gas & New Energies",,208080,1.06856195019745,219860,1.07384976067207,206587,1.001716505118,240470,1.40890209105983,105019,0.67912802803968,153703,0.776587628397189,219539,1.13248493727303,214955,1.1573832278907,189698,0.940234738991653,186897,1.02756152272877,33961,0.37913480323751,3148,0.0442713094350767,15475,0.194891880659421,73519,0.535520996467203,96097,0.709705769401199,23092,0.254423657477799,68452,0.39018662288952,165748,0.70938886962923,148695,0.5885717452313
  Natural Gas Marketing,,3183,0.0163457933846525,8986,0.0438898114682036,12495,0.0605868120038985,16057,0.0940771858283679,19046,0.123165069387861,20415,0.103147215303075,15530,0.0801110102344008,-2110,-0.0113608830259793,28888,0.143182854537164,13126,0.072166875591036,51231,0.571934133407759,17885,0.25152235363607,15688,0.197574398952181,25515,0.185854244819172,26108,0.192815574133704,72410,0.797800841761971,43965,0.250607065905127,12957,0.0554549773378016,43044,0.170378843953973
"  Refining, Chemicals & New Materials",,—,,—,,—,,-93830,-0.549745428553015,17308,0.111925917303638,7847,0.0396471319364797,-61866,-0.319133790029713,-43511,-0.234276484048997,-24392,-0.120898511072781,-23560,-0.129533109014537,4883,0.0545129779514373,39026,0.548834854515027,39961,0.503268138483433,44701,0.325607313253451,13764,0.101651354465156,-1834,-0.0202066944315903,49740,0.283525428366223,40570,0.17363652316081,36936,0.146201862751695
    Chemical Business,,—,,—,,—,,—,,—,,—,,—,,—,,—,,—,,—,,—,,—,,7823,0.0569836471573733,—,,—,,—,,—,,—,
    Refined Products,,—,,—,,—,,—,,—,,—,,—,,—,,—,,—,,—,,—,,—,,36878,0.268623666096078,—,,—,,—,,—,,—,
  Marketing,,—,,—,,—,,7982,0.0467661516648211,13265,0.0857809852688214,15956,0.080618024363256,20653,0.106537842522285,16391,0.0882541391842778,7562,0.037480917543964,5421,0.0298047106947285,-500,-0.00558191459670667,11048,0.155371482413827,8279,0.104265581904966,-6450,-0.0469825545398259,-565,-0.00417269800005908,-2906,-0.0320178048081796,13277,0.0756808828391304,14374,0.0615196298721587,23962,0.0948475480630312
  Reconciliation,,—,,—,,—,,—,,—,,—,,—,,—,,-358,,-12051,,-25623,,-22012,,4961,,—,,—,,—,,—,,-15,,-18,
  Head Office & Other,,-2558,,-6764,,-6378,,-11108,,-11194,,-10144,,-11395,,-11206,,-13114,,—,,-10323,,-10472,,-11681,,-14343,,-13642,,-14825,,-14281,,-16989,,-17171,
  Refining & Marketing,,-19810,-0.101731123766876,-29164,-0.142444075412719,-20680,-0.10027493175195,—,,—,,—,,—,,—,,—,,—,,—,,—,,—,,—,,—,,—,,—,,—,,—,
  Chemicals & Marketing,,3276,0.0168233801847696,5058,0.0247045032724431,7831,0.0379716146300544,—,,—,,—,,—,,—,,—,,—,,—,,—,,—,,—,,—,,—,,—,,—,,—,
Operating Income Growth %,,—,,—,,—,,—,,—,,—,,—,,—,,—,,—,,—,,—,,—,,—,,—,,—,,—,,—,,—,
  Head Office & Other,,—,,—,,—,,—,,—,,—,,—,,—,,—,,—,,—,,—,,11.5,,22.8,,-4.9,,8.7,,0,,—,,—,
  Exploration & Production,,—,,—,,—,,—,,—,,—,,—,,—,,—,,—,,—,,-90.7,,391.6,,375.1,,30.7,,-76,,196.4,,—,,—,
  Refining & Chemicals,,—,,—,,—,,—,,—,,—,,—,,—,,—,,—,,—,,699.2,,2.4,,7,,-69.2,,-111.4,,0,,—,,—,
  Natural Gas & Pipeline,,—,,—,,—,,—,,—,,—,,—,,—,,—,,—,,—,,-65.1,,-12.3,,62.6,,2.3,,177.3,,-39.3,,—,,—,
  Marketing,,—,,—,,—,,—,,—,,—,,—,,—,,—,,—,,—,,—,,-25.1,,-177.9,,-91.2,,1,,0,,—,,—,
Revenue Growth %,,—,,—,,—,,—,,—,,—,,—,,—,,—,,—,,—,,—,,—,,—,,—,,—,,—,,—,,—,
  Head Office & Other,,—,,—,,—,,—,,—,,—,,—,,—,,—,,—,,—,,-12.4,,-6.4,,15.5,,55.7,,-4.1,,9.8,,—,,—,
  Exploration & Production,,—,,—,,—,,—,,—,,—,,—,,—,,—,,—,,—,,-13.2,,22.5,,30.3,,2.7,,-21.5,,29.7,,—,,—,
  Refining & Chemicals,,—,,—,,—,,—,,—,,—,,—,,—,,—,,—,,—,,-9.3,,21.5,,23.5,,-0.9,,-22.5,,25.8,,—,,—,
  Natural Gas & Pipeline,,—,,—,,—,,—,,—,,—,,—,,—,,—,,—,,—,,-12.2,,19.5,,22.6,,7.8,,-5.2,,12.5,,—,,—,
  Marketing,,—,,—,,—,,—,,—,,—,,—,,—,,—,,—,,—,,-5.9,,27.6,,20.6,,8.1,,-27.8,,44.9,,—,,—,
Assets,,778067,1.0,872163,1.0,1067680,1.0,1196235,1.0,1450288,1.0,1656487,1.0,1917586,1.0,2168896,1.0,2342110,1.0,2405473,1.0,2394094,1.0,2396950,1.0,2404910,1.0,2440877,1.0,2733190,1.0,2488400,1.0,2502533,1.0,2670400,1.0,2752448,1.0
  Head Office & Other,,631696,,729079,,819153,,973128,,1095827,,1210132,,1418639,,1551350,,1509573,,—,,1518486,,1434141,,1357803,,1371525,,1409368,,1631577,,1573900,,1646141,,1601964,
"  Oil, Gas & New Energies",,460814,0.565965249708613,507073,0.556266420935424,556608,0.553139263677479,662454,0.520580261369084,756122,0.52201426332613,880575,0.519991543844752,983708,0.485427905388467,1126937,0.483962218775176,1162903,0.49708308006911,1216424,0.504256915570553,1221942,0.493903119255375,1260009,0.501002793667052,1211912,0.49520915729467,1227613,0.490719558500979,1520697,0.516132787614689,1452554,0.565215242694986,1391129,0.548787237441887,1457543,0.53821589372036,1490035,0.528236970756212
  Marketing,,—,,—,,—,,197950,0.155556254076525,237534,0.163989589014615,252789,0.149275351193221,321432,0.158616238238203,371614,0.159589343475206,372049,0.159032406706864,365433,0.151486749215482,343721,0.138930386265123,384123,0.152734382144706,397813,0.162553585153761,429854,0.171827575221083,524321,0.177957383578005,489984,0.190661707225108,520938,0.205505115556143,596463,0.22025138648817,613381,0.217451617820666
"  Refining, Chemicals & New Materials",,—,,—,,—,,290758,0.228488129945856,256040,0.176765828771048,299808,0.177040711781515,385875,0.190416762892825,385443,0.16552819677707,366602,0.156704085654174,339374,0.140684240416862,311149,0.125764939459639,324357,0.128970319375071,318299,0.130062726961806,324639,0.129769484969774,365013,0.123887386642836,432022,0.168107636328545,457914,0.180642743445046,482452,0.178151405726744,517096,0.183317321156989
  Natural Gas Marketing,,69232,0.0850297650848861,75433,0.0827510929006708,80252,0.0797518759856937,121368,0.0953753546085357,198774,0.137230318888206,260269,0.153692393180512,335461,0.165539093480505,444570,0.190920240972548,437900,0.187180427569852,491079,0.203572094797103,597240,0.241401555019862,546485,0.217292504813171,519249,0.212174530589763,519553,0.207683381308164,536298,0.18202244216447,195353,0.0760154137513604,164934,0.065064903556924,171643,0.0633813140647265,200258,0.070994090266133
  Reconciliation,,—,,—,,—,,—,,—,,—,,—,,—,,—,,-1521880,,—,,—,,—,,—,,—,,—,,—,,—,,—,
    Investment in Associates and Joint Ventures,,—,,—,,—,,—,,—,,—,,—,,—,,—,,116947,,—,,—,,—,,—,,—,,—,,—,,—,,—,
    Other Assets,,—,,—,,—,,—,,—,,—,,—,,—,,—,,15955,,—,,—,,—,,—,,—,,—,,—,,—,,—,
    Elimination of Intersegment Balances,,—,,—,,—,,—,,—,,—,,—,,—,,—,,-1654782,,—,,—,,—,,—,,—,,—,,—,,—,,—,
  Refining & Marketing,,207724,0.255123684459396,248027,0.272089209217116,274435,0.272724743135795,—,,—,,—,,—,,—,,—,,—,,—,,—,,—,,—,,—,,—,,—,,—,,—,
  Chemicals & Marketing,,76439,0.0938813007471055,81032,0.0888932769467893,94976,0.0943841172010323,—,,—,,—,,—,,—,,—,,—,,—,,—,,—,,—,,—,,—,,—,,—,,—,
  Reconciliation,,-667838,,-768481,,-757744,,-1049423,,-1094009,,-1247086,,-1527529,,-1711018,,-1506917,,1515043,,-1598444,,-1552165,,-1400166,,-1432307,,-1622507,,-1713090,,-1606282,,-1683842,,-1670286,
Shipments/Sales (in Metric Tonnes),,—,,—,,—,,—,,—,,—,,—,,—,,—,,—,,—,,—,,—,,—,,—,,—,,—,,—,,—,
  Crude Oil,,—,,—,,—,,—,,—,,—,,—,,76203,,75482,,91772,,101620,,—,,—,,—,,—,,—,,—,,125625,,149936,
  Diesel,,—,,—,,—,,—,,—,,—,,—,,94515,,93301,,87041,,84763,,—,,—,,—,,—,,—,,—,,78762,,79699,
  Gasoline,,—,,—,,—,,—,,—,,—,,—,,47407,,52350,,59821,,60651,,—,,—,,—,,—,,—,,—,,58209,,67136,
  Kerosene,,—,,—,,—,,—,,—,,—,,—,,11355,,13482,,14016,,14683,,—,,—,,—,,—,,—,,—,,13678,,18962,
  Polyethylene,,—,,—,,—,,—,,—,,—,,—,,3045,,3391,,4159,,4270,,—,,—,,—,,—,,—,,—,,6455,,6001,
  Polypropylene,,—,,—,,—,,—,,—,,—,,—,,—,,—,,—,,—,,—,,—,,—,,—,,—,,—,,4007,,3700,
  Natural Gas,,—,,—,,—,,—,,—,,—,,—,,853.88,,985.41,,1252.78,,1581.1,,—,,—,,—,,—,,—,,—,,2602.84,,2735.48,
  Lubricant,,—,,—,,—,,—,,—,,—,,—,,2104,,1740,,1498,,1150,,—,,—,,—,,—,,—,,—,,1132,,1659,
  Heavy Oil,,—,,—,,—,,—,,—,,—,,—,,12615,,14788,,14003,,15635,,—,,—,,—,,—,,—,,—,,—,,—,
Sales Change - Volume %,,—,,—,,—,,—,,—,,—,,—,,—,,—,,—,,—,,—,,—,,—,,—,,—,,—,,—,,—,
  Lubricant,,—,,—,,15.5,,-15.8,,-10.3,,-5.2,,16.9,,19.5,,-17.3,,-13.9,,-23.2,,-2.4,,14.3,,-9.7,,-15.6,,43.7,,11.5,,-27.7,,46.6,
  Kerosene,,—,,—,,84.1,,26.9,,21.2,,15.5,,27.3,,16.1,,18.7,,4,,4.8,,12.6,,1.9,,15.5,,2.7,,-32.3,,-8.7,,-12.3,,38.6,
  Crude Oil,,—,,—,,-6.7,,32.4,,39.3,,14.6,,31.1,,22.8,,-0.9,,21.6,,10.7,,-1.5,,14.8,,-3.9,,36.1,,5.3,,—,,-20.7,,19.4,
  Gasoline,,—,,—,,13,,8.9,,4.7,,18,,17.8,,7.8,,10.4,,14.3,,1.4,,2.9,,4.6,,8.9,,7.4,,-13.5,,-0.2,,-11.8,,15.3,
  Natural Gas,,—,,—,,22,,17.2,,16.8,,5.7,,13.3,,13.4,,15.4,,27.1,,26.2,,15.9,,1.8,,8.9,,19.5,,-4,,10.1,,-5,,5.1,
  Diesel,,—,,—,,12.1,,3.1,,15.3,,20.3,,17.6,,3,,-1.3,,-6.7,,-2.6,,-5.4,,8.9,,-0.5,,3.8,,-10.4,,1.2,,-3.6,,1.2,
  Polyethylene,,—,,—,,32.2,,4.4,,7,,28.2,,5.2,,5.5,,11.4,,22.6,,2.7,,11.6,,-0.5,,-2,,7.3,,13.5,,2.6,,11.1,,-7,
  Polypropylene,,—,,—,,—,,—,,—,,—,,—,,—,,—,,—,,—,,—,,—,,—,,—,,—,,1.7,,-6.2,,-7.7,
  Heavy Oil,,—,,—,,9.5,,-19.5,,20,,13.3,,15.2,,35.3,,17.2,,-5.3,,11.7,,46.8,,1.9,,-14.7,,-9.4,,—,,—,,—,,—,
Shipment/Sales in Cubic Feet,,—,,—,,—,,—,,—,,—,,—,,—,,—,,—,,—,,—,,—,,—,,—,,—,,—,,—,,—,
  Natural Gas (hundred million cubic metre),,—,,—,,—,,—,,—,,—,,—,,853.88,,985.41,,1252.78,,1581.1,,—,,—,,—,,—,,—,,—,,—,,—,
Liabilities,,234400,1.0,254572,1.0,285580,1.0,348395,1.0,542587,1.0,646358,1.0,835040,1.0,988148,1.0,1072175,1.0,1087692,1.0,1049806,1.0,1023922,1.0,1023300,1.0,1031986,1.0,1288612,1.0,1121515,1.0,1093409,1.0,1136234,1.0,1122075,1.0
"  Oil, Gas & New Energies",,146616,0.464062796733557,185185,0.497534960572803,226676,0.50924923278771,264230,0.507409605121912,280573,0.456992776343543,327765,0.453003159474692,355576,0.415763602093457,445919,0.452079945497236,487745,0.48507611123598,505029,0.513383286216603,-511098,12.5472087199882,536284,0.539318204216924,525085,0.567869417665775,466097,0.505212578692704,720028,0.495123906815803,658521,0.484645292908508,550365,0.448317602390962,581261,0.425822875687714,591540,0.429799239564722
  Head Office & Other,,161753,,171059,,188774,,334972,,357107,,421319,,722856,,811435,,661173,,—,,727579,,727192,,659551,,666432,,682793,,573340,,566602,,590604,,571825,
  Marketing,,—,,—,,—,,132340,0.254136877500034,142254,0.231701020433094,144293,0.199426982411428,196363,0.229600952251776,203179,0.205986179656357,191534,0.190485946323329,169804,0.172612930213362,148556,-3.6469779545343,183159,0.184195282660247,199340,0.21558240992886,239187,0.259259941728378,324822,0.22336233821424,321460,0.236581788368737,349609,0.284785312754812,404991,0.296690182633349,375033,0.27249027658599
"  Refining, Chemicals & New Materials",,—,,—,,—,,70879,0.136111287141642,98590,0.160581801597837,119190,0.164732190983749,124857,0.145991281938553,141889,0.143849379341668,151415,0.15058647322432,136492,0.138749876744259,114888,-2.82044483723671,124076,0.124778001033816,79989,0.0865065786485382,59139,0.0641020360382234,132018,0.0907815639530806,186332,0.13713294901488,199159,0.162231401659956,243417,0.178323553328498,260787,0.189481783629789
  Natural Gas Marketing,,40847,0.129287206431601,43644,0.117257962681855,39790,0.089392026384015,53294,0.102342230236412,92538,0.150724401625526,132290,0.18283766713013,178440,0.208644163716214,195385,0.198084495504739,174808,0.173851469216372,172402,0.175253906825776,206920,-5.07978592821721,150855,0.151708512089013,120244,0.130041593756827,158153,0.171425443540695,277370,0.190732191016876,192456,0.141639969707875,128490,0.104665683194271,135361,0.0991633883504392,148957,0.108228700219499
  Reconciliation,,-243293,,-288692,,-348312,,-507320,,-428475,,-498499,,-743052,,-809659,,-594500,,688203,,362961,,-697644,,-560909,,-557022,,-848419,,-810594,,-700816,,-819400,,-826067,
  Refining & Marketing,,97918,0.309925935304172,115352,0.309915234884002,145263,0.326347170862558,—,,—,,—,,—,,—,,—,,—,,—,,—,,—,,—,,—,,—,,—,,—,,—,
  Chemicals & Marketing,,30559,0.0967240615306704,28024,0.0752918418613399,33389,0.075011569965717,—,,—,,—,,—,,—,,—,,—,,—,,—,,—,,—,,—,,—,,—,,—,,—,
  Other Liabilities,,—,,—,,—,,—,,—,,—,,—,,—,,—,,62541,,—,,—,,—,,—,,—,,—,,—,,—,,—,
  Elimination Of Intersegment,,—,,—,,—,,—,,—,,—,,—,,—,,—,,-646779,,—,,—,,—,,—,,—,,—,,—,,—,,—,
Depreciation and Amortization,,51305,1.0,61388,1.0,67274,1.0,94759,1.0,92259,1.0,113209,1.0,138073,1.0,151975,1.0,163365,1.0,177463,1.0,202875,1.0,218147,1.0,237375,1.0,231929,1.0,225262,1.0,213875,1.0,231269,1.0,238036,1.0,247452,1.0
"  Oil, Gas & New Energies",,30896,0.603355010057219,37080,0.609467455621302,43582,0.65411920092455,58927,0.627523854148918,64595,0.708270742645366,75991,0.67765610230252,88068,0.643630782723087,103838,0.689312267657992,115528,0.717012983788883,129221,0.737280834384111,148958,0.741745136215834,155192,0.717481657505051,169484,0.719118476937242,169622,0.737201691519369,158874,0.711243424734191,150849,0.711384107521811,175329,0.764223850475763,182989,0.774897732758548,194072,0.790021737891506
"  Refining, Chemicals & New Materials",,—,,—,,—,,22796,0.242758561935594,11824,0.129647701231346,16302,0.145374449339207,23621,0.17263027113937,17295,0.11481014338821,22478,0.139507460092848,21533,0.12285826767161,24400,0.121501237420389,25475,0.117775692206693,32319,0.137129109863673,24971,0.108527569766482,24995,0.111897034135422,23893,0.112676255600094,28466,0.124077569185035,27265,0.115458233465737,28217,0.114864809854511
  Marketing,,—,,—,,—,,5871,0.0625212983472482,7088,0.0777184460696703,8232,0.0734095489486169,9148,0.0668566834758459,10004,0.0664099840679766,11280,0.0700081924480524,11709,0.0668066435780837,12974,0.0646047973070545,12891,0.0595975053282232,12734,0.0540302015843315,13511,0.0587207558814198,17131,0.0766916620033576,17833,0.084098090073096,20338,0.0886492518121706,20563,0.0870774859620743,17926,0.0729725548942822
  Natural Gas Marketing,,4478,0.087448981584549,5263,0.0865055884286653,5926,0.0889429210380176,6310,0.0671962855682399,7694,0.0843631100536178,11613,0.103559899409656,15993,0.116882262661697,19503,0.12946760488582,11838,0.0734713636702167,12804,0.0730542543661956,14489,0.0721488290567222,22743,0.105145144960033,21146,0.0897222116147537,21985,0.0955499828327299,22375,0.100167879127029,19475,0.0918415468049988,5288,0.0230493285270311,5329,0.0225665478136407,5439,0.022140897359701
  Head Office & Other,,98,,548,,647,,855,,1058,,1071,,1243,,1335,,2241,,—,,2054,,1846,,1692,,1840,,1887,,1825,,1848,,1890,,1798,
  Refining & Marketing,,8964,0.175054191809714,12080,0.198553583168968,11196,0.168039983790355,—,,—,,—,,—,,—,,—,,—,,—,,—,,—,,—,,—,,—,,—,,—,,—,
  Chemicals & Marketing,,6869,0.134141816548519,6417,0.105473372781065,5923,0.088897894247077,—,,—,,—,,—,,—,,—,,—,,—,,—,,—,,—,,—,,—,,—,,—,,—,
  Other,,—,,—,,—,,—,,—,,—,,—,,—,,—,,2196,,—,,—,,—,,—,,—,,—,,—,,—,,—,
Capital Expenditures,,-124801,,-148746,,-182387,,-237291,,-266836,,-276212,,-284391,,-352516,,-318696,,-291729,,-202238,,-172386,,-216227,,-255974,,-296776,,-246493,,-251178,,-274307,,-275338,
  Head Office & Other,,-427,,-2358,,-1613,,-3134,,-2333,,-1636,,-1675,,-1429,,-1109,,—,,-1270,,-968,,-1014,,-1066,,-758,,-626,,-700,,-939,,-1854,
  Natural Gas Marketing,,-11137,0.0895444385482496,-11309,0.0772536000218597,-11003,0.0608660537466671,-37060,0.158269878756561,-74754,0.282620612998718,-53648,0.19538488433075,-62645,0.221582789796121,-72939,0.207751924736604,-57439,0.180860677546625,-32919,0.11313187549617,-20360,0.1013096612396,-20340,0.118657317201227,-24529,0.113975456872958,-26502,0.103966921399093,-27004,0.0912241823132377,-21143,0.0859936469717368,-6750,0.026948474516724,-4936,0.018056246524831,-4050,0.0148089102104694
  Marketing,,—,,—,,—,,-15703,0.0670618431223495,-18174,0.0687099957278367,-15793,0.0575177728570596,-15136,0.0535378259454718,-14928,0.0425193755393962,-7101,0.0223592275502461,-5616,0.0193003618817853,-7061,0.0351349468572111,-7983,0.0465703718395968,-10982,0.0510285159353756,-17010,0.0667299574748537,-17618,0.0595166510144653,-16294,0.0662716021263529,-10982,0.0438441699470612,-5069,0.0185427701852448,-4673,0.0170869228181539
"  Refining, Chemicals & New Materials",,—,,—,,—,,-23332,0.0996425475215347,-42558,0.160897986034185,-44242,0.161128430744129,-42781,0.151321467479732,-36009,0.102564321663861,-26671,0.0839801377260404,-30965,0.106416614257386,-15725,0.0782462879662434,-12847,0.0749454549697231,-17705,0.0822673351516869,-15287,0.0599706560798406,-21279,0.0718841421805431,-21810,0.0887064957883734,-54487,0.217532078665591,-41771,0.152801352023646,-16383,0.0599047841921282
"  Oil, Gas & New Energies",,-83214,0.669062665830479,-105192,0.718583490450037,-135060,0.747120714262007,-158062,0.675025730599555,-129017,0.48777140523926,-160893,0.585968912068061,-162154,0.573557916778675,-227211,0.647164378060139,-226376,0.712799957177088,-221479,0.761151148364659,-157822,0.785309103936945,-130248,0.759826855989453,-161997,0.752728692039979,-196109,0.769332465046213,-230117,0.777375024491754,-186620,0.759028255113537,-178259,0.711675276870623,-221592,0.810599631266279,-248378,0.908199382779248
  Refining & Marketing,,-16454,0.132294531011305,-19206,0.131199278629396,-26546,0.146846338522133,—,,—,,—,,—,,—,,—,,—,,—,,—,,—,,—,,—,,—,,—,,—,,—,
  Chemicals & Marketing,,-13569,0.109098364609967,-10681,0.0729636308987075,-8165,0.0451668934691936,—,,—,,—,,—,,—,,—,,—,,—,,—,,—,,—,,—,,—,,—,,—,,—,
  Other,,—,,—,,—,,—,,—,,—,,—,,—,,—,,-750,,—,,—,,—,,—,,—,,—,,—,,—,,—,
Amount Produced (in Metric Tonnes),,—,,—,,—,,—,,—,,—,,—,,—,,—,,—,,—,,—,,—,,—,,—,,—,,—,,—,,—,
"  Gasoline, Kerosene & Diesel Output",,—,,—,,—,,—,,—,,—,,—,,—,,90282,,92671,,91933,,86022,,92715,,111148,,117791,,107042,,108712,,105354,,122736,
    Diesel,,—,,—,,—,,—,,—,,—,,59040,,59227,,56876,,57627,,54182,,46689,,48241,,54311,,54628,,50719,,48245,,53648,,58399,
    Gasoline,,—,,—,,—,,—,,—,,—,,25447,,28381,,29294,,30688,,32258,,33275,,37363,,45794,,50430,,46280,,49388,,43514,,49776,
    Kerosene,,—,,—,,—,,—,,—,,—,,2663,,3408,,4112,,4356,,5493,,6058,,7111,,11043,,12733,,10043,,11079,,8192,,14561,
  Derivative Petrochemicals,,3721700,,3433600,,4607300,,4755200,,5177200,,8154000,,8327,,8317,,8420,,9989,,10276,,11248,,11483,,11422,,11799,,12566,,13093,,13763,,14643,
    Synthetic Resin,,3061100,,2756900,,3962500,,4099500,,4480300,,5550000,,5690,,6089,,6537,,—,,8215,,9078,,9284,,9165,,9580,,10287,,10903,,11620,,12579,
    Synthetic Fibre Materials & Polymers,,348600,,395300,,334200,,311700,,276800,,1985000,,2031,,1595,,1218,,1293,,1348,,1410,,1390,,1388,,1309,,1278,,1146,,1099,,1098,
    Synthetic Rubber,,312000,,281400,,310600,,344000,,420100,,619000,,606,,633,,665,,745,,713,,760,,809,,869,,910,,1001,,1044,,1044,,966,
    Synthetic Resin,,—,,—,,—,,—,,—,,—,,—,,—,,—,,7951,,—,,—,,—,,—,,—,,—,,—,,—,,—,
  Ethylene,,1887900,,2067900,,2581500,,2675600,,2988900,,3615000,,3467,,3690,,3982,,4976,,5032,,5589,,5764,,5569,,5863,,6345,,6713,,7419,,8001,
  Urea,,3577600,,3576300,,3634500,,3823700,,3973300,,3764000,,4484,,4408,,3771,,2663,,2566,,1900,,1439,,828,,1208,,2163,,2422,,2549,,2300,
  Processed Crude Oil,,—,,—,,—,,—,,—,,—,,984.6,,1012.5,,992.3,,1010.6,,998.1,,953.3,,1016.9,,1180.5,,1228.4,,1177.5,,1225,,1212.7,,1398.8,
  Other Chemicals,,3583000,,3576300,,3634500,,3823700,,3973300,,3764000,,4484,,4408,,—,,2663,,—,,—,,—,,—,,—,,—,,—,,—,,—,
    Ammonium Nitrate,,5400,,0,,—,,—,,—,,—,,—,,—,,—,,—,,—,,—,,—,,—,,—,,—,,—,,—,,—,
  Basic Petrochemicals,,5089300,,5488700,,6492500,,6771500,,7288600,,8353000,,8784,,9391,,—,,4976,,—,,—,,—,,—,,—,,—,,—,,—,,—,
    Benzene,,707900,,749600,,827800,,943500,,1021700,,1247000,,1510,,1627,,—,,—,,—,,—,,—,,—,,—,,—,,—,,—,,—,
    Propylene,,2493500,,2671200,,3083200,,3152400,,3278000,,3491000,,3807,,4074,,—,,—,,—,,—,,—,,—,,—,,—,,—,,—,,—,
  Refining & Chemicals,,—,,—,,—,,—,,—,,—,,87150,,91016,,—,,—,,—,,—,,—,,—,,—,,—,,—,,—,,—,
Number of Employees,,439220,1.0,446290,1.0,466502,1.0,477780,1.0,539168,1.0,552698,1.0,552810,1.0,548355,1.0,544083,1.0,534652,1.0,521566,1.0,508757,1.0,494297,1.0,476223,1.0,460724,1.0,432003,1.0,417173,1.0,—,,—,
  Head Office & Other,,3670,,3696,,4766,,4856,,5510,,5317,,5433,,5630,,5700,,—,,5712,,5895,,5709,,5526,,5512,,5519,,5634,,—,,—,
  Refining & Marketing,,117260,0.269222821719665,118504,0.267748772012273,142285,0.3081522774919,—,,—,,—,,—,,—,,—,,—,,—,,—,,—,,—,,—,,—,,—,,—,,—,
  Chemicals & Marketing,,60272,0.138381356905063,61152,0.138167259384447,41943,0.0908376214979989,—,,—,,—,,—,,—,,—,,—,,—,,—,,—,,—,,—,,—,,—,,—,,—,
  Other,,—,,—,,—,,—,,—,,—,,—,,—,,—,,5595,,—,,—,,—,,—,,—,,—,,—,,—,,—,
  Exploration & Production,,247258,0.567691424635518,247442,0.559072197092595,261802,0.566994992809744,258821,0.547278209606618,265499,0.497507767146749,288142,0.52640117212691,293143,0.53554131795819,292455,0.538864065594915,291023,0.540550128811645,298014,0.563292802098829,291525,0.565130831591884,286280,0.569301319248621,277553,0.568071667744603,268633,0.57071321890728,260220,0.571645738688787,249643,0.585351384811623,241692,0.587288203548145,—,,—,
  Refining & Chemicals,,—,,—,,—,,127493,0.269584542125162,178689,0.334838042341724,174273,0.318376048858108,169418,0.309508802890878,167209,0.308091574922843,165636,0.307654587904893,155321,0.293580842895945,150755,0.292243541777325,146336,0.291006280052977,143253,0.293197950011052,137761,0.292674480610669,133735,0.293786191928157,132703,0.311155869856782,128785,0.312935104570891,—,,—,
  Natural Gas & Pipeline,,10760,0.0247043967397543,15496,0.0350117715106847,15706,0.0340151082003569,20053,0.0424021618695604,20667,0.0387270499083683,19095,0.0348842944859248,19838,0.0362419319774123,20451,0.0376820673453406,21097,0.0391858583944887,16707,0.0315788279901788,16425,0.0318404044555242,15946,0.0317104891600479,15919,0.0325816434296381,15560,0.0330573596177583,15273,0.0335514002267076,4356,0.0102137477607601,3928,0.00954466040885554,—,,—,
  Marketing,,—,,—,,—,,66557,0.14073508639866,68803,0.128927140603158,65871,0.120338484529057,64978,0.11870794717352,62610,0.115362292136902,60627,0.112609424888973,59015,0.111547527015048,57149,0.110785222175267,54300,0.107981911538354,51863,0.106148738814707,48743,0.103554940864293,45984,0.101016669156349,39782,0.093278997570835,37134,0.0902320314721084,—,,—,
Shipment (Metric Tonnes),,—,,—,,—,,—,,—,,—,,—,,—,,—,,—,,—,,289885.05,1.0,500378,1.0,315888.54,1.0,364681.91,1.0,333246.45,1.0,336033.74,1.0,290470.84,1.0,329828.48,1.0
"  Gasoline, Kerosene & Diesel Output",,—,,—,,—,,—,,—,,—,,—,,—,,—,,—,,—,,159107,0.548862385279958,169466,0.338675960973504,177498,0.561900726123208,187712,0.514728026953681,161230,0.483816106668203,163307,0.48598393720821,150649,0.518637258046281,165797,0.502676421393325
    Diesel,,—,,—,,—,,—,,—,,—,,—,,—,,—,,—,,—,,80168,0.276550998404368,87324,0.174516065854214,86904,0.275109695337476,90163,0.24723738010476,80796,0.242451194903952,81728,0.243213672531812,78762,0.2711528633993,79699,0.241637714244689
    Gasoline,,—,,—,,—,,—,,—,,—,,—,,—,,—,,—,,—,,62406,0.215278435366018,65293,0.130487351562219,71125,0.225158532183535,76366,0.209404409448223,66084,0.19830368785624,65981,0.196352306765386,58209,0.200395330560548,67136,0.203548219971787
    Kerosene,,—,,—,,—,,—,,—,,—,,—,,—,,—,,—,,—,,16533,0.0570329515095725,16849,0.0336725435570709,19469,0.0616324986021968,21183,0.0580862374006981,14350,0.0430612239080116,15598,0.0464179579110122,13678,0.0470890640864329,18962,0.0574904871768502
  Crude Oil,,—,,—,,—,,—,,—,,—,,—,,—,,—,,—,,—,,100108,0.345336884396074,114930,0.229686357114022,110457,0.349670804771835,150322,0.412200319999421,158266,0.474921788364137,158342,0.471208635180503,125625,0.432487474474202,149936,0.454587790599526
  Polyethylene,,—,,—,,—,,—,,—,,—,,—,,—,,—,,—,,—,,4764,0.0164341003442571,4739,0.00947084004492604,4644,0.0147013880275619,4985,0.0136694468886598,5659,0.0169814262087413,5808,0.0172839786861879,6455,0.0222225404794505,6001,0.0181943051127665
  Polypropylene,,—,,—,,—,,—,,—,,—,,—,,—,,—,,—,,—,,—,,—,,—,,—,,4200,0.0126032850462473,4272,0.012713009116287,4007,0.0137948442604428,3700,0.0112179518275681
  Natural Gas,,—,,—,,—,,—,,—,,—,,—,,—,,—,,—,,—,,1832.05,0.00631991887818982,186565,0.372848126816127,2167.54,0.00686172407520703,2590.91,0.00710457505281795,2487.45,0.00746429556863997,2739.74,0.00815316938114607,2602.84,0.00896076177560543,2735.48,0.00829364401764214
  Lubricant,,—,,—,,—,,—,,—,,—,,—,,—,,—,,—,,—,,1122,0.00387049970324444,1283,0.00256406156945349,1158,0.00366584998620083,977,0.00267904706323382,1404,0.00421309814403124,1565,0.00465727042766598,1132,0.00389712096401828,1659,0.00502988704917174
  Heavy Oil,,—,,—,,—,,—,,—,,—,,—,,—,,—,,—,,—,,22952,0.0791762113982767,23395,0.0467546534819676,19964,0.0631995070159874,18095,0.0496185840421862,—,,—,,—,,—,
Average Sales Price,,—,,—,,—,,—,,—,,—,,—,,—,,—,,—,,—,,—,,—,,—,,—,,—,,—,,—,,—,
  Lubricant,,—,,—,,—,,1017,,900.5,,1026.875,,1200.125,,1121.625,,9319,,1245.36,,8234,,7424,,7693,,7875,,8047,,6426,,6858,,9149,,8853,
  Gasoline,,—,,—,,—,,796,,678,,779.64706,,918.11765,,942,,7866,,995.26,,5972,,5725,,6386,,7024,,6487,,5561,,7018,,8686,,8205,
  Polyethylene,,—,,—,,—,,1383,,1053.75,,1119.75,,1178.125,,1135.25,,9665,,1316.01,,8202,,7981,,8559,,8816,,7443,,6725,,7835,,7807,,7398,
  Diesel,,—,,—,,—,,748,,662,,788,,926.93333,,939.46667,,6810,,871.15,,4503,,4127,,4600,,5478,,5286,,4221,,5395,,7861,,7064,
  Polypropylene,,—,,—,,—,,—,,—,,—,,—,,—,,—,,—,,—,,—,,—,,—,,—,,7002,,7830,,7488,,6838,
  Kerosene,,—,,—,,—,,860,,499.48718,,624.87179,,795.64103,,820.38462,,6015,,764.79,,3334,,2869,,3552,,4540,,4255,,2652,,3661,,6771,,5982,
  Crude Oil,,396.2,,476.8,,—,,588,,372,,490.32345,,642.5768,,633.10326,,4533,,533.09,,2134,,1881,,2392,,3213,,3162,,2070,,3198,,4645,,4030,
  Natural Gas,,23.35,,27.6,,—,,23,,23,,27.05382,,30.65156,,31.85615,,1226,,38.68,,1371,,1097,,1236,,1367,,1313,,1170,,1729,,2684,,2076,
  Heavy Oil,,—,,—,,—,,479,,362.875,,475,,547,,576.5,,4443,,584.11,,2439,,1892,,2380,,3335,,3249,,—,,—,,—,,—,
Average Selling Price Change (%),,—,,—,,—,,—,,—,,—,,—,,—,,—,,—,,—,,—,,—,,—,,—,,—,,—,,—,,—,
  Lubricant,,—,,—,,-0.2,,17.1,,-4.1,,14,,16.9,,-6.5,,3.9,,-1.3,,-10.5,,-9.8,,3.6,,2.4,,2.2,,-20.1,,6.7,,33.4,,-3.2,
  Polyethylene,,—,,11,,1.9,,-2.6,,-17.5,,6.3,,5.2,,-3.6,,6.4,,0.6,,-15.7,,-2.7,,7.2,,3,,-15.6,,-9.6,,16.5,,-0.4,,-5.2,
  Gasoline,,—,,—,,2.6,,13.8,,-2,,15,,17.8,,2.6,,-1.8,,-6.5,,-18.8,,-4.1,,11.5,,10,,-7.6,,-14.3,,26.2,,23.8,,-5.5,
  Polypropylene,,—,,—,,—,,—,,—,,—,,—,,—,,—,,—,,—,,—,,—,,—,,—,,—,,11.8,,-4.4,,-8.7,
  Diesel,,—,,—,,5.8,,18.4,,-10.2,,19,,17.6,,1.4,,-3.3,,-5.5,,-30,,-8.3,,11.5,,19.1,,-3.5,,-20.1,,27.8,,45.7,,-10.1,
  Kerosene,,—,,—,,4,,35.7,,-38.7,,25.1,,27.3,,3.1,,-6,,-6.1,,-41,,-13.9,,23.8,,27.8,,-6.2,,-37.7,,38,,84.9,,-11.7,
  Crude Oil,,—,,—,,3.1,,18.8,,-36.8,,31.7,,31.1,,-1.5,,-3.1,,-13.1,,-45.8,,-11.9,,27.2,,34.3,,-1.6,,-34.5,,54.5,,45.2,,-13.2,
  Natural Gas,,—,,—,,2.2,,17.3,,0.1,,17.3,,13.3,,4,,9,,11.4,,0.4,,-20,,12.7,,10.7,,-4,,-10.9,,47.8,,55.2,,-22.7,
  Heavy Oil,,—,,—,,1.5,,40.6,,-18,,30.9,,15.2,,5.4,,-3.7,,-2.9,,-43.5,,-22.4,,25.8,,40.1,,-2.6,,—,,—,,—,,—,
Marketing Retail Sites,,18164,1.0,18207,1.0,18648,1.0,17456,1.0,17262,1.0,17996,1.0,19362,1.0,19840,1.0,20272,1.0,20572,1.0,20714,1.0,20895,1.0,21399,1.0,21783,1.0,22365,1.0,22619,1.0,22800,1.0,22586,1.0,22755,1.0
  Service Station,,18164,1.0,18207,1.0,18648,1.0,17456,1.0,17262,1.0,17996,1.0,19362,1.0,19840,1.0,20272,1.0,20572,1.0,20714,1.0,20895,1.0,21399,1.0,21783,1.0,22365,1.0,22619,1.0,22800,1.0,22586,1.0,22755,1.0
    Owned Service Stations,,—,,16624,0.91305541824573,17070,0.915379665379665,16725,0.958123281393217,16607,0.962055381763411,17394,0.966548121804846,18792,0.970560892469786,19296,0.97258064516129,19710,0.972277032359905,20422,0.992708535874004,20422,0.985903253837984,20101,0.962000478583393,20350,0.950979017711108,20555,0.943625763209842,20955,0.936955063715627,21042,0.930279853220744,20734,0.909385964912281,20564,0.910475515806252,20367,0.895056031641397
    Other,,—,,1583,0.0869445817542703,1578,0.0846203346203346,731,0.0418767186067828,655,0.037944618236589,602,0.0334518781951545,570,0.0294391075302138,544,0.0274193548387097,562,0.0277229676400947,150,0.0072914641259965,292,0.014096746162016,794,0.0379995214166068,1049,0.049020982288892,1228,0.0563742367901575,1410,0.0630449362843729,1577,0.0697201467792564,2066,0.0906140350877193,2022,0.0895244841937483,2388,0.104943968358603
Operating Costs ($/bbl),,—,,—,,—,,—,,—,,—,,—,,—,,—,,—,,—,,—,,—,,—,,—,,—,,—,,—,,—,
  Processing Of Refineries,,—,,—,,—,,—,,—,,—,,—,,—,,—,,—,,—,,179.93,,169.04,,169.38,,168.64,,163.9,,166.65,,215.37,,—,
  Lifting,,—,,—,,—,,—,,—,,—,,—,,—,,—,,—,,12980000,,11.67,,11.53,,12.31,,12.11,,11.1,,12.3,,12.42,,—,
  Oil Marketing,,—,,—,,—,,—,,—,,—,,—,,—,,—,,—,,—,,314.77,,305.48,,319.61,,330.76,,—,,—,,—,,—,
Total Marketing Volume (mbpd),,1827.228767,1.0,1798.228959,1.0,2064.285096,1.0,2193.845123,1.0,4921.05575,1.0,5612.12378,1.0,6422.67007,1.0,7186.73471,1.0,10917.288562,1.0,8035.148192,1.0,3929.379,1.0,3804.723,1.0,4026.151,1.0,4114.84,1.0,4287.006,1.0,3397.587,1.0,83615.21,1.0,3284.42,1.0,3586.34,1.0
  Diesel,,982.417808,0.537654521285238,1004.05274,0.558356451204276,1126.937671,0.545921526626185,1161.285616,0.529338011979618,1328.60959,0.269984665384049,1598.40411,0.284812697057085,1886.03425,0.293652675514126,1942.08904,0.270232465558757,1917.143836,0.175606225402252,1788.514,0.222586311697486,1741.705,0.443251974421403,1622.907,0.426550631938251,1767.772,0.439072454063447,1759.27,0.427542747713155,1825.244,0.425761942017343,1631.152,0.48009131186339,81728,0.977429824071482,1594.44,0.485455575109152,1613.43,0.449882052454592
  Gasoline,,609.24274,0.333424446354505,558.745753,0.310720028283117,631.461507,0.305898399510607,690.050959,0.314539504984008,716.72466,0.145644491022074,845.99452,0.150744094956509,1023.88904,0.15941797240723,1103.99863,0.153616165692583,1219.109589,0.111667799387787,1393.092,0.173374773770445,1412.421,0.359451455306297,1263.336,0.332044146183572,1321.78,0.328298665400279,1439.842,0.349914455969126,1545.94,0.360610645284844,1334.138,0.392672211189883,1335.71,0.0159744859816773,1178.37,0.358775674243854,1359.09,0.378962953874981
  Kerosene,,42.910685,0.0234840244281246,43.752658,0.0243309717491876,80.825096,0.0391540374711885,102.530466,0.0467355078647455,124.30849,0.0252605327627105,143.52,0.0255732064412877,208.95452,0.0325339022124174,242.65479,0.0337642614889287,288.108493,0.0263901143002507,299.52,0.0372762260064114,313.774,0.0798533305135493,334.691,0.0879672449216408,341.088,0.0847181340193152,394.127,0.0957818530003597,428.825,0.100029017920665,289.705,0.0852678680487063,315.76,0.00377634643266458,276.9,0.0843071227187753,383.86,0.107033912010573
  Polyethylene,,—,,—,,—,,—,,51.48493,0.0104621716589982,66.01644,0.0117631831705608,63.23288,0.00984526362257932,66.73973,0.00928651643522264,74.323288,0.0068078522957338,91.156164,0.0113446773876252,93.589,0.0238177584804113,96.441,0.0253477059959424,95.935,0.023827968697647,94.012,0.0228470608820756,100.915,0.0235397384561627,114.247,0.0336259233391227,117.58,0.00140620348857582,130.67,0.0397848021872964,121.48,0.033872973560789
  Polypropylene,,—,,—,,—,,—,,—,,—,,—,,—,,—,,—,,—,,—,,—,,—,,—,,—,,86.48,0.00103426158948832,81.12,0.0246984246838102,74.9,0.0208848017756264
  Lubricant,,47.81589,0.0261685295588388,39.342466,0.0218784520197464,51.473973,0.0249354961190884,43.333699,0.0197523966234876,39.36438,0.00799917375453428,37.32603,0.0066509634254717,38.59726,0.00600953490983229,46.11507,0.00641669295735003,38.136986,0.0034932653637776,32.832877,0.00408615699616956,25.205,0.00641449959395619,22.713,0.00596968557237938,25.972,0.00645082611158896,23.442,0.00569694082880501,19.77,0.0046116100607277,28.345,0.00834268555889812,31.68,0.000378878436112282,22.92,0.00697840105711206,33.58,0.00936330632343838
  Marketing Volume,,1682.387123,0.920731521626706,1645.893617,0.915285903256327,1890.698247,0.915909459727069,—,,—,,—,,—,,—,,—,,—,,—,,—,,—,,—,,—,,—,,—,,—,,—,
"  Gasoline, Kerosene & Diesel Output",,—,,—,,—,,—,,—,,—,,—,,—,,7170.82524,0.656832069545145,—,,—,,—,,—,,—,,—,,—,,—,,—,,—,
  Other Chemicals,,74.823014,0.0409489032524629,78.259726,0.0435204458299462,80.267397,0.0388838717847334,96.289315,0.0438906621030422,88.85699,0.0180564891994975,75.50685,0.0134542381743405,92.63781,0.014423566677153,94.32548,0.0131249425234454,—,,—,,—,,—,,—,,—,,—,,—,,—,,—,,—,
    Urea,,—,,—,,80.267397,0.0388838717847334,96.289315,0.0438906621030422,88.85699,0.0180564891994975,75.50685,0.0134542381743405,92.63781,0.014423566677153,94.32548,0.0131249425234454,—,,—,,—,,—,,—,,—,,—,,—,,—,,—,,—,
  Derivative Petrochemicals,,70.01863,0.0383195751208311,74.075616,0.0411936509137266,93.319452,0.045206668488198,100.355068,0.045743916445099,219.59671,0.0446239020966182,247.89478,0.0441712958797213,287.42356,0.0447514128652727,327.67562,0.0455945061592513,—,,—,,—,,—,,—,,—,,—,,—,,—,,—,,—,
    Synthetic Resin,,58.768219,0.0321624856511467,63.513425,0.0353199878592323,82.27726,0.0398575081317159,89.229589,0.040672692919171,97.71616,0.0198567472030773,119.04438,0.0212120018493249,123.3074,0.0191987753778546,131.07726,0.0182387781501956,—,,—,,—,,—,,—,,—,,—,,—,,—,,—,,—,
    Intermediates,,2.46137,0.00134705081512106,2.803288,0.00155891605791896,3.432329,0.00166272042880651,3.607671,0.00164445108826399,108.1337,0.0219736791236311,111.99342,0.0199556218626382,148.47342,0.0231170865670825,179.74795,0.025011073492095,—,,—,,—,,—,,—,,—,,—,,—,,—,,—,,—,
    Synthetic Rubber,,4.431781,0.0024254111362729,4.458082,0.00247915148829499,4.8,0.00232526021202257,5.124384,0.00233580025603293,10.78356,0.00219131026914296,13.77753,0.00245495832595481,13.26027,0.00206460395061209,14.49644,0.00201711077213256,—,,—,,—,,—,,—,,—,,—,,—,,—,,—,,—,
    Synthetic Fibre Materials & Polymers,,4.35726,0.00238462751829038,3.300822,0.00183559606438303,2.809863,0.001361179715653,2.393425,0.00109097263745176,2.96329,0.000602165500766782,3.07945,0.000548713841803397,2.38247,0.00037094696972345,2.35397,0.000327543744828171,—,,—,,—,,—,,—,,—,,—,,—,,—,,—,,—,
  Crude Oil,,—,,—,,—,,—,,1088.47055,0.221186388713438,1247.60735,0.222305743584294,1256.27171,0.195599602082627,1542.64101,0.214651169446047,1528.0452,0.139965632613092,1857.817282,0.231211327732535,—,,—,,—,,—,,—,,—,,—,,—,,—,
  Heavy Oil,,—,,—,,—,,—,,185.68767,0.0377332994042996,210.47671,0.037503932245771,204.38356,0.0318222106651043,276.49315,0.0384727085605752,324.120548,0.0296887405841934,306.915069,0.0381965660951434,342.685,0.0872109816843832,464.635,0.122120585388214,473.604,0.117631951707723,404.147,0.098216941606478,366.312,0.0854470462602572,—,,—,,—,,—,
  Natural Gas,,—,,—,,—,,—,,1077.95178,0.219048886003781,1139.37699,0.20302064506496,1361.24548,0.211943859043658,1544.00219,0.214840571177839,1781.8373,0.163212439598059,2265.3008,0.281923960314185,—,,—,,—,,—,,—,,—,,—,,—,,—,
  Refining & Chemicals,,—,,—,,—,,—,,4612.60205,0.937319608703884,5288.72215,0.942374465945938,6042.6087,0.940825020457574,6764.73361,0.941280551317303,—,,—,,—,,—,,—,,—,,—,,—,,—,,—,,—,
Total Refining Inputs (mbpd),,—,,—,,—,,2.322,1.0,—,,—,,2697.4,1.0,2773.9726,1.0,—,,—,,2734.52,1.0,—,,—,,—,,—,,—,,—,,—,,—,
  Refining and Chemicals,,—,,—,,—,,2.322,1.0,—,,—,,2697.4,1.0,2773.9726,1.0,—,,—,,2734.52,1.0,—,,—,,—,,—,,—,,—,,—,,—,
Total Refining Outputs (mbpd),,1333.42,1.0,1372.22,1.0,1754.75,1.0,1.582,1.0,1.65326928,1.0,2028.89919,1.0,1965.36657,1.0,2278.60603,1.0,1938.74685,1.0,1991.855,1.0,1981.928,1.0,1741.414,1.0,1876.905,1.0,2132.524,1.0,2127.033764,1.0,2161.02,1.0,2200.74,1.0,2132.77,1.0,2484.65,1.0
  Diesel,,863.71,0.647740396874203,888.33,0.647367040270511,950.98,0.541946146174669,0.99,0.625790139064475,1.0033089,0.606863571553207,1.10434932,0.000544309606629593,1213.15068,0.617264330490775,1216.99315,0.534095466253111,1168.684932,0.602804297012784,1184.116,0.594479015791812,1113.329,0.561740386129062,945.164,0.542756633402511,976.582,0.520315093198644,1053.124,0.493839225256082,1105.88,0.519916523525388,1023.942,0.473823472249216,976.66,0.443787089797068,1086.04,0.509215714774683,1182.22,0.475809470146701
  Gasoline,,430.13,0.322576532525386,442.44,0.322426433079244,442.27,0.252041601367716,0.545,0.344500632111252,0.51499055,0.311498287804634,542.78904,0.26752883665945,592.60137,0.301522056518953,660.9274,0.290057777122621,682.189041,0.351871127991775,714.652,0.358787160712,751.214,0.379031932542454,673.613,0.386819561574674,756.37,0.402987897629342,879.655,0.41249477145392,1020.896,0.479962291750438,934.325,0.432353703343791,999.8,0.454301734870998,880.89,0.413026252244733,1007.66,0.405554102187431
  Kerosene,,39.58,0.029683070600411,41.45,0.0302065266502456,40.52,0.0230916084912381,0.047,0.0297092288242731,0.04814416,0.0291205798005271,0.05118082,2.52259058765754e-05,56.90795,0.0289553871876431,72.82849,0.0319618613490635,87.872877,0.045324574995441,93.087,0.0467338234961882,117.385,0.0592276813284842,122.637,0.0704238050228148,143.953,0.0766970091720146,199.745,0.0936660032899981,0.257764,0.000121184724174411,202.753,0.093822824406993,224.28,0.101911175331934,165.84,0.0777580329805839,294.77,0.118636427665868
  Fuel Oil,,—,,—,,83.59,0.0476364154437954,—,,—,,—,,—,,—,,—,,—,,—,,—,,—,,—,,—,,—,,—,,—,,—,
  Paraffin,,—,,—,,20.15,0.01148311725317,—,,—,,—,,—,,—,,—,,—,,—,,—,,—,,—,,—,,—,,—,,—,,—,
  Asphalt,,—,,—,,31.4,0.0178942869354609,—,,—,,—,,—,,—,,—,,—,,—,,—,,—,,—,,—,,—,,—,,—,,—,
  Naphtha,,—,,—,,150.48,0.0857558056703234,—,,—,,—,,—,,—,,—,,—,,—,,—,,—,,—,,—,,—,,—,,—,,—,
  Refining & Chemicals,,—,,—,,—,,1.582,1.0,—,,2028.89919,1.0,—,,2278.60603,1.0,—,,—,,—,,—,,—,,—,,—,,—,,—,,—,,—,
    Lubricant,,—,,—,,35.36,0.0201510186636273,—,,0.03070904,0.0185747357502463,35.22192,0.0173601133923268,34.47671,0.0175421270139952,40.28493,0.0176796381075144,—,,—,,—,,—,,—,,—,,—,,—,,—,,—,,—,
    Heavy Oil,,—,,—,,—,,—,,0.05611663,0.033942825091385,75.82932,0.037374611993413,68.22986,0.0347160987886346,71.11178,0.0312084577429122,—,,—,,—,,—,,—,,—,,—,,—,,—,,—,,—,
Total Refining Capacity (mbpd),,—,,—,,—,,2.5801,1.0,—,,—,,—,,—,,—,,—,,—,,—,,—,,—,,—,,—,,—,,—,,—,
  Refining Capacity,,—,,—,,—,,2.5801,1.0,—,,—,,—,,—,,—,,—,,—,,—,,—,,—,,—,,—,,—,,—,,—,
Total Refining Utilization (%),,—,,—,,—,,—,,—,,—,,—,,—,,—,,—,,—,,—,,—,,—,,—,,—,,—,,—,,—,
  Refining Utilization,,—,,95.9,,97.7,,—,,87.7,,91.3,,92,,—,,—,,—,,—,,—,,—,,—,,—,,—,,—,,—,,—,
  Refining and Chemicals,,—,,—,,—,,94.89,,—,,—,,—,,90.1,,—,,86.1,,84.2,,—,,—,,—,,—,,—,,—,,—,,—,
Average Realized Price $/BBL-Oil (Hedged),,—,,—,,—,,—,,—,,—,,—,,—,,—,,—,,—,,—,,—,,—,,—,,—,,—,,—,,—,
  Lubricant,,—,,—,,—,,—,,—,,—,,—,,—,,—,,—,,—,,7424,,7693,,7875,,8047,,6426,,6858,,9149,,8853,
  Gasoline,,—,,—,,—,,—,,—,,—,,—,,—,,—,,—,,—,,5725,,6386,,7024,,6487,,5561,,7018,,8686,,8205,
  Polyethylene,,—,,—,,—,,—,,—,,—,,—,,—,,—,,—,,—,,7981,,8559,,8816,,7443,,6725,,7835,,7807,,7398,
  Diesel,,—,,—,,—,,—,,—,,—,,—,,—,,—,,—,,—,,4127,,4600,,5478,,5286,,4221,,5395,,7861,,7064,
  Polypropylene,,—,,—,,—,,—,,—,,—,,—,,—,,—,,—,,—,,—,,—,,—,,—,,—,,7830,,7488,,6838,
  Kerosene,,—,,—,,—,,—,,—,,—,,—,,—,,—,,—,,—,,2869,,3552,,4534,,4255,,2652,,3661,,6771,,5982,
  Crude Oil,,—,,—,,—,,—,,—,,—,,—,,—,,—,,—,,—,,1881,,2392,,3213,,3162,,2070,,3198,,4645,,4030,
  Natural Gas,,—,,—,,—,,—,,—,,—,,—,,—,,—,,—,,—,,—,,—,,1367,,1313,,1170,,1729,,2684,,2076,
  Heavy Oil,,—,,—,,—,,—,,—,,—,,—,,—,,—,,—,,—,,1892,,2380,,3335,,3249,,—,,—,,—,,—,
Source: Bloomberg,,,,,,,,,,,,,,,,,,,,,,,,,,,,,,,,,,,,,,,
